case,path,role,kind,logical_bytes,allocated_charge_bytes,device,inode,nlink,sha256,link_target
cold-1,.,case-root,directory,128,0,16777229,24458445,4,,
cold-1,shared,shared-dependency-config-or-directory,directory,224,0,16777229,24458446,7,,
cold-1,worker-1,worker-directory,directory,256,0,16777229,24458453,8,,
cold-1,shared/Dep.c,shared-dependency-artifact,file,1295,4096,16777229,24458452,1,66ca17fed155dd6da075784672ab8250100c6aae14a5929e0d71d98933a607ed,
cold-1,shared/Dep.ilean,shared-dependency-artifact,file,289,4096,16777229,24458451,1,ee34578f6077d4f2019dca615b30d0de14340a9d0d36cdb2870f3285adeb00e5,
cold-1,shared/Dep.lean,shared-dependency-source,file,24,4096,16777229,24458447,1,15bbf60d162408dade43c6e618dd0d09b28c8fdeb7528c80e40329908f12b7a2,
cold-1,shared/Dep.olean,shared-dependency-artifact,file,4552,8192,16777229,24458450,1,7ae5507721d0d228cfdb0c2399d6ef858bc918e48376470954b3600e40862cb3,
cold-1,shared/lean-toolchain,shared-dependency-config-or-directory,file,29,4096,16777229,24458448,1,ce4c4e3d87434b9663f46de25ce34b48a0cf0d392e0a320a0787b4674a2d7b61,
cold-1,worker-1/build,worker-private-build-product-or-directory,directory,160,0,16777229,24458464,5,,
cold-1,worker-1/deps,worker-dependency-directory-or-link,directory,224,0,16777229,24458454,7,,
cold-1,worker-1/Proof.lean,worker-generated-source,file,59,4096,16777229,24458460,1,b4b3a8326a51a54f6a8dbbf30e17086e9cfa5aa81023f8b6e24726ba69d38cc5,
cold-1,worker-1/anneal-manifest.json,worker-local-config,file,54,4096,16777229,24458463,1,06130b23395c063032cbf57af540413d3e7afcd3388feac9e57265b1390fa6ed,
cold-1,worker-1/lakefile.toml,worker-local-config,file,39,4096,16777229,24458461,1,931671cc82107797e0f89ca68206b22382d3b996284138023932abab810feec6,
cold-1,worker-1/lean-toolchain,worker-local-config,file,29,4096,16777229,24458462,1,ce4c4e3d87434b9663f46de25ce34b48a0cf0d392e0a320a0787b4674a2d7b61,
cold-1,worker-1/build/Proof.c,worker-private-build-product-or-directory,file,1219,4096,16777229,24458470,1,7f08237d13f5aaf42978d717d3c3ba98663477e28c633fdae7c85900a1339f6f,
cold-1,worker-1/build/Proof.ilean,worker-private-build-product-or-directory,file,322,4096,16777229,24458469,1,f3e2b6b60ded5ed87ff60aaa0a305c9caaca634817a1bd11f50dd8bed4aeef39,
cold-1,worker-1/build/Proof.olean,worker-private-build-product-or-directory,file,4088,4096,16777229,24458468,1,0167443fca001f19617fd0734b02d3f965448348e5a70c02fadc1cf2829d8305,
cold-1,worker-1/deps/Dep.c,worker-dependency-artifact-or-link,file,1295,4096,16777229,24458455,1,66ca17fed155dd6da075784672ab8250100c6aae14a5929e0d71d98933a607ed,
cold-1,worker-1/deps/Dep.ilean,worker-dependency-artifact-or-link,file,289,4096,16777229,24458456,1,ee34578f6077d4f2019dca615b30d0de14340a9d0d36cdb2870f3285adeb00e5,
cold-1,worker-1/deps/Dep.lean,worker-dependency-source-or-link,file,24,4096,16777229,24458457,1,15bbf60d162408dade43c6e618dd0d09b28c8fdeb7528c80e40329908f12b7a2,
cold-1,worker-1/deps/Dep.olean,worker-dependency-artifact-or-link,file,4552,8192,16777229,24458458,1,7ae5507721d0d228cfdb0c2399d6ef858bc918e48376470954b3600e40862cb3,
cold-1,worker-1/deps/lean-toolchain,worker-dependency-directory-or-link,file,29,4096,16777229,24458459,1,ce4c4e3d87434b9663f46de25ce34b48a0cf0d392e0a320a0787b4674a2d7b61,
cold-2,.,case-root,directory,160,0,16777229,24458471,5,,
cold-2,shared,shared-dependency-config-or-directory,directory,224,0,16777229,24458472,7,,
cold-2,worker-1,worker-directory,directory,256,0,16777229,24458480,8,,
cold-2,worker-2,worker-directory,directory,256,0,16777229,24458501,8,,
cold-2,shared/Dep.c,shared-dependency-artifact,file,1295,4096,16777229,24458479,1,66ca17fed155dd6da075784672ab8250100c6aae14a5929e0d71d98933a607ed,
cold-2,shared/Dep.ilean,shared-dependency-artifact,file,289,4096,16777229,24458478,1,ee34578f6077d4f2019dca615b30d0de14340a9d0d36cdb2870f3285adeb00e5,
cold-2,shared/Dep.lean,shared-dependency-source,file,24,4096,16777229,24458473,1,15bbf60d162408dade43c6e618dd0d09b28c8fdeb7528c80e40329908f12b7a2,
cold-2,shared/Dep.olean,shared-dependency-artifact,file,4552,8192,16777229,24458477,1,7ae5507721d0d228cfdb0c2399d6ef858bc918e48376470954b3600e40862cb3,
cold-2,shared/lean-toolchain,shared-dependency-config-or-directory,file,29,4096,16777229,24458474,1,ce4c4e3d87434b9663f46de25ce34b48a0cf0d392e0a320a0787b4674a2d7b61,
cold-2,worker-1/build,worker-private-build-product-or-directory,directory,160,0,16777229,24458491,5,,
cold-2,worker-1/deps,worker-dependency-directory-or-link,directory,224,0,16777229,24458481,7,,
cold-2,worker-1/Proof.lean,worker-generated-source,file,59,4096,16777229,24458487,1,b4b3a8326a51a54f6a8dbbf30e17086e9cfa5aa81023f8b6e24726ba69d38cc5,
cold-2,worker-1/anneal-manifest.json,worker-local-config,file,54,4096,16777229,24458490,1,06130b23395c063032cbf57af540413d3e7afcd3388feac9e57265b1390fa6ed,
cold-2,worker-1/lakefile.toml,worker-local-config,file,39,4096,16777229,24458488,1,931671cc82107797e0f89ca68206b22382d3b996284138023932abab810feec6,
cold-2,worker-1/lean-toolchain,worker-local-config,file,29,4096,16777229,24458489,1,ce4c4e3d87434b9663f46de25ce34b48a0cf0d392e0a320a0787b4674a2d7b61,
cold-2,worker-1/build/Proof.c,worker-private-build-product-or-directory,file,1219,4096,16777229,24458499,1,7f08237d13f5aaf42978d717d3c3ba98663477e28c633fdae7c85900a1339f6f,
cold-2,worker-1/build/Proof.ilean,worker-private-build-product-or-directory,file,322,4096,16777229,24458498,1,f3e2b6b60ded5ed87ff60aaa0a305c9caaca634817a1bd11f50dd8bed4aeef39,
cold-2,worker-1/build/Proof.olean,worker-private-build-product-or-directory,file,4088,4096,16777229,24458497,1,0167443fca001f19617fd0734b02d3f965448348e5a70c02fadc1cf2829d8305,
cold-2,worker-1/deps/Dep.c,worker-dependency-artifact-or-link,file,1295,4096,16777229,24458482,1,66ca17fed155dd6da075784672ab8250100c6aae14a5929e0d71d98933a607ed,
cold-2,worker-1/deps/Dep.ilean,worker-dependency-artifact-or-link,file,289,4096,16777229,24458483,1,ee34578f6077d4f2019dca615b30d0de14340a9d0d36cdb2870f3285adeb00e5,
cold-2,worker-1/deps/Dep.lean,worker-dependency-source-or-link,file,24,4096,16777229,24458484,1,15bbf60d162408dade43c6e618dd0d09b28c8fdeb7528c80e40329908f12b7a2,
cold-2,worker-1/deps/Dep.olean,worker-dependency-artifact-or-link,file,4552,8192,16777229,24458485,1,7ae5507721d0d228cfdb0c2399d6ef858bc918e48376470954b3600e40862cb3,
cold-2,worker-1/deps/lean-toolchain,worker-dependency-directory-or-link,file,29,4096,16777229,24458486,1,ce4c4e3d87434b9663f46de25ce34b48a0cf0d392e0a320a0787b4674a2d7b61,
cold-2,worker-2/build,worker-private-build-product-or-directory,directory,160,0,16777229,24458512,5,,
cold-2,worker-2/deps,worker-dependency-directory-or-link,directory,224,0,16777229,24458502,7,,
cold-2,worker-2/Proof.lean,worker-generated-source,file,59,4096,16777229,24458508,1,b4b3a8326a51a54f6a8dbbf30e17086e9cfa5aa81023f8b6e24726ba69d38cc5,
cold-2,worker-2/anneal-manifest.json,worker-local-config,file,54,4096,16777229,24458511,1,38654eae52e56a8343484c40df3b5323e3cbeef4cad9cbd7259569e869092ca6,
cold-2,worker-2/lakefile.toml,worker-local-config,file,39,4096,16777229,24458509,1,931671cc82107797e0f89ca68206b22382d3b996284138023932abab810feec6,
cold-2,worker-2/lean-toolchain,worker-local-config,file,29,4096,16777229,24458510,1,ce4c4e3d87434b9663f46de25ce34b48a0cf0d392e0a320a0787b4674a2d7b61,
cold-2,worker-2/build/Proof.c,worker-private-build-product-or-directory,file,1219,4096,16777229,24458531,1,7f08237d13f5aaf42978d717d3c3ba98663477e28c633fdae7c85900a1339f6f,
cold-2,worker-2/build/Proof.ilean,worker-private-build-product-or-directory,file,322,4096,16777229,24458530,1,f3e2b6b60ded5ed87ff60aaa0a305c9caaca634817a1bd11f50dd8bed4aeef39,
cold-2,worker-2/build/Proof.olean,worker-private-build-product-or-directory,file,4088,4096,16777229,24458529,1,0167443fca001f19617fd0734b02d3f965448348e5a70c02fadc1cf2829d8305,
cold-2,worker-2/deps/Dep.c,worker-dependency-artifact-or-link,file,1295,4096,16777229,24458503,1,66ca17fed155dd6da075784672ab8250100c6aae14a5929e0d71d98933a607ed,
cold-2,worker-2/deps/Dep.ilean,worker-dependency-artifact-or-link,file,289,4096,16777229,24458504,1,ee34578f6077d4f2019dca615b30d0de14340a9d0d36cdb2870f3285adeb00e5,
cold-2,worker-2/deps/Dep.lean,worker-dependency-source-or-link,file,24,4096,16777229,24458505,1,15bbf60d162408dade43c6e618dd0d09b28c8fdeb7528c80e40329908f12b7a2,
cold-2,worker-2/deps/Dep.olean,worker-dependency-artifact-or-link,file,4552,8192,16777229,24458506,1,7ae5507721d0d228cfdb0c2399d6ef858bc918e48376470954b3600e40862cb3,
cold-2,worker-2/deps/lean-toolchain,worker-dependency-directory-or-link,file,29,4096,16777229,24458507,1,ce4c4e3d87434b9663f46de25ce34b48a0cf0d392e0a320a0787b4674a2d7b61,
warm-1,.,case-root,directory,128,0,16777229,24458532,4,,
warm-1,shared,shared-dependency-config-or-directory,directory,224,0,16777229,24458533,7,,
warm-1,worker-1,worker-directory,directory,256,0,16777229,24458540,8,,
warm-1,shared/Dep.c,shared-dependency-artifact,file,1295,4096,16777229,24458539,1,66ca17fed155dd6da075784672ab8250100c6aae14a5929e0d71d98933a607ed,
warm-1,shared/Dep.ilean,shared-dependency-artifact,file,289,4096,16777229,24458538,1,ee34578f6077d4f2019dca615b30d0de14340a9d0d36cdb2870f3285adeb00e5,
warm-1,shared/Dep.lean,shared-dependency-source,file,24,4096,16777229,24458534,1,15bbf60d162408dade43c6e618dd0d09b28c8fdeb7528c80e40329908f12b7a2,
warm-1,shared/Dep.olean,shared-dependency-artifact,file,4552,8192,16777229,24458537,1,7ae5507721d0d228cfdb0c2399d6ef858bc918e48376470954b3600e40862cb3,
warm-1,shared/lean-toolchain,shared-dependency-config-or-directory,file,29,4096,16777229,24458535,1,ce4c4e3d87434b9663f46de25ce34b48a0cf0d392e0a320a0787b4674a2d7b61,
warm-1,worker-1/build,worker-private-build-product-or-directory,directory,160,0,16777229,24458546,5,,
warm-1,worker-1/deps,worker-dependency-directory-or-link,symlink,83,0,16777229,24458541,1,,/Users/josh/Codex/Meta/Data/20260929-issue-3730-3731/r34-explore/run3/warm-1/shared
warm-1,worker-1/Proof.lean,worker-generated-source,file,59,4096,16777229,24458542,1,b4b3a8326a51a54f6a8dbbf30e17086e9cfa5aa81023f8b6e24726ba69d38cc5,
warm-1,worker-1/anneal-manifest.json,worker-local-config,file,54,4096,16777229,24458545,1,06130b23395c063032cbf57af540413d3e7afcd3388feac9e57265b1390fa6ed,
warm-1,worker-1/lakefile.toml,worker-local-config,file,39,4096,16777229,24458543,1,931671cc82107797e0f89ca68206b22382d3b996284138023932abab810feec6,
warm-1,worker-1/lean-toolchain,worker-local-config,file,29,4096,16777229,24458544,1,ce4c4e3d87434b9663f46de25ce34b48a0cf0d392e0a320a0787b4674a2d7b61,
warm-1,worker-1/build/Proof.c,worker-private-build-product-or-directory,file,1219,4096,16777229,24458549,1,7f08237d13f5aaf42978d717d3c3ba98663477e28c633fdae7c85900a1339f6f,
warm-1,worker-1/build/Proof.ilean,worker-private-build-product-or-directory,file,322,4096,16777229,24458548,1,f3e2b6b60ded5ed87ff60aaa0a305c9caaca634817a1bd11f50dd8bed4aeef39,
warm-1,worker-1/build/Proof.olean,worker-private-build-product-or-directory,file,4088,4096,16777229,24458547,1,0167443fca001f19617fd0734b02d3f965448348e5a70c02fadc1cf2829d8305,
warm-2,.,case-root,directory,160,0,16777229,24458550,5,,
warm-2,shared,shared-dependency-config-or-directory,directory,224,0,16777229,24458551,7,,
warm-2,worker-1,worker-directory,directory,256,0,16777229,24458558,8,,
warm-2,worker-2,worker-directory,directory,256,0,16777229,24458570,8,,
warm-2,shared/Dep.c,shared-dependency-artifact,file,1295,4096,16777229,24458557,1,66ca17fed155dd6da075784672ab8250100c6aae14a5929e0d71d98933a607ed,
warm-2,shared/Dep.ilean,shared-dependency-artifact,file,289,4096,16777229,24458556,1,ee34578f6077d4f2019dca615b30d0de14340a9d0d36cdb2870f3285adeb00e5,
warm-2,shared/Dep.lean,shared-dependency-source,file,24,4096,16777229,24458552,1,15bbf60d162408dade43c6e618dd0d09b28c8fdeb7528c80e40329908f12b7a2,
warm-2,shared/Dep.olean,shared-dependency-artifact,file,4552,8192,16777229,24458555,1,7ae5507721d0d228cfdb0c2399d6ef858bc918e48376470954b3600e40862cb3,
warm-2,shared/lean-toolchain,shared-dependency-config-or-directory,file,29,4096,16777229,24458553,1,ce4c4e3d87434b9663f46de25ce34b48a0cf0d392e0a320a0787b4674a2d7b61,
warm-2,worker-1/build,worker-private-build-product-or-directory,directory,160,0,16777229,24458564,5,,
warm-2,worker-1/deps,worker-dependency-directory-or-link,symlink,83,0,16777229,24458559,1,,/Users/josh/Codex/Meta/Data/20260929-issue-3730-3731/r34-explore/run3/warm-2/shared
warm-2,worker-1/Proof.lean,worker-generated-source,file,59,4096,16777229,24458560,1,b4b3a8326a51a54f6a8dbbf30e17086e9cfa5aa81023f8b6e24726ba69d38cc5,
warm-2,worker-1/anneal-manifest.json,worker-local-config,file,54,4096,16777229,24458563,1,06130b23395c063032cbf57af540413d3e7afcd3388feac9e57265b1390fa6ed,
warm-2,worker-1/lakefile.toml,worker-local-config,file,39,4096,16777229,24458561,1,931671cc82107797e0f89ca68206b22382d3b996284138023932abab810feec6,
warm-2,worker-1/lean-toolchain,worker-local-config,file,29,4096,16777229,24458562,1,ce4c4e3d87434b9663f46de25ce34b48a0cf0d392e0a320a0787b4674a2d7b61,
warm-2,worker-1/build/Proof.c,worker-private-build-product-or-directory,file,1219,4096,16777229,24458567,1,7f08237d13f5aaf42978d717d3c3ba98663477e28c633fdae7c85900a1339f6f,
warm-2,worker-1/build/Proof.ilean,worker-private-build-product-or-directory,file,322,4096,16777229,24458566,1,f3e2b6b60ded5ed87ff60aaa0a305c9caaca634817a1bd11f50dd8bed4aeef39,
warm-2,worker-1/build/Proof.olean,worker-private-build-product-or-directory,file,4088,4096,16777229,24458565,1,0167443fca001f19617fd0734b02d3f965448348e5a70c02fadc1cf2829d8305,
warm-2,worker-2/build,worker-private-build-product-or-directory,directory,160,0,16777229,24458576,5,,
warm-2,worker-2/deps,worker-dependency-directory-or-link,symlink,83,0,16777229,24458571,1,,/Users/josh/Codex/Meta/Data/20260929-issue-3730-3731/r34-explore/run3/warm-2/shared
warm-2,worker-2/Proof.lean,worker-generated-source,file,59,4096,16777229,24458572,1,b4b3a8326a51a54f6a8dbbf30e17086e9cfa5aa81023f8b6e24726ba69d38cc5,
warm-2,worker-2/anneal-manifest.json,worker-local-config,file,54,4096,16777229,24458575,1,38654eae52e56a8343484c40df3b5323e3cbeef4cad9cbd7259569e869092ca6,
warm-2,worker-2/lakefile.toml,worker-local-config,file,39,4096,16777229,24458573,1,931671cc82107797e0f89ca68206b22382d3b996284138023932abab810feec6,
warm-2,worker-2/lean-toolchain,worker-local-config,file,29,4096,16777229,24458574,1,ce4c4e3d87434b9663f46de25ce34b48a0cf0d392e0a320a0787b4674a2d7b61,
warm-2,worker-2/build/Proof.c,worker-private-build-product-or-directory,file,1219,4096,16777229,24458598,1,7f08237d13f5aaf42978d717d3c3ba98663477e28c633fdae7c85900a1339f6f,
warm-2,worker-2/build/Proof.ilean,worker-private-build-product-or-directory,file,322,4096,16777229,24458597,1,f3e2b6b60ded5ed87ff60aaa0a305c9caaca634817a1bd11f50dd8bed4aeef39,
warm-2,worker-2/build/Proof.olean,worker-private-build-product-or-directory,file,4088,4096,16777229,24458596,1,0167443fca001f19617fd0734b02d3f965448348e5a70c02fadc1cf2829d8305,
hardlink-1,.,case-root,directory,128,0,16777229,24458599,4,,
hardlink-1,shared,shared-dependency-config-or-directory,directory,224,0,16777229,24458600,7,,
hardlink-1,worker-1,worker-directory,directory,256,0,16777229,24458607,8,,
hardlink-1,shared/Dep.c,shared-dependency-artifact,file,1295,4096,16777229,24458606,2,66ca17fed155dd6da075784672ab8250100c6aae14a5929e0d71d98933a607ed,
hardlink-1,shared/Dep.ilean,shared-dependency-artifact,file,289,4096,16777229,24458605,2,ee34578f6077d4f2019dca615b30d0de14340a9d0d36cdb2870f3285adeb00e5,
hardlink-1,shared/Dep.lean,shared-dependency-source,file,24,4096,16777229,24458601,2,15bbf60d162408dade43c6e618dd0d09b28c8fdeb7528c80e40329908f12b7a2,
hardlink-1,shared/Dep.olean,shared-dependency-artifact,file,4552,8192,16777229,24458604,2,7ae5507721d0d228cfdb0c2399d6ef858bc918e48376470954b3600e40862cb3,
hardlink-1,shared/lean-toolchain,shared-dependency-config-or-directory,file,29,4096,16777229,24458602,2,ce4c4e3d87434b9663f46de25ce34b48a0cf0d392e0a320a0787b4674a2d7b61,
hardlink-1,worker-1/build,worker-private-build-product-or-directory,directory,160,0,16777229,24458623,5,,
hardlink-1,worker-1/deps,worker-dependency-directory-or-link,directory,224,0,16777229,24458608,7,,
hardlink-1,worker-1/Proof.lean,worker-generated-source,file,59,4096,16777229,24458619,1,b4b3a8326a51a54f6a8dbbf30e17086e9cfa5aa81023f8b6e24726ba69d38cc5,
hardlink-1,worker-1/anneal-manifest.json,worker-local-config,file,54,4096,16777229,24458622,1,06130b23395c063032cbf57af540413d3e7afcd3388feac9e57265b1390fa6ed,
hardlink-1,worker-1/lakefile.toml,worker-local-config,file,39,4096,16777229,24458620,1,931671cc82107797e0f89ca68206b22382d3b996284138023932abab810feec6,
hardlink-1,worker-1/lean-toolchain,worker-local-config,file,29,4096,16777229,24458621,1,ce4c4e3d87434b9663f46de25ce34b48a0cf0d392e0a320a0787b4674a2d7b61,
hardlink-1,worker-1/build/Proof.c,worker-private-build-product-or-directory,file,1219,4096,16777229,24458627,1,7f08237d13f5aaf42978d717d3c3ba98663477e28c633fdae7c85900a1339f6f,
hardlink-1,worker-1/build/Proof.ilean,worker-private-build-product-or-directory,file,322,4096,16777229,24458626,1,f3e2b6b60ded5ed87ff60aaa0a305c9caaca634817a1bd11f50dd8bed4aeef39,
hardlink-1,worker-1/build/Proof.olean,worker-private-build-product-or-directory,file,4088,4096,16777229,24458625,1,0167443fca001f19617fd0734b02d3f965448348e5a70c02fadc1cf2829d8305,
hardlink-1,worker-1/deps/Dep.c,worker-dependency-artifact-or-link,file,1295,4096,16777229,24458606,2,66ca17fed155dd6da075784672ab8250100c6aae14a5929e0d71d98933a607ed,
hardlink-1,worker-1/deps/Dep.ilean,worker-dependency-artifact-or-link,file,289,4096,16777229,24458605,2,ee34578f6077d4f2019dca615b30d0de14340a9d0d36cdb2870f3285adeb00e5,
hardlink-1,worker-1/deps/Dep.lean,worker-dependency-source-or-link,file,24,4096,16777229,24458601,2,15bbf60d162408dade43c6e618dd0d09b28c8fdeb7528c80e40329908f12b7a2,
hardlink-1,worker-1/deps/Dep.olean,worker-dependency-artifact-or-link,file,4552,8192,16777229,24458604,2,7ae5507721d0d228cfdb0c2399d6ef858bc918e48376470954b3600e40862cb3,
hardlink-1,worker-1/deps/lean-toolchain,worker-dependency-directory-or-link,file,29,4096,16777229,24458602,2,ce4c4e3d87434b9663f46de25ce34b48a0cf0d392e0a320a0787b4674a2d7b61,
clone-1,.,case-root,directory,128,0,16777229,24458628,4,,
clone-1,shared,shared-dependency-config-or-directory,directory,224,0,16777229,24458629,7,,
clone-1,worker-1,worker-directory,directory,256,0,16777229,24458636,8,,
clone-1,shared/Dep.c,shared-dependency-artifact,file,1295,4096,16777229,24458635,1,66ca17fed155dd6da075784672ab8250100c6aae14a5929e0d71d98933a607ed,
clone-1,shared/Dep.ilean,shared-dependency-artifact,file,289,4096,16777229,24458634,1,ee34578f6077d4f2019dca615b30d0de14340a9d0d36cdb2870f3285adeb00e5,
clone-1,shared/Dep.lean,shared-dependency-source,file,24,4096,16777229,24458630,1,15bbf60d162408dade43c6e618dd0d09b28c8fdeb7528c80e40329908f12b7a2,
clone-1,shared/Dep.olean,shared-dependency-artifact,file,4552,8192,16777229,24458633,1,7ae5507721d0d228cfdb0c2399d6ef858bc918e48376470954b3600e40862cb3,
clone-1,shared/lean-toolchain,shared-dependency-config-or-directory,file,29,4096,16777229,24458631,1,ce4c4e3d87434b9663f46de25ce34b48a0cf0d392e0a320a0787b4674a2d7b61,
clone-1,worker-1/build,worker-private-build-product-or-directory,directory,160,0,16777229,24458647,5,,
clone-1,worker-1/deps,worker-dependency-directory-or-link,directory,224,0,16777229,24458637,7,,
clone-1,worker-1/Proof.lean,worker-generated-source,file,59,4096,16777229,24458643,1,b4b3a8326a51a54f6a8dbbf30e17086e9cfa5aa81023f8b6e24726ba69d38cc5,
clone-1,worker-1/anneal-manifest.json,worker-local-config,file,54,4096,16777229,24458646,1,06130b23395c063032cbf57af540413d3e7afcd3388feac9e57265b1390fa6ed,
clone-1,worker-1/lakefile.toml,worker-local-config,file,39,4096,16777229,24458644,1,931671cc82107797e0f89ca68206b22382d3b996284138023932abab810feec6,
clone-1,worker-1/lean-toolchain,worker-local-config,file,29,4096,16777229,24458645,1,ce4c4e3d87434b9663f46de25ce34b48a0cf0d392e0a320a0787b4674a2d7b61,
clone-1,worker-1/build/Proof.c,worker-private-build-product-or-directory,file,1219,4096,16777229,24458651,1,7f08237d13f5aaf42978d717d3c3ba98663477e28c633fdae7c85900a1339f6f,
clone-1,worker-1/build/Proof.ilean,worker-private-build-product-or-directory,file,322,4096,16777229,24458650,1,f3e2b6b60ded5ed87ff60aaa0a305c9caaca634817a1bd11f50dd8bed4aeef39,
clone-1,worker-1/build/Proof.olean,worker-private-build-product-or-directory,file,4088,4096,16777229,24458649,1,0167443fca001f19617fd0734b02d3f965448348e5a70c02fadc1cf2829d8305,
clone-1,worker-1/deps/Dep.c,worker-dependency-artifact-or-link,file,1295,4096,16777229,24458638,1,66ca17fed155dd6da075784672ab8250100c6aae14a5929e0d71d98933a607ed,
clone-1,worker-1/deps/Dep.ilean,worker-dependency-artifact-or-link,file,289,4096,16777229,24458639,1,ee34578f6077d4f2019dca615b30d0de14340a9d0d36cdb2870f3285adeb00e5,
clone-1,worker-1/deps/Dep.lean,worker-dependency-source-or-link,file,24,4096,16777229,24458640,1,15bbf60d162408dade43c6e618dd0d09b28c8fdeb7528c80e40329908f12b7a2,
clone-1,worker-1/deps/Dep.olean,worker-dependency-artifact-or-link,file,4552,8192,16777229,24458641,1,7ae5507721d0d228cfdb0c2399d6ef858bc918e48376470954b3600e40862cb3,
clone-1,worker-1/deps/lean-toolchain,worker-dependency-directory-or-link,file,29,4096,16777229,24458642,1,ce4c4e3d87434b9663f46de25ce34b48a0cf0d392e0a320a0787b4674a2d7b61,
