id,existing_corpus_scope,host_scope,remaining_delta,prior_v14_evidence,v15_new_evidence
I033,Direct unsaved-file and workspace isolation reports; prior document-context run lacks cross-launch URI/setup-file matrix.,Cached Lean/Lake 4.30.0-rc2 and disposable Lake project. ,Real Anneal projection/editor and supported setup path.,anneal-3730-lean-uri-history-import-boundaries-2026-09-29,No distinct new cached-only probe after corpus review.
H01,Prior projection models and direct file URI controls.,Same cached Lean server.,Stable product URI and source-owner routing.,anneal-3730-lean-uri-history-import-boundaries-2026-09-29,No distinct new cached-only probe after corpus review.
H02,Prior setup-file and unsaved-import controls separately.,Same cached Lake and Lean.,Product strategy for custom URI versus physical setup-file.,anneal-3730-lean-uri-history-import-boundaries-2026-09-29,No distinct new cached-only probe after corpus review.
H03,Existing editor/MCP shadow-authority fixture modeled divergence and recovery.,No existing Rust editor host or Anneal projection in checkout.,Actual editor-owned shadow authority and recovery.,No distinct local probe; product gate.,No distinct new cached-only probe after corpus review.
H04,"Prior synthetic hidden-document lifecycle, without Lake URI import matrix.",Same cached Lean/Lake.,Real editor/Anneal hidden-document cleanup.,anneal-3730-lean-uri-history-import-boundaries-2026-09-29,No distinct new cached-only probe after corpus review.
I047,"Old-version wait, RPC lifetime and small retention economics reports; no close/reopen/fresh old-source comparison.",Cached direct Lean server.,"Exact-revision broker, expiry/restart and comparable storage/latency cost across equivalent operations.",anneal-3730-lean-uri-history-import-boundaries-2026-09-29,anneal-3730-eight-proof-live-stale-oracle-fanout-2026-09-29; four direct/Lake two-worker old/fresh waves
A05,Synthetic retention tiers and small direct-Lean resource reports.,Cached Lean server; tiny replay feasible.,Historical source+import reconstruction under product policy and equivalent-workload economics.,anneal-3730-lean-uri-history-import-boundaries-2026-09-29,anneal-3730-eight-proof-live-stale-oracle-fanout-2026-09-29; resident-old versus fresh-new imported generation
A06,Old-version wait and separate-transport protocol races.,Cached Lean server; tiny version sequence feasible.,Latest-at-start/completion/exact-revision API semantics and expiry.,anneal-3730-lean-uri-history-import-boundaries-2026-09-29,No distinct new cached-only probe after corpus review.
I056,V1 graph/source analysis and imported-context refresh probes; no joined proof/statement/helper/model batch matrix.,Cached Lean/Lake; no Anneal V2 producer.,"Actual generated graph, full dependency-class ablation in live workers and sound Anneal invalidation policy.",anneal-3730-lean-uri-history-import-boundaries-2026-09-29,anneal-3730-eight-proof-live-stale-oracle-fanout-2026-09-29; eight-proof direct/Lake old-worker stale oracle
C10,"Existing one-model import/worker experiments, no bounded eight-proof stale-oracle fanout.",Cached Lean/Lake and eight tiny proof files.,"Eight simultaneous workers, representative Anneal proof scale, scheduling and memory economics.",anneal-3730-lean-uri-history-import-boundaries-2026-09-29,anneal-3730-eight-proof-live-stale-oracle-fanout-2026-09-29; four two-proof waves with fresh oracle
I090,"Lake prepared contract, identity matrix and key/family probes; assigned-name/index collisions not yet executed.",Cached Lake 4.30.0-rc2; synthetic physical path dependency.,Complete multi-identity read-only prep key and actual archive across broader graph/version/platform and simultaneous consumers.,anneal-3730-lake-consumer-identity-observability-2026-09-29,"anneal-3730-lake-frozen-index-collision-2026-09-29; frozen index-1 match succeeds, shifted-index fails, thawed shifted rewrites config state"
F01,"Prepared-state source/spec and tiny setup probes, no executed name/index collision lower bound.",Cached Lake; synthetic producer only.,Actual prepared archive schema and operation-specific server/plugin consumers; one frozen identity is insufficient.,anneal-3730-lake-consumer-identity-observability-2026-09-29,"anneal-3730-lake-frozen-index-collision-2026-09-29; frozen index-1 match succeeds, shifted-index fails, thawed shifted rewrites config state"
F02,Read-only relocation/offline fixture and separate real-archive inventory report.,No built Anneal omnibus archive in scoped inventory.,Actual archive first-goal and producer-removal run.,No distinct local probe; existing archive gate.,No distinct new cached-only probe after corpus review.
F03,4.31 Lake source review and cached 4.29/4.30 comparisons.,No compatible later-than-4.30 Lake binary cached.,Run same ownership/reuse matrix with identified 4.31+ tuple.,No execution; later-toolchain gate.,No distinct new cached-only probe after corpus review.
F04,Existing real-archive missing-manifest availability report already ran synthetic negative.,No built Anneal omnibus archive in scoped inventory.,Actual archive missing-manifest control.,No distinct local probe; existing archive gate.,No distinct new cached-only probe after corpus review.
F05,"Prior identity matrices cover key families, not assigned-name/index collision.",Cached Lake 4.30.0-rc2; synthetic graph.,Broader assigned-name/version/platform/tool/used-option collisions and full product identity.,anneal-3730-lake-consumer-identity-observability-2026-09-29,"anneal-3730-lake-frozen-index-collision-2026-09-29; frozen index-1 match succeeds, shifted-index fails, thawed shifted rewrites config state"
I095,Prior trace/hash/replay reports; no positive process-child witness or no-build net-write control together.,Cached Lake and user-level ps; fs_usage requires root.,Syscall reads/transient writes and prepared-scale parallelism.,anneal-3730-lake-consumer-identity-observability-2026-09-29,No distinct new cached-only probe after corpus review.
F10,Prior cache reuse traces did not distinguish historical logged Lean command from actual child.,Cached Lake and user-level ps.,Permitted syscall trace and actual archive cache-hit provenance.,anneal-3730-lake-consumer-identity-observability-2026-09-29,No distinct new cached-only probe after corpus review.
I036,"v14 wrapper/prefix marker sequence already varied proof, definition, option, namespace and import edits; other cancellation reports cover generic Lean cancel.",Cached direct Lean; bounded cancellation during one prefix-changing edit is executable.,"Disentangle explicit cancel from superseding edit, then test actual generated wrappers/large imports/product invalidation.",,"anneal-3730-prefix-edit-cancellation-v4-30-0-rc2; deterministic gate, versioned supersession/cancel and marker ledger"
I037,v14 wrapper controls local instance/macro/autoImplicit plus older namespace/section/notation matrix.,Cached direct Lean; actual Anneal annotation transform absent.,"Rust subject mapping, actual wrapper/source-map and proposition attestation.",,in progress review
I043,v14 valid nested tactic grid and older flat partial-elaboration grid.,Cached Lean LSP and batch; unsaved nested error/recovery control is executable.,"Rich RPC, macro-expanded/generated proof positions, source map and Anneal adapter.",,anneal-3730-nested-unsaved-recovery-grid-v4-30-0-rc2; four same-URI versions with 28 positions and batch error/recovery oracles
