package,report_md_sha256,report_json_sha256,checker_sha256
anneal-3730-annotation-gap-probes-2026-09-29,709a92deea84df1eeaa487da549fcbb0dfa54c84d3e7ff8962aa96479acdb0c7,f474b2d33197bb53b2b20948369863d1a52b107270f4be23ddf410af4b982b24,
anneal-3730-annotation-subject-boundary-matrix-2026-09-29,583d625357e0ac6f8e4b5fc0d92de715b065a1ab63b5534a67f33c7fcd0caf71,cd2d0ca352b9fc05b4e571cdffee45f200e77cf3dd4a0b7724186cd2d4753784,4bc4625d763b738528d62b0219ddf34d34303229900aa5e47faaed6a17ee9a56
anneal-3730-architecture-contracts-2026-09-29,e6b24d6a92f946e5eca41611d3565987e61c49675dd777ef5b8148fab51bef0a,1714adfae161128dad683f195cfe5a85d759393ee2e85e064451821910cab12c,
anneal-3730-charon-scaling-subject-closure-2026-09-29,52fa29692fcff5971d027b77f8cc9f46b4a13a457ced733b60a7b47074200f7e,82f23ded76bd23a075931fdc584c89837c06be463c5f45f20399e53f3f8d8517,
anneal-3730-charon-subject-identity-2026-09-29,1a24038e1a6ea34bcac9dc0e044046f036050d92fbe648a455de5600941268df,e81d50840fb01a306e0fb41f5145564d130464a240280205e3ea21e300b0720f,
anneal-3730-cross-tool-provenance-2026-09-29,7c1b01926e0251de7834020deb2d48c7e82594517f5441a4fae1896a77f5e097,9b2cfd8a2c59f0e449d82d890e82816c1cb9988ebc1099803fd1fe2f27ae50d1,
anneal-3730-document-context-v4-30-0-rc2,c8ea3715266d7d712605aa6447031dac4b391e4d1a09817042a45d1d6efa212d,1507cce9095b13d10a0ab7fd19b225598ad3702ab8dba513ff257f734426fe1b,
anneal-3730-eight-proof-live-stale-oracle-fanout-2026-09-29,e474bfbbb26066f9d258b7392a7c667cb0cd9fb60da47bb85b3e459513d0d332,9de763841dec94501516ff4194014dbb37d27d813d04c61124e55e59d65fc310,2ae2f3d50dc16a09edea0ac31042da8225871929680895b578736a298b7a20db
anneal-3730-external-model-without-codegen-change-2026-09-29,48c4b0bd0acf6e7237e2e43b2aebf5e73e22731c8e5799ca5aa9f2c89c8c5388,f25a63b7e9921b798a17135318d5ff529e80da006c7c53cd01b833b5ed384f03,bf0cbe24eea97f9a91b280a4c434e6c6fa02a12e3ab7a57ab1dc6d7fa5a8dfba
anneal-3730-f15-final-versus-moved-lake-2026-09-29,9957032d3700393999ad8d875efa41c0c09dca615e4952675134fdad1a727707,ad6edab8161e690e8854c073e7f26eea5cc4e41428339d4d48fdb7ae771fdaed,97eb428286de9e54e7573486a7f080e45f9b8493f1e5246f391bf3d0c6afddf1
anneal-3730-fault-model-2026-09-29,c0e9296c6bbcc8b2ff021f0c6be3001266cbe38ec0456fbf4c02a46b32499041,ca166be36a05aa43e6115ece7a81428ba30ee27ffc4aa93a738fcca4e1150252,
anneal-3730-five-original-packages-rereview-2026-09-29,ccfbbb96c14c3a68ee29ddee6e9b64919db669a6186d4e4383b2dd4600b6fcf6,d721e4324558720c4d6f5f633f33c714a58b0d846302c6d6f00c7b621165a8a0,1e78e0bc6ec4be80c1f43134c28a955bbd3fa94174a1aeb5bcfa8702d0279fd9
anneal-3730-generation-recovery-2026-09-29,5761cd810ba4f84751bb5cd9c4fc0c06926dec87bb694ac2003d332520879da3,eedc765b5a373e023697b2c0fc8ea9a677c7037b587fd5e9657b924448dceef8,
anneal-3730-h08-project-switch-router-v4-30-0-rc2,33e7f2e46b08f9de781516a66690f1e8e0c8bfc2cd205ee5eac8f00f1c8bc1af,85b96040ae771512f195af19db8d5fd7b929e339b3ee83cf64cad3df0240fbdc,f8330181495fe689b6a47f3eecf5836c738a1dbd10e54014790c8689b1bf19b1
anneal-3730-h09-lsp-to-upstream-cancellation-boundaries-2026-09-29,ca2e010de57691949eba571a13f33f08f0a700b97ab4f46d21ea13a5be36174a,08d54eac64aa75fe651e8225bb012e109de6b6e9d75aedbe822ada4f1790d591,3abdb8c99a464e3e6d84a8c30180df83f9af17508e74a64f56c9a693383d050a
anneal-3730-identity-state-mutation-model-2026-09-29,e87b400faf50528ba988419907b559cf335e28b9f37955eda88b84a38d70d31b,3bce424cd8d54a453232d48389c7e68d39f5fba4d68dee90ef73e472a2465bf5,54aa3601eca5afb6550466efb368d0f4b67267c6cee948618f5b01f67b388a28
anneal-3730-imported-instance-notation-worker-split-v4-30-0-rc2,3a49034d110a9702791b0de66315eae446dbaefec84bad4039eafc82420659bf,ae9b068bc65f134c07b79db3b0a51f0928bf1266cefadf88ed9b7230e5b1e31c,aee1a1ab961eba15835e59a3faf6a5973a3dabed1b2dbf34fbea978825c2c9c2
anneal-3730-lake-plugin-artifact-identity-v4-30-0-rc2,d1bb5b697b3754ac26b027b85f7c43fdb2177d851a300a83a79afbcb0de63047,9cf95bc9b6b0cf2519f5e5075cc19cb4dd9157cdb7a2bcd08fe752f95dcbd140,
anneal-3730-large-tree-coherent-capture-2026-09-29,e8701eb7ca13f14d159e051f3ed86f66183c337f19cedd2bdf9a91b374f0a93e,138bdd1982879c9c0815bc0777a80f67afb921973ec36d05768fadf933cf9e09,088d73669563fc6b98be0ee39c6da674e4e073e270b1955bd7bc5eb742065ea9
anneal-3730-last-good-model-after-rust-failure-2026-09-29,080f5da732d7f2fb7fb11d54e4639cafb2b94b4c04c8de32cb42a2d87e183391,8e9699f39092f3e68cd20b99db83355c7291b0dd7c3aa230b550b518fe4d61a4,f9caa9844942d2374b76e692ff7a0647c7b4175d788d2aa85505f0b8b2155244
anneal-3730-last-good-model-signature-recovery-2026-09-29,bf0b4e9718f2f47091b6dda1250d9416e0ae62b593f4b4fbe05fcecb563da484,8e9699f39092f3e68cd20b99db83355c7291b0dd7c3aa230b550b518fe4d61a4,852f74a41a7506e3a96096d14d7e056bd34b7ed0080b1a57f14551137e8def4d
anneal-3730-lean-artifact-layouts-v4-30-0-rc2,df1f30c4226e348d0df0d65902d84aba2d8df2116728d090185ad0faa63797d4,3a26f5da2886f2a19d39ad766a43e1670923d7b4132a255bc9270520a5def084,
anneal-3730-lean-launch-refresh-matrix-v4-30-0-rc2,d605f66dd1b245f777ecaf704e239f32fbf88973c8a4fbe2beb280771f1bb178,3d1c3fbf2aa26ad5965c56d8eeaa35d7033c232a20e24895322a99361f16f0b1,
anneal-3730-lean-lsp-multifile-actions-hints-2026-09-29,0d93efc83cf2193a028773ff149a0fb7e67a3376050fe6d95fd3223ced7cc330,76728a0a5b3698da52a86227fdce2e34663906e31dfbd016edb6cb6d078106b3,
anneal-3730-lean-lsp-navigation-edit-operations-2026-09-29,25fa4793edbfd4a31e8356df51fbac2d3b826b7e54a794d60442331c09579d47,84a91f65429f9f4eb83fd80bd32c22ecef87ff4bbe50de33f9a61cdc56635a7e,
anneal-3730-lean-lsp-projection-code-actions-2026-09-29,395ad6305ab3043927ac5538cb252b03c94866eef3571fc8668d476a9930b71f,fc7041cd4e7462c6d632c0325a6319e9c39cc7e8b50484278c947c7442bbd40e,
anneal-3730-lean-multiminute-restart-resource-soak-2026-09-29,632e32e04f4599c295cea5bfb8327787197ef4cfbb518d92b2a5d1f4af344b35,d660f81e4c05051b6928c8da7c6c9205ffa22ed3b292a1d52b6f905e01f148d4,d790f7d2b868c35d07698915c4971ff6cdf4e1c390979ba0b05dc6b3631192e5
anneal-3730-lean-protocol-import-deletion-v4-30-0-rc2,54d3b2cbb5003c200a04b0936af27fc8c62072847c4405bf7cdb986544990b7b,8fcf491b22c8a3ecbcf0bbe748409b21abde6c1b8e60d56073e4c0743e931957,
anneal-3730-lean-protocol-races-v4-30-0-rc2,a62580cbc900f4b76e587062ffb209720bdb5bcae4a2d5af12930df7635cdd7d,da42d82b5c305fc939ffb571ac3b7266fdee93269e995028638b380533cdc87e,
anneal-3730-lean-rpc-lifetimes-v4-30-0-rc2,21dd4915bfdc3173ff81b035cff4f9a089c24b3833f8a904bfdcb1166b327707,6323cdcffa15d5c7c06b8381b1838b7d66e3f1cdc843241d3b7c70fc3480cec8,
anneal-3730-lean-server-soak-context-rpc-2026-09-29,df16ba9296c1d30e2cac0ba03af23a26a2924c643331e6ce500e82df28894c63,d660f81e4c05051b6928c8da7c6c9205ffa22ed3b292a1d52b6f905e01f148d4,be554c194b64020791c1817b6a8d947a3abbea3b6de18bffccb65227d99cc844
anneal-3730-lean-transitive-import-rpc-matrix-2026-09-29,0bff5986f511faf4fec14941f14f92957082e96f935c08dae93228aabd8a485f,c6f50de7ae9015c532f5a9e5380e0d5130b4eb3e54d3989047aa9d32fac88c59,6939b8470ff994c69b729c21aa8f96aa26bc582eaab60c5651143a12e91e5f66
anneal-3730-lean-uri-history-import-boundaries-2026-09-29,aa8e6cfb698fb81fbbd5951a6f0578acf8fc45c5b640b7abadabf64c0bd764b7,ba05ca183af0f7b1856b99d39d83528c18794343d1980346825be6b141eb8729,2a42c1e86d98fc741a2a7a1f5f0f63eeb602829e5110f3ee8e724240082fabf7
anneal-3730-lean-wrapper-context-prefix-reuse-v4-30-0-rc2,ba9facb55c1a1556a390ac92ee47f5f0ec5304ccf0116ddfaa43cf46b0d64f20,6413d8d59615fbace086d2b2a5f1bafb26d424b6e3c1933940fd4888c8cade7c,2bd3cdce1605cdf1d6bed366807a796d467bba621fe802b13236c7d397627058
anneal-3730-live-proof-import-state-2026-09-29,d0f3514bea19a22aaa15584a50ecfdca3a43cde269d2f796f09b66f179e11ce5,fb5e20b7dd615cbcadba5017620a2f02dc973b297de468779dacd984eb7ecc05,
anneal-3730-macro-tactic-position-recovery-v4-30-0-rc2,28915ecddd395b230fcd43fdf0dc5e78299d884976fe41e5722ed488c2856990,769525aff4acc87b79935a83ccae491aaaf93d7e9ab7179eff88d377f97576cc,3850e55cc2f883f3ae2c247ebd87452885ba3771e7c5cb2beec6d74081898142
anneal-3730-nested-tactic-position-grid-v4-30-0-rc2,13a8e0d8bc6ef7f990c71015f3a335d6883e355c5d4ea862b1760f9b5d2d5775,31ab6f5e33de49c93b439a432e0c3d1738273597de08d88bf356e2b4870bae14,bbda4288a526498aa84db407b9c17a44f52d3a41f855a0d26f1b0c532d52181b
anneal-3730-nested-unsaved-recovery-grid-v4-30-0-rc2,8b44f99a97f9b4206bd9544134cd0d9f2b35963d3486ef8f36ae61515f921865,c5d6e4dc42e3af3c6cfe51c4fc5b99992eda5c71d014d3f44def8e23492c1b5f,912befc05ef8ccda21b73084275b34909f0b1d4a3208e383fae3158627105079
anneal-3730-partial-elaboration-queries-v4-30-0-rc2,6a50fb62a855b2f65caa776c44cd5b19baa7b14e08564e1ae74a3b1cd8d2772f,468f69b56d11175d4070303b30c478b8c5c016d4239522a83eefb2661a28f21a,
anneal-3730-prefix-edit-cancellation-v4-30-0-rc2,51087ed5bc9909bba29c475b30c26cda7bb9107b0401cd2e775c7f8b987c74b0,dee34ddac4c857472ec2930336f687bf18d21e77704dd91ab7f41a5cec58e83d,f21c9500fae2ab19ad69e776353d25a7360e748c742ec71a2d1774bf6bc80eeb
anneal-3730-projection-macro-doccomment-patch-matrix-2026-09-29,680dd697271a094027a6b4b95c2cd0086447a5b6866c01b031f2d10edaa800bb,9f2b160e1db45b458b04aa9a87a06023a3d9fe0a3ec66c63de7b9a4c5bc2012d,
anneal-3730-projection-properties-2026-09-29,92b9bb757965de104878dbda6f1d8bcc8913500a616dbb162e1b6232d48e40d4,4eff0363142e824aef8ba0abadc32237b41f30c1cb1533552a88c176d99ec9f1,
anneal-3730-projection-provenance-2026-09-29,77308837d5f6d6fac3ac64eb8dbe2ad2dd7148794bf1157120db11b5b8943f87,5f82cdcf7b6a36ed73cf0bbbd11c1c79c32a82646ef2f26684f8cc2bcbffe5ac,
anneal-3730-rpc-idle-expiry-v4-30-0-rc2,74b62c10b50b41c6c30b7ac27e5e1b00e7c3d5fc5f82bf2f38d094f3d59078cb,0286aad05f6058d984ee3102c333d64ba99d657a069969d703efb4bc716fcbc1,b51a604e988bde99f280e7f1bc23d0b9c3b468e4114e2dbd168664fee4e05085
anneal-3730-rust-input-snapshot-2026-09-29,f82b3f9037b2f05dc546d54f80085186e66a862e017b42324c81c708a574f1f1,954c802c89810a8875aa487eefc5e53e9c9d04bd57111eaaf4539eba7b25a813,
anneal-3730-saved-vs-private-rust-overlay-2026-09-29,1ea994320953319878a33251e471fb62f9263fdb369b3fd7162e22dcca071f6a,0127cf9edd611d125fd1f8aa403d0db7511aaf0c8c2a17b2b15bb6de82adb871,
anneal-3730-scratch-tactic-concurrency-crash-2026-09-29,480cd37f8e2e2863c3c6110b7f9d3d4017f38f6ac6f49c6a2a622c63b0454995,9a77566f295b77ffc4286f62844389cebad39ccddb2abc26e8709afa74a5b530,
anneal-3730-server-topology-v4-30-0-rc2,69dc3ae07431936ac3c02a0db9d805cba7bda1f38d7f7dee23121728a530a564,a86fc17bce56adbbc13f341a1482735d404335cd5407a4eacac6d20d4cdb9866,
anneal-3730-shared-cargo-consumer-ownership-2026-09-29,21dab7ce5f3cc0a38e7525ba5200bca3a55c2cad70765acb7f6640e102753851,8300c2181592b38edc3f4565f696e11c9847b99e15403635236cf651e3f3bb86,373bb28a4f533edea29428e345b286fa00df9e9f11f1c6019dcd032b872e9a17
anneal-3730-shared-generator-batch-live-sinks-2026-09-29,476f60b4d2ec835386f5331fe2846fe5d01cba055dde6c05a708c842967ac840,8b1ff153174c07eb6b624648acbd0cff0a6368480c5d929c093e3471bb5e45b7,96ede1d21681f2e54ddf621e929a1c5e28bdca642511816142415610e4330916
anneal-3730-snapshot-capture-jobs-2026-09-29,1822e364cf154734907230cb07f53cf9d7ee7b384d88a985d9771470c12a8ee0,9fb25bed97bc5c1fae516fb8f271fa0a2a5ed48937305eb792f6b27f46598b1e,
anneal-3730-source-owned-projection-diagnostic-matrix-2026-09-29,49f4eed6067973aa1884bdd0696d4eab64f64897554b67fc6b5b30801de874d6,57dc5ec464b7041d675b4e56acbc1f8d3443feb5bd3720bef87cca8575ae868c,
anneal-3730-upstream-api-projection-precedents-2026-09-29,80b8c9b9699a9b4a63d9d0491f2398cabb66839cf7310811ead613a9df56f5fe,f0f14dbb06f452288935b79b8925d30c37fc12c8f13b79d2312dd36151ee395d,
anneal-3730-vertical-acceptance-v4-30-0-rc2,8ec34505ae7c3bad9f9840788a6d17ddf60293e2b5060f54e033336833acf409,b29422b70877ffe3473df4e7ad973ce1fe588d7c00f9ab5e9a3a9ed5d41dd6a9,
anneal-3731-embedded-proof-generated-model-vertical-v4-30-0-rc2,469f9820f25127577148f614a54821a0c247c036881278aa85f831f2193b9cf6,d1058e9cfdcd4f733ccd938da14c8e2b8ec2831bd707eb220f8dce83ee20729c,d446e184fa814189b00fe9785fef53e9f0fee463183c4d9949c47e0a67019722
anneal-3731-i001-i053-residual-reaudit-2026-09-29,0a135d80d61cafbb12b1becfed3689b3c47965ed38083cdd8edc051db7bc90a5,6b0b145ef7e6774fe941461bffbfd098065467c6b714d72a64ad528e3fbbea80,282ad1bb294726d7ae6ec303404c0a357cd2fe2ee601d87cff2ad510161ba90f
anneal-3731-real-generation-publication-v4-30-0-rc2,c99fdcf0ee509cd868039070f264cce3f97629ead090b73ccbfc320ff5b36097,7d205c595f026b8ba10d1be3ba9f349eabeb93ffa57389b16afca56489eaffae,b9fc1a6bb8a06c3db299df3a00193efeeb122c447a8531b91df5050beb43b0bc
anneal-interactive-pipeline-invalidation-graph-main-41f5b37,8e89118498fb3ec2d63e537adc347fbb7d0e198d5d6b56a084fc6e649d562161,e2c2c6137991217bf8accf03cca7cd5d1754bdbb6fa670a39986fbe4a6553f18,
anneal-synthesized-scaffolding-diagnostic-provenance-main-41f5b37,50e36cab55b90117f716f3acdf256fadd2fdd843fda71364be0b8160c8d46796,c58ac8fb93bd87af3e323cbf325472ab107f970a41f29dd55f5e5652d8059ce0,
anneal-v1-annotation-diagnostics-history-2026-09-27,7e814d9cec59e33a9fa40f62f91b649ed467b92c3e82902049f9702d999925f5,76e701b9e8e7be2ddda7376deb85bbf9b1f860ca35db23c38e40ea585d534941,
anneal-v1-interactive-dependency-invalidation-2026-09-28,fefafe0043a3a6beb2426587112e54830c9983b8dbb8175aa22c4b81f530999a,462c13e05e7b31f940bdc9d1e8eaaecede586f40963e968f56a832fcbeb7f4b7,
anneal-v2-current-source-surface-main-bd0956b-2026-09-29,8277543f99c36f099158038dbee22f1300d47e5cb067e2163625376106edc6f2,ebe8d135aafcd0a193bb826cb343e37bd0d43f5940d3ae6d84a19da46a4f824a,
cargo-rust-charon-anneal-coverage-matrix-2026-09-28,c0e5052c8fefc2ecc6be309d4abc463a201c2cc67c8769aef85be1c714a27002,a2e0a49e9cebb2c1cc66a111addff6a5f50aef3895c088aa5d55e5d302d9c5e6,
lean-generated-file-interactive-workflows-v4-30-0-rc2,2a9cf00d94aabab6bc203d05bbd5ce0f3820323f36ea4d915dff8c71203e63c5,07b82665f4cb2b7361eccb275b4039f6b51cfbf9f16358bc67dc2271b86c64ce,
lean-lsp-old-version-wait-race-v4-30-0-rc2,937ac615b9242772da83901279ba93089f8c9a95417c720af24e237993b70caf,1971347053772ee391ea5df5257dbc23659b0dd27139b25473961b88e10f8f03,
lean-server-concurrency-experiment-v4-30-0-rc2,075ed4546d91053da2a6db2dc2fa8273e7ff266e7ee038149ed0a1849f04c8f7,75cb982abf5eb6cea5375d9945840936c5ca1684e9e9e92d90a05e14d607d265,
lean-server-multi-workspace-isolation-v4-30-0-rc2,ab4fdd29c8b765d85c96ce53178c2e9cd5603815d2bd10a9be84f082b0b54a0c,c65ed81db1fadca2c457873b0b2384bc2898886e13968eeb30843fa6d2853f0b,
lean-server-tactic-state-v4-30-0-rc2,c0497bb1a4ddace18d41c60dd3c875db2fbf1f0bbd1c1c8a36d1bd85261c3680,173b5563cc2cf19b76ce7f193d1fc30c978e9b457a72596c09be3e8844709f2b,
lsp-proof-assistant-architecture-2026-09-27,336b92f85e2e1536f16d6118e92a8bce04ba387f073ff00bd07365c872aca066,d20cfc2ac341a0aa7d939fff2e06f7a7aec0f694524702d12aea9095c3267eb9,
rust-source-span-provenance-nightly-2026-05-31,6a0f2c3e75aa27d40393241db76b6db4cbf6f46044ad4b0b1346643f7322c222,975861126f619db353c5b58c899506b03391d3df94a69b2f142f28801ed86f1a,
