id,title,exact_requested_scope,v23_status,postpublication_status,evidence_assessment,remaining_gate,next_prerequisite,v23_review_package,cached_only_decision
I001,Minimal cross-mode contract,"Specify what batch and live modes must agree on: source subject, obligations, imported environment, assumptions, and accepted claims. Construct cases where diagnostics, proof terms, or timings differ legitimately. Determine which equivalence is necessary without requiring byte-identical incidental artifacts.",partial,partial,The proposed semantic witness distinguishes accepted claims/imports from incidental diagnostics and timing. Agreement for the same actual Rust/Charon/Aeneas subject across Anneal batch and live paths awaits those paths.,The existing architecture-contract and vertical-acceptance packages already specify semantic witnesses and allowable incidental differences; proving complete same-subject agreement requires actual Anneal batch/live subjects.,"Implemented Anneal V2 pipeline, archive or service with the item's stated integration contract.",anneal-3731-i001-i053-residual-reaudit-2026-09-29,no further distinct bounded local cell found
I002,Shared compiler core versus separate analysis engine,"Compare pinned Lean, TypeScript, Roslyn, clangd, and rust-analyzer boundaries, including where editor approximations diverge from compilation. Identify which APIs genuinely share semantics and which require a fresh compiler oracle; assess what each precedent supports for Anneal.",partial,partial,"Pinned compiler/editor architecture and Lean API boundaries are compared. Matched editor and fresh compiler results across Rust extraction, projection, and Lean remain absent; product adapter gate.","Direct Lean live/fresh-batch comparisons exist, but the requested editor-versus-fresh-compiler comparison must include matched Rust/Charon/Aeneas inputs and editor projection.","Implemented Anneal V2 pipeline, archive or service with the item's stated integration contract.",anneal-3731-i001-i053-residual-reaudit-2026-09-29,no further distinct bounded local cell found
I003,Embedded-language precedents,"Examine representative Razor, Volar, or similar projection systems for virtual document identity, generated spans, completion edits, and multiple language servers. Reproduce a small ambiguous mapping or cross-language edit. Separate reusable mechanisms from assumptions that fail for proof contexts or compiled imports.",partial,partial,"Pinned Volar edit paths and an adversarial source-map model expose ambiguous/cross-segment edits. A real two-service embedded client and its applied edits are uncached; external-client gate. The issue asks for a representative reproduction, so the model is useful but cannot establish client behavior.",Pinned Volar source and an invented mapping model cannot exercise a real Volar/Razor embedded client with two services and edits; the client and its dependencies are not cached in this checkout.,"An independent host, later compatible release or remote environment as the item requires.",anneal-3731-i001-i053-residual-reaudit-2026-09-29,no further distinct bounded local cell found
I004,"One-shot, per-project, and shared-service topologies","Compare a fresh process per operation, persistent project workers, and an optional shared broker on identical fixtures. Measure isolation, startup, reconstruction, and coordination costs. Determine when the simplest one-shot design is adequate and what a daemon would actually save.",partial,partial,Nine identical toy requests and a two-project Lean router compare process and isolation mechanisms. Real combined-stage one-shot/project/broker economics under bounded representative concurrency await an integrated workload and resource headroom.,"Toy topology, cached stage upgrade and two direct Lean servers do not make one matched combined-stage Anneal workload; physical resource economics additionally need bounded representative concurrency.","Implemented Anneal V2 pipeline, archive or service with the item's stated integration contract. Guarded representative workload and sufficient measured RAM/disk/headroom; this host has 8 GiB physical RAM.",anneal-3731-i001-i053-residual-reaudit-2026-09-29,no further distinct bounded local cell found
I005,Snapshot engine versus a versioned job scheduler,"Implement minimal competing orchestration models with fake backends before choosing an incremental database. Replay identical edits, cancellations, and dependency changes. Identify the smallest model that prevents mixed or stale acceptance, and the workload that would justify a richer engine.",partial,partial,"The earlier finite/fake-stage schedules lacked a matched two-model comparison. The retained matched replay now covers identical proof/source/model/import edits, completion order, and cancellation for snapshot and versioned-scheduler models. Each fenced model preserves latest selection in 48 valid edit schedules and a surviving subscriber in 2 cancellation orders; an unfenced control selects stale A in 12/48 orders. These are abstract fake backends, not Anneal product behavior.","Actual Anneal dependency graph, repeated workloads, and real stage costs remain. The fake-backend comparison does not choose an architecture.","Implemented Anneal V2 pipeline, archive or service with the item's stated integration contract.",anneal-3731-i001-i053-residual-reaudit-2026-09-29,executed: matched finite fake-backend comparison (support/i005-results.json)
I006,Stage API and error boundaries,"Prototype structured requests/results for Charon, Aeneas, and Lean, separating semantic inputs from CLI output, process policy, and artifact storage. Inject failures, progress events, and stdout/stderr contamination. Test whether batch and live adapters can use the same contract without backend-specific state leaking upward.",partial,partial,"JSON request echo and separate logs demonstrate a fake subprocess boundary. Real Charon, Aeneas, and Lean request/result/error/progress contracts shared by batch/live adapters remain untested; integrated adapter gate.",The fake structured subprocess adapter does not supply real Charon/Aeneas/Lean stage contracts shared by Anneal batch and live shells.,"Implemented Anneal V2 pipeline, archive or service with the item's stated integration contract.",anneal-3731-i001-i053-residual-reaudit-2026-09-29,no further distinct bounded local cell found
I007,"Cancellation, reuse, and ownership contracts","Specify separately who owns work, who can cancel it, who can consume its result, and when cached work may be reused. Model two clients sharing a job. Look for cases where cancelling one request incorrectly kills another or permits an obsolete result to publish.",partial,partial,"A shared real Cargo job and toy consumers establish that one cancellation need not kill the other. Ownership/reuse across Charon, Aeneas, Lean, LSP, and MCP and late publication await orchestration.",The real shared Cargo build and two toy consumers already cover a local ownership slice; cross-stage publication and independent LSP/MCP clients require Anneal orchestration.,"Implemented Anneal V2 pipeline, archive or service with the item's stated integration contract.",anneal-3731-i001-i053-residual-reaudit-2026-09-29,no further distinct bounded local cell found
I008,Minimal upstream changes,"Identify missing observable identities, reset operations, overlay hooks, and source spans at exact upstream pins. Compare adapters with small upstream API proposals and coarse fallback behavior. Distinguish requirements for correctness from optional latency improvements; preserve a viable path without upstream changes where one exists.",partial,partial,Pinned call sites and adapter/patch decision table identify likely upstream hooks and conservative fallbacks. No common measured adapter-versus-patch acceptance oracle or implemented patch exists; product/upstream gate.,"Pinned call-site analysis identifies candidates, but a fair adapter-versus-upstream-patch comparison needs both implementations and a common Anneal acceptance oracle.","Implemented Anneal V2 pipeline, archive or service with the item's stated integration contract. An upstream API/patch implementation or measured equivalent trusted adapter.",anneal-3731-i001-i053-residual-reaudit-2026-09-29,no further distinct bounded local cell found
I009,Input closure of one verification subject,"Enumerate actual source, manifest, lockfile, feature, target, environment, generated-file, model, and toolchain inputs. Perturb each while holding filenames fixed. Identify omitted dependencies that change extracted code, obligations, or proof interpretation and distinguish declared inputs from untracked external effects.",partial,partial,"Feature, build-script environment, and included bytes change Charon LLBC with fixed main source. A complete consumed production key including target/profile/dependencies/model/options remains undefined; product gate.","R36 already probes a bounded Cargo/Charon closure. A complete production key across cfg, target, profile, dependencies, models, and options must be defined and consumed by Anneal.","Implemented Anneal V2 pipeline, archive or service with the item's stated integration contract.",anneal-3731-i001-i053-residual-reaudit-2026-09-29,no further distinct bounded local cell found
I010,Capturing a coherent live filesystem,"Compare immutable materialization with read-and-revalidate capture while files change. Include renames, symlinks, generated outputs, and large trees. Preserve a witness of which bytes were read; test whether validation can accept a mixed snapshot and what assumptions prevent that.",partial,partial,"The 256-source capture records rename, symlink, generated-output, and mutable-generation controls. New ABA double-collect evidence in the cited I001-I053 review shows that even two identical full scans can accept an impossible mixed A/B pair unless selection is fenced. A coherent arbitrary live-tree capture protocol and full closure still require an owner/epoch or protected snapshot.","A 256-source capture covered renames, symlink retargeting and mutable output; a new two-full-collection ABA schedule accepted an impossible mixed A/B pair when selection was unfenced. Coherent arbitrary live-tree capture still needs an immutable selection, owner epoch or protected snapshot and complete dependency closure.","Implemented Anneal V2 pipeline, archive or service with the item's stated integration contract.",anneal-3731-i001-i053-residual-reaudit-2026-09-29,no further distinct bounded local cell found
I011,"Clocks, generations, and ABA changes","Distinguish document versions, workspace revisions, model generations, and process epochs. Exercise content A→B→A, close/reopen with reset versions, workspace recreation, and reused request IDs. Determine which identities prevent an old result from masquerading as a current one without needlessly disabling content-based reuse.",partial,partial,"Finite alias, version-reset, and content ABA counterexamples exist; the new pointer ABA is a filesystem analog. Actual Anneal document/workspace/model/worker/request identities through restart remain untested; product gate.","Finite identity/alias/version-reset controls and the new two-full-collection filesystem ABA schedule exist. Actual Anneal document, workspace, model, worker and request identities through restart and publication remain untested.","Implemented Anneal V2 pipeline, archive or service with the item's stated integration contract.",anneal-3731-i001-i053-residual-reaudit-2026-09-29,no further distinct bounded local cell found
I012,Disk versus open-buffer ownership,"Exercise open, change, save, external overwrite, close, rename, delete, and reopen. Determine when disk or client text is authoritative and how conflicts surface. Include a buffer that remains open after its file disappears; avoid silently replacing unsaved text with a disk reread.",partial,partial,"Saved versus private Rust inputs are compared. Open-buffer authority across save, external overwrite, disappearance, rename, and reopen needs an editor host; product gate.","Saved/private-source controls do not establish editor buffer ownership over save, external overwrite, rename, deletion, and reopen; no Anneal editor authority host is present.","Implemented Anneal V2 pipeline, archive or service with the item's stated integration contract.",anneal-3731-i001-i053-residual-reaudit-2026-09-29,no further distinct bounded local cell found
I013,Coherent multi-document changes,"Change a proof and its helper, or two Rust modules, as one logical operation while queries run. Compare atomic workspace edits with ordered individual updates. Establish whether intermediate states are queryable, provisional, or rejected, and how a batch invocation selects the same intended snapshot.",partial,partial,Two-writer finite CAS prevents one abstract lost update. Concurrent queries during an atomic proof/helper or two-module change and matching batch snapshot need real workspace documents; product gate.,The finite two-writer CAS model lacks real generated proof/helper documents and concurrent queries in an Anneal workspace.,"Implemented Anneal V2 pipeline, archive or service with the item's stated integration contract.",anneal-3731-i001-i053-residual-reaudit-2026-09-29,no further distinct bounded local cell found
I014,Multiple writers to one workspace,"Race an editor, MCP agent, generator, and external filesystem tool. Compare exclusive document ownership, compare-and-swap edits, and explicit forks. Test conflict detection and lost-update prevention without assuming that all clients share one transport or obey one editor's version counter.",partial,partial,"Two candidate Lean writers give one CAS winner. The four independent writer classes, fork semantics, and transport-independent lost-update policy await an Anneal owner; product gate.",Two local Lean-backed candidate writers already gave one CAS winner; four-writer ownership/fork/lost-update policy across stages and hosts belongs to Anneal.,"Implemented Anneal V2 pipeline, archive or service with the item's stated integration contract.",anneal-3731-i001-i053-residual-reaudit-2026-09-29,no further distinct bounded local cell found
I015,Subset freshness and conservative invalidation,"Change unrelated files while a proof query runs. Compare global-revision rejection with dependency-scoped acceptance, including dependencies discovered during processing. Determine whether narrower freshness checks are sound and useful; retain coarse invalidation as the baseline rather than assuming finer reuse is necessary.",partial,partial,One stale saved/private-source mismatch is rejected. Sound dependency-scoped acceptance versus global invalidation needs a discovered dependency graph and clean oracle; product gate.,R36 rejects one stale saved-key/private-source mismatch; dependency-scoped invalidation versus a clean oracle needs an Anneal dependency graph and selected generations.,"Implemented Anneal V2 pipeline, archive or service with the item's stated integration contract.",anneal-3731-i001-i053-residual-reaudit-2026-09-29,no further distinct bounded local cell found
I016,Reconstruction after Anneal restart,"Recreate a workspace from disk, a retained snapshot, or reconnected client buffers after losing all orchestration memory. Verify subject identity, unsaved edits, imports, and outstanding-result classification. Determine the minimum retained state and what must instead expire or require the client to resend text.",partial,partial,Saved Lean restart and symbolic identity controls exist. Reconnection with unsaved editor buffers and outstanding-result classification after an Anneal restart is missing; product gate.,The existing model and saved Lean restart do not reconstruct an Anneal workspace with unsaved reconnecting editor buffers.,"Implemented Anneal V2 pipeline, archive or service with the item's stated integration contract.",anneal-3731-i001-i053-residual-reaudit-2026-09-29,no further distinct bounded local cell found
I017,Tolerant annotation discovery during typing,"Compare candidate comment, attribute, or delimited encodings under incomplete Rust, unfinished Lean, missing delimiters, and temporarily malformed nesting. Determine which regions can still be located safely without compiling Rust, and when the editor must preserve text but suspend semantic attachment.",partial,partial,Invented markers survive selected malformed Rust while compiler attachment fails. No chosen Anneal annotation grammar/parser is available for unfinished Rust/Lean and nesting cases; product gate.,Invented markers and real compiler specimens cannot test an Anneal annotation grammar/parser through unfinished Rust and Lean; that implementation is absent.,"Implemented Anneal V2 pipeline, archive or service with the item's stated integration contract.",anneal-3731-i001-i053-residual-reaudit-2026-09-29,no further distinct bounded local cell found
I018,A justified proof-only edit classifier,"Test edits to purported Lean-only regions with macros that inspect attributes/comments, source inclusion, and build-time readers. Determine the assumptions under which Rust semantics and extraction inputs really remain unchanged. Record unknown cases that require re-extraction rather than declaring every comment edit harmless.",partial,partial,A build-script/include counterexample disproves unconditional comment-only skipping. A sound classifier needs actual annotation syntax and complete Cargo closure; product gate.,The Cargo comment-read counterexample already rejects a broad text-only skip; a sound proof-only classifier must be implemented against Anneal annotation semantics and complete Cargo closure.,"Implemented Anneal V2 pipeline, archive or service with the item's stated integration contract.",anneal-3731-i001-i053-residual-reaudit-2026-09-29,no further distinct bounded local cell found
I019,Compiler-backed annotation attachment,"Exercise conditional compilation, expanded and generated items, aliases, trait defaults, local items, and repeated names. Relate the authored annotation to the actual extracted declaration. Require explicit ambiguity or missing-subject outcomes when a source-level locator cannot establish that correspondence.",partial,partial,"Charon span and marker ambiguities are measured. Authoritative annotation-to-item attachment across cfg, traits, locals, and generated items needs the parser and selected compiler subject; product gate.","Charon spans and marker ambiguity do not attach real Anneal annotations to compiler items across cfg, trait, local, and generated cases.","Implemented Anneal V2 pipeline, archive or service with the item's stated integration contract.",anneal-3731-i001-i053-residual-reaudit-2026-09-29,no further distinct bounded local cell found
I020,"One source file, several compilation subjects","Open a file shared by library, tests, binaries, feature sets, or target triples whose generated models differ. Determine how a proof query selects its subject and how mismatches are exposed. Test whether stable annotation identity can remain separate from subject-specific proof context.",partial,partial,Default/feature/test and wrong-unit controls distinguish subjects; current V2 enumeration is not CLI-connected. A complete selected compilation-unit key plus Charon invocation and proof/model mismatch rejection remain; product gate.,"The bounded default/feature/test and wrong-unit fixtures remain; V2 has unconnected target enumeration, but needs a complete compilation-unit key, selected Charon invocation, and cross-stage model/proof rejection.","Implemented Anneal V2 pipeline, archive or service with the item's stated integration contract.",anneal-3731-i001-i053-residual-reaudit-2026-09-29,no further distinct bounded local cell found
I021,Annotation identity across structural edits,"Move, duplicate, split, reorder, and delete annotated items while requests are outstanding. Compare range-, syntax-, compiler-, and explicit-ID-based identity schemes. Detect erroneous reassignment of a completed proof to a different obligation; preserve deliberate duplication without assuming names or offsets are globally unique.",partial,partial,"Marker moves and alias counterexamples exist. In-flight proof ownership across move, duplicate, split, reorder, and delete needs live annotation identities; product gate.",Marker and finite alias controls do not give a real annotation identity lifecycle during pending Anneal queries.,"Implemented Anneal V2 pipeline, archive or service with the item's stated integration contract.",anneal-3731-i001-i053-residual-reaudit-2026-09-29,no further distinct bounded local cell found
I022,Multiple annotations and shared helpers,"Test declarations, specifications, proofs, imports, namespace commands, and helper lemmas distributed across annotations. Examine ordering, visibility, name collisions, and recursive dependencies. Determine which layouts preserve the authored meaning and which create unwanted dependencies between otherwise independent proofs.",partial,partial,"A five-marker illustrative helper fixture exposes ordering and collision questions. Actual parsed annotations, generated visibility, and recursive dependency policy remain; product gate.",The five-marker helper fixture is invented; actual Anneal parser/scaffolding and collision policy must be exercised.,"Implemented Anneal V2 pipeline, archive or service with the item's stated integration contract.",anneal-3731-i001-i053-residual-reaudit-2026-09-29,no further distinct bounded local cell found
I023,Editing against an unavailable or broken Rust model,"Introduce a Rust syntax error, unsupported extraction, or changed function signature while continuing a Lean proof. Compare stopping interaction with explicitly using the last prepared model. Test whether users and agents understand the model's age and avoid treating provisional feedback as current verification.",partial,partial,"A real Charon-failing intermediate generation leaves a previous Lean model usable with explicit stale labeling in a disposable prototype. UI/agent comprehension, signature changes, and Anneal last-good scheduling remain; product and consenting-human gate.","A disposable integrated prototype now retains an actual Charon-failing intermediate Rust generation and labels old Lean goals stale for the current host; actual Anneal last-good selection, UI/agent comprehension and unsaved multi-subject scheduling remain untested.","A frozen interface/protocol and consenting independent participants or operators. Implemented Anneal V2 pipeline, archive or service with the item's stated integration contract.",anneal-3731-i001-i053-residual-reaudit-2026-09-29,no further distinct bounded local cell found
I024,Preserving authored source through regeneration,"Regenerate after Rust edits while Lean annotations contain unsaved changes, custom formatting, and unsupported-but-preserved text. Confirm that canonical user text is not reconstructed from LLBC or generated Lean. Test ownership rules for external proof/model files and explicit overrides without choosing a mandatory storage layout.",partial,partial,"Comment markers survive one regeneration fixture. Unsaved authored proof bytes, unsupported text, external ownership, and override behavior through actual regeneration remain; product/editor gate.",Comment-marker preservation does not protect unsaved authored proof text through real Anneal regeneration and external editor actions.,"Implemented Anneal V2 pipeline, archive or service with the item's stated integration contract.",anneal-3731-i001-i053-residual-reaudit-2026-09-29,no further distinct bounded local cell found
I025,Coordinate conversion property suite,"Generate source containing supplementary characters, combining marks, tabs, CRLF, empty lines, and boundary positions. Round-trip byte, scalar, and negotiated LSP coordinates where invertible. Treat lossy display-width coordinates and invalid boundaries explicitly; retain original bytes rather than silently normalizing Unicode.",partial,partial,"Unicode/CRLF boundaries and real tool coordinates have component controls. Byte/scalar/negotiated LSP round trips through an Anneal Rust-hosted map, including invalid boundaries, remain; product gate.","Real compiler/Lean coordinates were measured, but byte/UTF-16/scalar negotiation through a Rust-hosted Anneal source map is absent.","Implemented Anneal V2 pipeline, archive or service with the item's stated integration contract.",anneal-3731-i001-i053-residual-reaudit-2026-09-29,no further distinct bounded local cell found
I026,Piecewise projection invertibility,"Test stripping prefixes/indentation, escaping delimiters, and inserting scaffolding. Establish which Lean ranges map exactly to authored Rust ranges, including zero-width insertions. Reject edits crossing synthetic gaps or multiple source segments unless a deliberate transformation can preserve the surrounding source.",partial,partial,"Illustrative inverse maps reject synthetic/cross-segment edits. Actual Anneal prefix removal, escaping, scaffolding, and zero-width ownership remain; product gate.","Invented doc-comment inversion cannot certify Anneal annotation stripping, escaping, scaffolding, or cross-segment edit refusal.","Implemented Anneal V2 pipeline, archive or service with the item's stated integration contract.",anneal-3731-i001-i053-residual-reaudit-2026-09-29,no further distinct bounded local cell found
I027,One-to-many and many-to-one provenance,"Generate several obligations from one annotation and combine several annotations in one Lean declaration. Test query routing, related diagnostics, and edit ambiguity. Distinguish selecting a proof context from choosing an editable origin; an attribution anchor must not authorize replacement of unrelated Rust text.",partial,partial,Copied-payload attribution demonstrates navigation/edit ambiguity. An authenticated one-to-many/many-to-one obligation map and routed diagnostics/edits await a generator; product gate.,The copied payload map and compiler specimens lack an authenticated production one-to-many/many-to-one Anneal provenance map.,"Implemented Anneal V2 pipeline, archive or service with the item's stated integration contract.",anneal-3731-i001-i053-residual-reaudit-2026-09-29,no further distinct bounded local cell found
I028,One generator for batch and live text,"Materialize and stream the same projection through separate sinks, including incomplete proofs and changed imports. Compare text, module context, source maps, and elaborated declarations. Detect accidental differences from newline handling, temporary filenames, omitted scaffolding, or a second editor-only code path.",partial,partial,"One captured Rust comment is projected to equal live/batch Lean bytes in a disposable prototype; a separate shared-sink model covers more plans. Production shared generation, import edits, source-map/declaration equality, and actual syntax remain; product gate.","The disposable prototype projects one Rust comment into live Lean and rechecks exact captured bytes in batch over prepared imports. Shared production batch/live generator with separate materialized/stream sinks, import edits, source-map/declaration equality and actual Anneal syntax remains untested.","Implemented Anneal V2 pipeline, archive or service with the item's stated integration contract.",anneal-3731-i001-i053-residual-reaudit-2026-09-29,no further distinct bounded local cell found
I029,Revision-safe projected patches,"Obtain a Lean edit, then change the Rust document before applying it. Check both expected source bytes and projection identity, including edits elsewhere that shift ranges. Test atomic application and conflict reporting; a plausible re-mapped position must not silently overwrite a different proof.",partial,partial,Stale host/version/model CAS and shift/multi-range controls reject bad patches. Atomic editor WorkspaceEdit and cross-file concurrent commit need Anneal ownership; product gate.,"The prototype rejects stale host/version/model proof edits by CAS, supplementing prior host-shift and multi-range model controls. Real atomic editor WorkspaceEdit, cross-file commit and concurrent client ordering remain untested.","Implemented Anneal V2 pipeline, archive or service with the item's stated integration contract.",anneal-3731-i001-i053-residual-reaudit-2026-09-29,no further distinct bounded local cell found
I030,Completion and code-action edits beyond the cursor,"Exercise snippets, additional text edits, new imports, qualified-name fixes, and edits spanning generated/user regions. Determine which operations can be projected back safely and which need a specialized Anneal action. Preserve snippet placeholders and reject unsupported transformations rather than partially applying them.",partial,partial,Direct Lean import action and completion responses are retained. Snippet/additional/multifile edits across generated regions need server-authored Rust-hosted projection and atomic rejection; product gate.,Direct Lean versioned import action and client-selected completion are covered; server-authored edits through Rust-hosted Anneal ownership/version rules remain.,"Implemented Anneal V2 pipeline, archive or service with the item's stated integration contract.",anneal-3731-i001-i053-residual-reaudit-2026-09-29,no further distinct bounded local cell found
I031,Diagnostics and provenance fidelity,"Produce errors in copied proof text, generated scaffolding, generated models, and external imports. Preserve the original Lean location plus the exact or approximate Rust explanation. Test range quality, related information, absent source, and responsibility selection without making a synthetic error look user-authored.",partial,partial,"Rustc, Charon, Aeneas, and Lean raw diagnostic specimens distinguish error origins. Mapping exact/approximate ranges and responsibility through one authenticated Anneal map remains; product gate.",Raw rustc/Charon/Aeneas/Lean diagnostic specimens exist; routing them through an actual Anneal source/ownership map remains unimplemented.,"Implemented Anneal V2 pipeline, archive or service with the item's stated integration contract.",anneal-3731-i001-i053-residual-reaudit-2026-09-29,no further distinct bounded local cell found
I032,Mapping stability and cost during edit streams,Fuzz insertion/deletion around annotation boundaries and measure full versus incremental projection updates. Validate maps against regenerated ground truth after every edit. Determine whether incremental mapping complexity earns enough latency improvement to justify its additional invalidation and correctness burden.,partial,partial,Invented incremental projector checks regenerated ground truth and cost. Useful-scale fuzz/latency on the real grammar and incremental map remains; product gate.,The 80-step invented projector benchmark is already a local control; useful-size fuzzing requires the real annotation grammar and incremental map.,"Implemented Anneal V2 pipeline, archive or service with the item's stated integration contract.",anneal-3731-i001-i053-residual-reaudit-2026-09-29,no further distinct bounded local cell found
I033,Virtual URI and file-backed document compatibility,"Test custom schemes, file URIs for nonexistent files, untitled buffers, and stable on-disk shells under supported Lean launch modes. Exercise import resolution and `setup-file`. Establish the minimum physical project structure needed for unsaved projected text and ordinary proof queries.",partial,partial,"Direct/Lake Lean servers exercise file, custom, and untitled unsaved URIs; setup-file exposes a physical path requirement. Anneal URI ownership and editor lifecycle remain; product gate.",Direct and Lake servers already accepted file/custom/untitled unsaved buffers and exposed setup-file physical-path need; actual Anneal URI and editor lifecycle are missing.,"Implemented Anneal V2 pipeline, archive or service with the item's stated integration contract.",anneal-3731-i001-i053-residual-reaudit-2026-09-29,no further distinct bounded local cell found
I034,Stable document identity versus generation paths,"Compare stable logical documents with remapped generated imports, generation-specific physical paths, and close/reopen publication. Measure incremental reuse and verify module identity after each transition. Determine whether a stable URI can safely survive environment changes or should deliberately acquire a new worker.",partial,partial,"Same-URI history, separate old URI, close/reopen, and fresh server are tested. Safe stable identity across Anneal generation changes still needs a routing/worker policy; product gate.","The URI-history package already exercises same-URI edits, separate old URI, close/reopen, and fresh server. Generation-path policy during Anneal regeneration is a product routing decision; another tiny URI test would duplicate these component behaviors.","Implemented Anneal V2 pipeline, archive or service with the item's stated integration contract.",anneal-3731-i001-i053-residual-reaudit-2026-09-29,no further distinct bounded local cell found
I035,"Per-annotation, per-file, and per-artifact layouts","Use identical proofs with shared helpers and different model sizes under each layout. Measure worker count, import cost, incremental reuse, and failure isolation. Record semantic restrictions imposed by splitting; fewer files or smaller modules is not automatically the cheaper or more expressive option.",partial,partial,"Three Lean/Lake layouts compare identical small proofs, worker counts, rebuilds, and failure isolation. Real annotation grouping with representative imports/options/plugins is needed for product choice.",The bounded three-layout Lean/Lake comparison was executed. Product choice needs real embedded annotation grouping and representative imports/options/plugins.,"Implemented Anneal V2 pipeline, archive or service with the item's stated integration contract.",anneal-3731-i001-i053-residual-reaudit-2026-09-29,no further distinct bounded local cell found
I036,Prefix reuse under generated-context changes,"Change early imports, namespaces, options, generated declarations, and late proof tactics separately. Observe Lean's actual elaboration reuse and cancellation. Identify which generation strategies preserve useful prefixes and which merely keep filenames stable while forcing complete re-elaboration.",partial,partial,Direct Lean prefix edits and cancellation show one real reuse boundary. Generated wrapper changes and Anneal invalidation costs await a generated workspace; product gate.,"The pinned direct Lean prefix-cancellation gate covers one local race; Anneal generated wrappers and product invalidation are absent, and another tiny cancellation schedule would not settle them.","Implemented Anneal V2 pipeline, archive or service with the item's stated integration contract.",anneal-3731-i001-i053-residual-reaudit-2026-09-29,no further distinct bounded local cell found
I037,Context fidelity of wrappers and scaffolding,"Compare direct Lean with projected annotations under namespaces, sections, variables, local instances, notation, macros, and options. Inspect elaborated proposition and dependencies, not only successful checking. Find wrapper transformations that accidentally capture names or change the statement being proved.",partial,partial,"Lean local instance, macro, and autoImplicit controls show context sensitivity. Real Rust-to-Lean wrappers and proposition/dependency attestation remain; product gate.","Real Lean local-instance/macro/autoImplicit controls exist; context fidelity requires Anneal wrapper generation, Rust mapping, and manifest attestation.","Implemented Anneal V2 pipeline, archive or service with the item's stated integration contract.",anneal-3731-i001-i053-residual-reaudit-2026-09-29,no further distinct bounded local cell found
I038,Open documents that import other unsaved documents,"Keep both producer and proof open, change only the producer buffer, and compare server behavior with compiled-disk imports. Determine whether simultaneous unsaved cross-module semantics are supported, require materialization, or need explicit restrictions; do not assume all open buffers form one live import environment.",partial,partial,Direct Lean distinguishes an open unsaved producer from its compiled import. Anneal's supported two-open-document materialization/import contract remains; product gate.,Direct Lean already distinguishes unsaved A from compiled A. A supported two-open-proof import/materialization contract requires Anneal.,"Implemented Anneal V2 pipeline, archive or service with the item's stated integration contract.",anneal-3731-i001-i053-residual-reaudit-2026-09-29,no further distinct bounded local cell found
I039,Dependency cycles and generated declaration order,"Construct cross-annotation helper dependencies, generated specifications referencing models, and mutually dependent proof modules. Compare legal grouping and explicit cycle rejection. Determine which graph belongs to generation, compilation, or proof checking and avoid hiding cycles through stale compiled modules.",partial,partial,Direct mutual import fails. Legal generated annotation grouping and cycle rejection in the proof dependency graph remain; product gate.,Direct mutual-import failure is observed; legal annotation grouping and explicit cycle policy need a generated Anneal proof graph.,"Implemented Anneal V2 pipeline, archive or service with the item's stated integration contract.",anneal-3731-i001-i053-residual-reaudit-2026-09-29,no further distinct bounded local cell found
I040,Scratch proof forks preserve full context,"Clone a projected document for tactic experiments, varying module identity, options, imports, and surrounding commands. Compare results with applying the candidate to the real proof. Detect experiments that work only because the scratch context or pre-elaborated prefix differs from the intended document.",partial,partial,"A missing-import scratch negative control shows context loss. An authoritative fork replaying exact module, options, imports, and prefix awaits Anneal generation; product gate.","The empty-LEAN_PATH negative control is covered; a scratch fork needs an authoritative Anneal generation to preserve/replay module identity, options, and surrounding commands.","Implemented Anneal V2 pipeline, archive or service with the item's stated integration contract.",anneal-3731-i001-i053-residual-reaudit-2026-09-29,no further distinct bounded local cell found
I041,Exact-version goal query protocol,"Compare serialized document access, client-side version fences, snapshot-specific documents, and any upstream version-aware operations. Introduce actual concurrent edits before, during, and after readiness waits and goal requests. Determine which protocol can justify the returned version rather than merely label an unversioned response.",partial,partial,Old-version wait and duplicate-ID races demonstrate that response version labels are insufficient. Exact source/import envelopes and client fences need an Anneal broker; product gate.,Direct Lean races and duplicate request-ID schedules expose the hazard; exact source/import response envelopes and client fences must be built in Anneal.,"Implemented Anneal V2 pipeline, archive or service with the item's stated integration contract.",anneal-3731-i001-i053-residual-reaudit-2026-09-29,no further distinct bounded local cell found
I042,Readiness is not a single boolean,"Delay parsing, imports, elaboration, asynchronous tasks, diagnostics, and tactic information separately. Test available wait operations and progress notifications. Distinguish ready-at-position, whole-file completion, imports-out-of-date, and permanent failure, including files whose diagnostics are temporarily empty.",partial,partial,"Wait `{}`, empty diagnostics, missing import, and local goals separate readiness signals. A causal parse/import/elaboration/async readiness protocol remains; product gate.","Direct wait/diagnostic failure controls exist; causal parse/import/elaboration/async readiness is an Anneal status protocol, not a further plainGoal sample.","Implemented Anneal V2 pipeline, archive or service with the item's stated integration contract.",anneal-3731-i001-i053-residual-reaudit-2026-09-29,no further distinct bounded local cell found
I043,Tactic-position selection semantics,"Query before/after tactics, within whitespace, at nested goals, tactic combinators, macros, errors, and EOF. Compare plain goals and interactive goals. Preserve exact coordinates and expected selection so an agent knows whether it is seeing input goals, output goals, or no applicable tactic state.",partial,partial,Nested/unsaved 28-position grids and a real tactic macro establish direct Lean position behavior. Generated proof/source-map and adapter selection semantics remain; product gate.,The v15 valid nested and unsaved error/recovery grids cover 28 positions. A distinct direct Lean tactic-macro position/recovery grid now adds actual macro expansion with fresh batch diagnostics; generated proof/source-map and adapter semantics still require Anneal.,"Implemented Anneal V2 pipeline, archive or service with the item's stated integration contract.",anneal-3731-i001-i053-residual-reaudit-2026-09-29,no further distinct bounded local cell found
I044,Rich RPC object lifetimes,"Retain interactive goal/context handles across edits, cancellation, file close, worker restart, and server restart. Test reconnect and expiration handling. Determine which data can be copied into durable results and which must remain explicitly scoped to a live worker/RPC session.",partial,partial,Rich RPC dereference/release and 42-second idle expiry (`-32900`) establish bounded reference lifetime. Many-reference retention and generation-scoped recovery policy remain; product gate.,The prior direct RPC and 24-edit reports dereference and release one InfoWithCtx. A distinct 42-second no-keep-alive run now observes -32900 idle session expiry and successful new connection; many-reference scale and product generation-specific retention remain.,"Implemented Anneal V2 pipeline, archive or service with the item's stated integration contract.",anneal-3731-i001-i053-residual-reaudit-2026-09-29,no further distinct bounded local cell found
I045,Worker incarnation and request-ID reuse,"Delay responses while replacing a worker and reusing file versions or transport request numbers. Verify that old responses, notifications, and RPC references cannot enter the new context. Test clean shutdown separately from forced termination and a crashed worker restarted by its supervisor.",partial,partial,Same request ID on separate transports and killed-worker recovery are controlled. Late success across internal worker replacement on one transport needs watchdog/owner policy; product gate.,The existing gated same-ID two-transport success and worker-kill recovery are distinct controls. A successful late response across internal replacement on one transport depends on watchdog behavior and Anneal request-ID policy.,"Implemented Anneal V2 pipeline, archive or service with the item's stated integration contract.",anneal-3731-i001-i053-residual-reaudit-2026-09-29,no further distinct bounded local cell found
I046,Partial and failed elaboration,"Place a valid proof before and after unfinished declarations, unknown tactics, timeouts, and recoverable syntax errors. Query reachable positions and inspect diagnostics. Determine what useful state is available without implying that the full module or its intended obligations have been checked.",complete,complete,"Four actual Lean failures (unfinished, unknown tactic, timeout, syntax recovery) leave valid before/after local goals while batch fails; diagnostics and axiom checks prevent whole-file acceptance inference. This answers the exact bounded investigation.",No remaining delta at the narrowly completed scope.,None for the narrowly completed scope.,anneal-3731-i001-i053-residual-reaudit-2026-09-29,no further distinct bounded local cell found
I047,Historical queries versus latest-only queries,"Compare rejecting superseded requests, retaining old snapshots, and rebuilding a requested revision in isolation. Measure storage and latency, including rapid edits that continually supersede work. Establish explicit semantics for latest-at-start, latest-at-completion, and exact historical requests rather than silently switching among them.",partial,partial,Eight-proof two-worker direct/Lake fanout shows stale import and fresh oracle differences. Exact historical/latest service semantics and attributable retention cost require broker and equivalent workload; product/resource gate.,The v15 eight-proof two-worker waves already establish direct/Lake stale-import fanout. Exact historical service semantics and attributable retention cost need an Anneal broker and equivalent-workload resource accounting.,"Implemented Anneal V2 pipeline, archive or service with the item's stated integration contract. Guarded representative workload and sufficient measured RAM/disk/headroom; this host has 8 GiB physical RAM.",anneal-3731-i001-i053-residual-reaudit-2026-09-29,no further distinct bounded local cell found
I048,Imported-environment attestation,"Determine what a worker can report about loaded module artifacts, options, plugins, and build identities. Compare explicit instrumentation with a fresh-worker construction whose inputs are controlled. Show how Anneal could establish the actual environment used, not just store an intended generation tag beside the response.",partial,partial,"Setup paths, OLean hashes, option diagnostics, and initializer markers are observable but not complete loaded-environment attestation. Worker-reported complete environment or equivalent trusted adapter needs upstream/product work.","Setup paths, OLean hashes, option diagnostics, and initializer markers cannot constitute worker-reported complete loaded-environment attestation; an upstream API or equivalent trusted adapter is needed.","Implemented Anneal V2 pipeline, archive or service with the item's stated integration contract. An upstream API/patch implementation or measured equivalent trusted adapter.",anneal-3731-i001-i053-residual-reaudit-2026-09-29,no further distinct bounded local cell found
I049,Refresh matrix across server launch modes,"Repeat the imported-definition counterexample under `lake serve`, `lake env lean --server`, and explicitly prepared direct Lean where supported. Compare watcher notifications, reopen, file-worker restart, and whole-server restart. Preserve which reset actually restores agreement with a fresh batch check.",complete,complete,"Imported-definition refresh was repeated under `lake serve`, `lake env lean --server`, and direct prepared Lean; watcher/reopen/worker/server controls are compared with fresh batch at the pinned fixture. Exact launch-mode matrix is answered.",No remaining delta at the narrowly completed scope.,None for the narrowly completed scope.,anneal-3731-i001-i053-residual-reaudit-2026-09-29,no further distinct bounded local cell found
I050,"Transitive imports, plugins, and option changes","Change a transitive theorem/model, package configuration, server option, macro extension, or native plugin without editing the open proof. Test invalidation and reload boundaries separately. Determine when refreshing one file is sufficient and when process-global state requires a larger restart.",partial,partial,"Transitive macro/plugin/option, external model with fixed generated text, and instance/notation worker split are retained. Complete generated-import invalidation through Anneal remains; product gate.",The fixed-Aeneas-text external-model and pinned transitive macro/plugin/option reports cover prior component perturbations. A new direct Lean batch/live worker split now covers imported typeclass-instance and notation target changes; complete generated-import invalidation still belongs to Anneal.,"Implemented Anneal V2 pipeline, archive or service with the item's stated integration contract.",anneal-3731-i001-i053-residual-reaudit-2026-09-29,no further distinct bounded local cell found
I051,Complete-generation publication,"Regenerate several interdependent Lean modules and compiled artifact families while readers run. Pause after each write. Compare immutable generation directories, staged publication, and coordinated in-place replacement. Require readers to use a complete old or new generation, never a mixture presented as current.",partial,partial,"Real retained LLBC/Lean/OLean A/B family shows private staging, mixed in-place failure, and SIGKILL before/after pointer. Actual Anneal publisher/readers, setup/native artifacts, concurrent publishers and durability remain; product/platform gate.","A disposable seven-file real generated A/B family was staged privately with a reader at every write gate, compared with in-place mixed states, and read back after SIGKILL before/after pointer replacement. An actual Anneal V2 publisher/reader, Lake cache/native/setup artifact families, concurrent publishers, durability, and cross-filesystem guarantees remain untested.","Implemented Anneal V2 pipeline, archive or service with the item's stated integration contract.",anneal-3731-i001-i053-residual-reaudit-2026-09-29,no further distinct bounded local cell found
I052,Preparation at permanent paths,"Compare building at a final unpublished location with building elsewhere and relocating at publication. Include manifests, traces, module setup, native search paths, and retained workers. Identify every location-bearing input; atomic rename alone must not be treated as proof that prepared state remains valid.",partial,partial,"The real-artifact fixture validates B before final selection. Final-location preparation versus relocation under Lake manifests, traces, native lookup, and retained workers has not been compared; product/fixture gate.","A new paired tiny Lake project built at final path versus built at staging then renamed to that same final path; setup, server, batch and no-build agreed, but Dep.trace retained seven staging paths. A real Anneal archive/generated consumer with native paths, setup and retained workers remains untested.","Implemented Anneal V2 pipeline, archive or service with the item's stated integration contract.",anneal-3731-i001-i053-residual-reaudit-2026-09-29,no further distinct bounded local cell found
I053,Obsolete generation completing late,"Start generation A, supersede it with B, then let A finish after B publishes. Exercise generated sources, compiled artifacts, diagnostics, and cache insertion independently. Establish where obsolete output may be retained for reuse and where it must be barred from current workspace state.",partial,partial,A gated old Lean result finishes after B selection and is rejected. Independent obsolete Charon/Aeneas source/artifact/cache/diagnostic completions under one owner remain; product gate.,A gated old Lean proof result completed successfully after B selection and the fixture rejected its publication; obsolete Charon/Aeneas source/artifact/cache/diagnostic completions under an Anneal owner remain untested.,"Implemented Anneal V2 pipeline, archive or service with the item's stated integration contract.",anneal-3731-i001-i053-residual-reaudit-2026-09-29,no further distinct bounded local cell found
