slot_id,experience_stratum,presentation,rotation,case_order
slot-01,Rust-first,A,0,S1;S2;S3;S4;S5;S6;C1;C2
slot-02,Rust-first,A,1,S2;S3;S4;S5;S6;C1;C2;S1
slot-03,Rust-first,A,2,S3;S4;S5;S6;C1;C2;S1;S2
slot-04,Rust-first,A,3,S4;S5;S6;C1;C2;S1;S2;S3
slot-05,Rust-first,A,4,S5;S6;C1;C2;S1;S2;S3;S4
slot-06,Rust-first,A,5,S6;C1;C2;S1;S2;S3;S4;S5
slot-07,Rust-first,A,6,C1;C2;S1;S2;S3;S4;S5;S6
slot-08,Rust-first,A,7,C2;S1;S2;S3;S4;S5;S6;C1
slot-09,Rust-first,B,0,S1;S2;S3;S4;S5;S6;C1;C2
slot-10,Rust-first,B,1,S2;S3;S4;S5;S6;C1;C2;S1
slot-11,Rust-first,B,2,S3;S4;S5;S6;C1;C2;S1;S2
slot-12,Rust-first,B,3,S4;S5;S6;C1;C2;S1;S2;S3
slot-13,Rust-first,B,4,S5;S6;C1;C2;S1;S2;S3;S4
slot-14,Rust-first,B,5,S6;C1;C2;S1;S2;S3;S4;S5
slot-15,Rust-first,B,6,C1;C2;S1;S2;S3;S4;S5;S6
slot-16,Rust-first,B,7,C2;S1;S2;S3;S4;S5;S6;C1
slot-17,Rust-and-Lean,A,0,S1;S2;S3;S4;S5;S6;C1;C2
slot-18,Rust-and-Lean,A,1,S2;S3;S4;S5;S6;C1;C2;S1
slot-19,Rust-and-Lean,A,2,S3;S4;S5;S6;C1;C2;S1;S2
slot-20,Rust-and-Lean,A,3,S4;S5;S6;C1;C2;S1;S2;S3
slot-21,Rust-and-Lean,A,4,S5;S6;C1;C2;S1;S2;S3;S4
slot-22,Rust-and-Lean,A,5,S6;C1;C2;S1;S2;S3;S4;S5
slot-23,Rust-and-Lean,A,6,C1;C2;S1;S2;S3;S4;S5;S6
slot-24,Rust-and-Lean,A,7,C2;S1;S2;S3;S4;S5;S6;C1
slot-25,Rust-and-Lean,B,0,S1;S2;S3;S4;S5;S6;C1;C2
slot-26,Rust-and-Lean,B,1,S2;S3;S4;S5;S6;C1;C2;S1
slot-27,Rust-and-Lean,B,2,S3;S4;S5;S6;C1;C2;S1;S2
slot-28,Rust-and-Lean,B,3,S4;S5;S6;C1;C2;S1;S2;S3
slot-29,Rust-and-Lean,B,4,S5;S6;C1;C2;S1;S2;S3;S4
slot-30,Rust-and-Lean,B,5,S6;C1;C2;S1;S2;S3;S4;S5
slot-31,Rust-and-Lean,B,6,C1;C2;S1;S2;S3;S4;S5;S6
slot-32,Rust-and-Lean,B,7,C2;S1;S2;S3;S4;S5;S6;C1
