package,report_md_sha256,report_json_sha256
anneal-3730-174-row-crosswalk-reaudit-2026-09-29,dca73f6bd35098dd30ad4d1008ef39887755697282c0c662a4f580d641760bfd,a6fa76929377f2eb979d80a275497fa39efef99b539302642b007300d6296e2f
anneal-3730-acceptance-oracle-matrix-2026-09-29,621554fc1b54fc2c477549e7a40b4fa1c5aa4cc88a3601adb1b720c0c93c1caa,c9d149ffc2a3dbe003b0548ff4895000fe11223e8f5a454e5c30f3d24347dc86
anneal-3730-aeneas-handoff-memory-vs-files-2026-09-29,b8f7dd5b714ea288d65544e108e9a243bc863d3e546fe9151ec9d94d2f6de06d,57f80a105bd026b613687a6b456d8cda0ad6b53f5f114da74040f71204a07d5f
anneal-3730-aeneas-identity-manifest-2026-09-29,f73fc593ab77cbbbf1647f242cf6a2d8c58441ea8120e1c4b9820b04c667e929,810d2fa8020cb569c8a8dc2e96484ca84bb7e842fe2b60a144009c48e18c313e
anneal-3730-aeneas-manifest-batch-oracle-2026-09-29,3a1ff104ec1995bbd2704235fa3604483c245f0c7d4d03c04edd53b407157e1b,75d85e26d78ce02cde5d426d9ccf32329509488913ee43d531f2009107cfc307
anneal-3730-aeneas-namespace-move-proof-context-2026-09-29,03fda3f09b7126379dda2c4e03104cc143c5ce4eb4ebfc5e0adf12fb92f46c93,2996228da934073917701c479c0a7c9c0fa7b85840aafd0181e843143ff3c020
anneal-3730-aeneas-restricted-reuse-2026-09-29,6ca521f7649bad1958b037f5cc4fbac96c0fc2ef926143f65d4598d0400872d0,a91f33547b95d9f5c91625298beb68dfebc9381ffb8528fcd60d28ed218526c2
anneal-3730-aeneas-trait-output-shrink-matrix-2026-09-29,6129ed7aa0153fedd6ee422c35d9f7329b16663d029a8c235187ed286d5abf59,3764188cae5451277e7af5f358cb4771d88d91b65ed34ad95c32d534669ffba7
anneal-3730-annotation-subject-boundary-matrix-2026-09-29,583d625357e0ac6f8e4b5fc0d92de715b065a1ab63b5534a67f33c7fcd0caf71,cd2d0ca352b9fc05b4e571cdffee45f200e77cf3dd4a0b7724186cd2d4753784
anneal-3730-apfs-overlayfs-resource-accounting-2026-09-29,245cf606a7508c8f405d75a098c462828d8374901cc5848819e5dcc0a6796a95,51b91844557531f2638636d2e8da176142cb7cba7b170acd23467802ebf295a4
anneal-3730-architecture-contracts-2026-09-29,e6b24d6a92f946e5eca41611d3565987e61c49675dd777ef5b8148fab51bef0a,1714adfae161128dad683f195cfe5a85d759393ee2e85e064451821910cab12c
anneal-3730-c03-proof-resend-refresh-2026-09-29,ab81204e0d8925346b571f18140b592bfaf367832d645b512e2e220fd48425ff,46e31b8cb4fbe72c39da63585bb3ca5e00ea42dbe0f824ada8175dd6af71658f
anneal-3730-charon-build-closure-control-2026-09-29,c8dadcb576dee7c9a080b5c72e2c86bfdaed3e9a6a60ab9299fa99030bdc49a0,c103bcdb4d79b5c93c5aee5a686ec275f011db063f2a7ecbfc5307142d80bae2
anneal-3730-charon-concurrency-interruption-2026-09-29,8ff7a0289cd99a7d0d9e3343c9e6464f7244f8108999f8ac29e38a31f6bcdcea,a31e8450072c454222dafb40a88eb9e73c7aa765b560163257e2e17a4cace959
anneal-3730-charon-scaling-subject-closure-2026-09-29,52fa29692fcff5971d027b77f8cc9f46b4a13a457ced733b60a7b47074200f7e,82f23ded76bd23a075931fdc584c89837c06be463c5f45f20399e53f3f8d8517
anneal-3730-charon-shortname-aeneas-impact-2026-09-29,a5f93c2c9b203ec26fd398cbd2d83e61dea822d1d52a52a3b6aec4123fdf5815,95672163c08b58c48eeb2593cd688f67105540c07cc481e0886eca477ed79e26
anneal-3730-charon-subject-output-phase-matrix-2026-09-29,abe5b8cba9289b64209b2ae546f5f6522d41f1da7068421c775c1537a5c36e71,817c20b6e46ae70f565dad1bd01a2405e706f5b5283e1d58f702e1c0c6fa4182
anneal-3730-charon-warm-noop-byte-diff-2026-09-29,d05936e8fda62ffc72e2edd0ea0b2d95c186465975bf36426fb5ef8a08bfd714,f03bef812bc4ff7590b9de6e1e425918785270865c84a4fb337590eacc50af7d
anneal-3730-charon-warm-target-controls-2026-09-29,70405c2719a2a68f44422dff4246ca9ab90615b00666e75333c9e49695af2cdd,fe667349c908f3eea85646afea39bf0485bed4707a18adb6467679ada95e7184
anneal-3730-claim-relative-import-taint-2026-09-29,695eea6ce097f102a0919c122a35fc4aa697c802cd63dfe028cad3fa0387f01b,7d10d50fb1f3a1f7e4c20c618732bc54fb6eb37e7f74279cb85809d66c4780c7
anneal-3730-cli-graceful-cancel-signals-2026-09-29,efd93bdbafc9471f84d09a53c9f7b1b25c7f82bfee26200138bd90f6fca7539d,2511e4ec2ce66cb83fd6c56f1d3fc3c87d8bfc24f66fcacf277804241116c899
anneal-3730-combined-pipeline-concurrency-2026-09-29,4393456336aa03204032a558f45de43a56debb3cfe793c220940df28aeff5d8e,184ae074293efcce3a6b27abfdb4a9ddc9e877e6d72e37c6dcc092159dcd1a96
anneal-3730-compatible-bundle-upgrade-golden-2026-09-29,42ee64ad1661045768f61d9a770d43f9a1280aa626af1acccacd2b8f13c840f8,cfb9b5a712f91f25e0a911ba38dc707998a64bd1ba6ea2db02b2ca879bdd721d
anneal-3730-cross-layer-comparator-mutants-2026-09-29,098a1993f5fec83ebd838048396d8c9fc96cccffdfaaf6320d4d0960bafb9276,0563ed8feaf38201d0a411635fe2a0540a3db5716ee5c77cfa0caec87656b0b8
anneal-3730-cross-tool-active-cancellation-barriers-2026-09-29,442215a7968fd110b6cc9ab35489224d2a2a984755d2cb76e89351e565bdfb0b,dea74d3d3776a8813b815b48a2f698b0ccd4dcd0c824db91d69be98914e3f15a
anneal-3730-cross-tool-stage-cancellation-cleanup-2026-09-29,c996aaff1f29f09b92ea5992e375ed07bc8d2f8f7993cb7a47f504ec32470d5e,005e7f9b0d5eb52ab92ccb1c50066dd3ecfb6b2ebeb3a183f5652ddb1c03a704
anneal-3730-editor-save-format-watch-loop-2026-09-29,6bd83aa858ad0c20e3c0391a6e061476f4c3d3ab28c16357c90664307fdee9e2,5b0efaaf6a43bcedd2d2072b073958643a6c6b906847a04a1273c4bd822c63ea
anneal-3730-eight-proof-live-stale-oracle-fanout-2026-09-29,e474bfbbb26066f9d258b7392a7c667cb0cd9fb60da47bb85b3e459513d0d332,9de763841dec94501516ff4194014dbb37d27d813d04c61124e55e59d65fc310
anneal-3730-external-model-without-codegen-change-2026-09-29,48c4b0bd0acf6e7237e2e43b2aebf5e73e22731c8e5799ca5aa9f2c89c8c5388,f25a63b7e9921b798a17135318d5ff529e80da006c7c53cd01b833b5ed384f03
anneal-3730-f15-final-versus-moved-lake-2026-09-29,9957032d3700393999ad8d875efa41c0c09dca615e4952675134fdad1a727707,ad6edab8161e690e8854c073e7f26eea5cc4e41428339d4d48fdb7ae771fdaed
anneal-3730-five-original-packages-rereview-2026-09-29,ccfbbb96c14c3a68ee29ddee6e9b64919db669a6186d4e4383b2dd4600b6fcf6,d721e4324558720c4d6f5f633f33c714a58b0d846302c6d6f00c7b621165a8a0
anneal-3730-full-lake-server-chain-2026-09-29,2eb53ed235703aef1d096d36c1e15ca916676637bf2b939beb6058df6a43b931,406c726b81ccccf546e984fb62e62ad1a60c1f8221e50ebac7f0ccbd06725f03
anneal-3730-generated-history-retention-economics-2026-09-29,e72a48db2ff0d0219db8857a2f9e7b8bade66f4d24b7147d4f78114a3d301d06,e169ab0770e5126ea06619f5801cec39a252660eb9e19e6ce49e022ad2828569
anneal-3730-generated-lean-canonical-source-challenge-2026-09-29,44976129b5582de79955b03c7972db92c1b73cbd2e2e815f7e69c191792a0b74,7bd0b6eb9165828f76bc2562bdbfae5a4bdda5db9f7cd18f9f1db351c5546e2c
anneal-3730-generation-recovery-2026-09-29,5761cd810ba4f84751bb5cd9c4fc0c06926dec87bb694ac2003d332520879da3,eedc765b5a373e023697b2c0fc8ea9a677c7037b587fd5e9657b924448dceef8
anneal-3730-h08-project-switch-router-v4-30-0-rc2,33e7f2e46b08f9de781516a66690f1e8e0c8bfc2cd205ee5eac8f00f1c8bc1af,85b96040ae771512f195af19db8d5fd7b929e339b3ee83cf64cad3df0240fbdc
anneal-3730-h09-lsp-to-upstream-cancellation-boundaries-2026-09-29,ca2e010de57691949eba571a13f33f08f0a700b97ab4f46d21ea13a5be36174a,08d54eac64aa75fe651e8225bb012e109de6b6e9d75aedbe822ada4f1790d591
anneal-3730-human-freshness-study-protocol-2026-09-29,68c7ad57a5461793b697ea0ff57896f3ff3a68186c7bb68ea26953c95618e687,cda126e4aec1305bbe2bf41f8c901708e7adb1be4fa91b76cf8e89b47f8c9d93
anneal-3730-identity-state-mutation-model-2026-09-29,e87b400faf50528ba988419907b559cf335e28b9f37955eda88b84a38d70d31b,3bce424cd8d54a453232d48389c7e68d39f5fba4d68dee90ef73e472a2465bf5
anneal-3730-imported-instance-notation-worker-split-v4-30-0-rc2,3a49034d110a9702791b0de66315eae446dbaefec84bad4039eafc82420659bf,ae9b068bc65f134c07b79db3b0a51f0928bf1266cefadf88ed9b7230e5b1e31c
anneal-3730-independent-vertical-reproduction-2026-09-29,86ce78a8839f28a86c0efcd1bf90b2ce6ff0d7cb4dc2fc9ef602c3ea025fb924,b63c8e02cdb94d4c26efe74c5300d9cc59d3535dc97a9f11364674b87f6feeb8
anneal-3730-lake-cache-publication-atomicity-2026-09-29,d6accdfeb4cd3de04fe1a890a76ddb9e130090a9375961208f8d51e4c6fd8808,55790e493de0fc61a2510260a9c912a19b124da642de503c0f83d7e17907a019
anneal-3730-lake-consumer-identity-observability-2026-09-29,dced6b8cc362b48cf1f55e9eda9797da13f5ad739a6c4580afc74dec923e5d08,998705b84964680f7bdb1bb6afe891b14c19dca9838f29b7b0b7ee45c5f92c42
anneal-3730-lake-dynamic-config-identity-2026-09-29,8337fa8ef278c6b5d1515d7e3e3061aeb542b5889285d5697f349239c43f23bf,7fbe3cd6a85cd2adf9db8e4acbd55ed20e7b809731b31dc959e4978bfa22852c
anneal-3730-lake-frozen-index-collision-2026-09-29,209315708b0c6d52b8db7b6198b86c50c41c808868dc528f758a1e4bee9b8fa9,72139a924ea509810013a6ee18bb591a3f353921fd617703ca6993581af28a00
anneal-3730-lake-key-artifact-family-matrix-2026-09-29,1158f5c20d3ae303d953405d1c5fe5512484d6ead902591f4107e104b076b625,ce4d40d5b3764f3c98edf42aa61b897ccd695c2d39ca38f951019e6f026cb68b
anneal-3730-lake-plugin-artifact-identity-v4-30-0-rc2,d1bb5b697b3754ac26b027b85f7c43fdb2177d851a300a83a79afbcb0de63047,9cf95bc9b6b0cf2519f5e5075cc19cb4dd9157cdb7a2bcd08fe752f95dcbd140
anneal-3730-lake-plugin-combined-family-mix-2026-09-29,d7d03f9a339b8bff6f843be2317e949c94aab92d396240eb6b09a604564866c4,24124b70c726c6db415be5340203448e6d731782d1aff0985de5d458e2a28876
anneal-3730-lake-prepared-contract-2026-09-29,5315c9f8ac039511e54f3433fc6b93711d3f725c46ffee517d943c2d8625df5a,eff382be61fe96d63df649e2eb26afa5845be52a27cc214025fcf454afc0bb2e
anneal-3730-lake-same-key-artifact-writers-2026-09-29,d0e4fe2676101e832c3284d1dd01f06b6984be1032a777c1df17979af717da00,0d8e6b4ddb2abde4083d4dfbcf1769c9dd3cf5031819e88b8dad087a0356f903
anneal-3730-lake-shared-tree-conflicting-writers-2026-09-29,76dbfcaf851d5b7950b571ecb6fd246e93e0c331f0025106aa532cf040886d31,d45991c33cc5a5ab4b4a5e5b86cc906a231526a9f2022e90ce6aac00fdf296eb
anneal-3730-lake-unprivileged-file-event-observability-2026-09-29,201003ba4e430c9f3a5bf648d77bda0d8028d835a7157a025aa7dce9cbb0271e,6009095da1c03657a3e6e2dbd4f02e6de448f3044d15fafc73afcdba4be6234f
anneal-3730-lake-writer-recovery-2026-09-29,344df196e0795230bf8935714ee69a11025a647a12f04c34b3f1762573e7ea47,15c7e45279c6f51721773ac7385f0950139e6c8236ec582c0b1d2220231f6f43
anneal-3730-large-tree-coherent-capture-2026-09-29,e8701eb7ca13f14d159e051f3ed86f66183c337f19cedd2bdf9a91b374f0a93e,138bdd1982879c9c0815bc0777a80f67afb921973ec36d05768fadf933cf9e09
anneal-3730-last-good-model-signature-recovery-2026-09-29,bf0b4e9718f2f47091b6dda1250d9416e0ae62b593f4b4fbe05fcecb563da484,8e9699f39092f3e68cd20b99db83355c7291b0dd7c3aa230b550b518fe4d61a4
anneal-3730-lean-artifact-layouts-v4-30-0-rc2,df1f30c4226e348d0df0d65902d84aba2d8df2116728d090185ad0faa63797d4,3a26f5da2886f2a19d39ad766a43e1670923d7b4132a255bc9270520a5def084
anneal-3730-lean-cross-version-equivalence-v4-29-v4-30-rc2-2026-09-29,75cc09a5d1852e43e45cb69a49c24fb6b6e3574e4602a8061a84873548a368be,8b3c38ba72377ca217fc64b79228fc9ffb90f2737d2ea7537872dd476345b596
anneal-3730-lean-launch-refresh-matrix-v4-30-0-rc2,d605f66dd1b245f777ecaf704e239f32fbf88973c8a4fbe2beb280771f1bb178,3d1c3fbf2aa26ad5965c56d8eeaa35d7033c232a20e24895322a99361f16f0b1
anneal-3730-lean-lsp-multifile-actions-hints-2026-09-29,0d93efc83cf2193a028773ff149a0fb7e67a3376050fe6d95fd3223ced7cc330,76728a0a5b3698da52a86227fdce2e34663906e31dfbd016edb6cb6d078106b3
anneal-3730-lean-lsp-navigation-edit-operations-2026-09-29,25fa4793edbfd4a31e8356df51fbac2d3b826b7e54a794d60442331c09579d47,84a91f65429f9f4eb83fd80bd32c22ecef87ff4bbe50de33f9a61cdc56635a7e
anneal-3730-lean-lsp-projection-code-actions-2026-09-29,395ad6305ab3043927ac5538cb252b03c94866eef3571fc8668d476a9930b71f,fc7041cd4e7462c6d632c0325a6319e9c39cc7e8b50484278c947c7442bbd40e
anneal-3730-lean-mcp-adapter-availability-probe-2026-09-29,5b818d2e389ca8be1a1858ac61759880c6b7b161f035762da351a4d160374969,320971ddce908c69d666b965d566d6b66dc98ae05173a82b686c988413335f7b
anneal-3730-lean-multiminute-restart-resource-soak-2026-09-29,632e32e04f4599c295cea5bfb8327787197ef4cfbb518d92b2a5d1f4af344b35,d660f81e4c05051b6928c8da7c6c9205ffa22ed3b292a1d52b6f905e01f148d4
anneal-3730-lean-pool-failure-isolation-2026-09-29,9ed2de3c8a099b1eb1bda350918dc8967fc926b8015ed13864009fb325913224,c2398f3684a4b6724f8b26bb8941f916b21428371d4355d109f260c9f36e7727
anneal-3730-lean-rpc-lifetimes-v4-30-0-rc2,21dd4915bfdc3173ff81b035cff4f9a089c24b3833f8a904bfdcb1166b327707,6323cdcffa15d5c7c06b8381b1838b7d66e3f1cdc843241d3b7c70fc3480cec8
anneal-3730-lean-server-resource-drift-soak-2026-09-29,8dd9fc4f63edfc86c460c355b7d70f1539e88d2cbeec6160b0d84b758baeb3c7,792baed4223c792008f1ff13a0a76f593b78c43d1962b156d118e9b2e8540a22
anneal-3730-lean-server-soak-context-rpc-2026-09-29,df16ba9296c1d30e2cac0ba03af23a26a2924c643331e6ce500e82df28894c63,d660f81e4c05051b6928c8da7c6c9205ffa22ed3b292a1d52b6f905e01f148d4
anneal-3730-lean-transitive-import-rpc-matrix-2026-09-29,0bff5986f511faf4fec14941f14f92957082e96f935c08dae93228aabd8a485f,c6f50de7ae9015c532f5a9e5380e0d5130b4eb3e54d3989047aa9d32fac88c59
anneal-3730-lean-uri-history-import-boundaries-2026-09-29,aa8e6cfb698fb81fbbd5951a6f0578acf8fc45c5b640b7abadabf64c0bd764b7,ba05ca183af0f7b1856b99d39d83528c18794343d1980346825be6b141eb8729
anneal-3730-lean-wrapper-context-prefix-reuse-v4-30-0-rc2,ba9facb55c1a1556a390ac92ee47f5f0ec5304ccf0116ddfaa43cf46b0d64f20,6413d8d59615fbace086d2b2a5f1bafb26d424b6e3c1933940fd4888c8cade7c
anneal-3730-live-lean-artifact-unlink-2026-09-29,e39588ce4fdf69e4b6d2df2bbc1b41f02860eb78d860a77f6bcf07ec7c4d116c,a2c390ff030bb45037c44b5fe151379bb1fd993481f17cb55d58dc1658874021
anneal-3730-live-proof-import-state-2026-09-29,d0f3514bea19a22aaa15584a50ecfdca3a43cde269d2f796f09b66f179e11ce5,fb5e20b7dd615cbcadba5017620a2f02dc973b297de468779dacd984eb7ecc05
anneal-3730-m06-generated-lake-source-order-trace-2026-09-29,ec5e5f1888f243888996767c0711432a06278c34a26726cc2902d23d5398a49f,5546e9fdfbcc8b9e56f5fd0ca417140495f5064cf9be7205f54c3399d9246fd0
anneal-3730-macro-tactic-position-recovery-v4-30-0-rc2,28915ecddd395b230fcd43fdf0dc5e78299d884976fe41e5722ed488c2856990,769525aff4acc87b79935a83ccae491aaaf93d7e9ab7179eff88d377f97576cc
anneal-3730-mcp-2026-lean-goal-wire-composition-2026-09-29,b2fed316982178a76f7abd795482105e5b3aea00cdd30baa0613b34361cf449d,25a49b5c7c07004cf954e99bf215d3447ef06e236e4b9b3dd46fbbc1f71bbae7
anneal-3730-mcp-2026-task-wire-controls-2026-09-29,6bf0a1d772709a64603044a55d1fe204d21f9514ad6cb5419405b66511f71afc,64b5e3201cbaabf342ce45250f79e719a0217b77fdaa85fccd9a7232c05b12da
anneal-3730-mcp-shaped-async-task-lifecycle-2026-09-29,3cdfdaa6797d920322cf7607f5ac4423c1b50334c01ba2e374245b3f9be8a2a1,7204e29aa5fba74feb840d060c0622c5c82d4838352958f67f0067fe81964cd5
anneal-3730-multiclient-editor-contract-2026-09-29,7bfc17cc32ba61c02eb6c964dbe7f5da025de86e54afc889460a32b57a4ba2d0,81ec330f0fa7e7cf91f6fa43dda2a0cb382bb19960058792956b09998eafee71
anneal-3730-nested-parallelism-budget-2026-09-29,8dd9813b20282cc5ef010bacc621ea91d04f1ead851af1e3dee6d7d3c73dae1a,8e38ba364fe494845062babbeb24e7796d805705a7ec8103a619d11bc8e667fd
anneal-3730-nested-tactic-position-grid-v4-30-0-rc2,13a8e0d8bc6ef7f990c71015f3a335d6883e355c5d4ea862b1760f9b5d2d5775,31ab6f5e33de49c93b439a432e0c3d1738273597de08d88bf356e2b4870bae14
anneal-3730-nested-unsaved-recovery-grid-v4-30-0-rc2,8b44f99a97f9b4206bd9544134cd0d9f2b35963d3486ef8f36ae61515f921865,c5d6e4dc42e3af3c6cfe51c4fc5b99992eda5c71d014d3f44def8e23492c1b5f
anneal-3730-os-lock-fd-recovery-controls-2026-09-29,343045bc010d2f48a440f6e51479e8b437235a7e796c69014f2c16017218604b,1a5fe4d1940a78b5016a85199095a6c74f46624f6a404463a53223fccfaf59b3
anneal-3730-partial-elaboration-queries-v4-30-0-rc2,6a50fb62a855b2f65caa776c44cd5b19baa7b14e08564e1ae74a3b1cd8d2772f,468f69b56d11175d4070303b30c478b8c5c016d4239522a83eefb2661a28f21a
anneal-3730-per-worker-copied-byte-inventory-2026-09-29,f207f037ab7cb5b82d64fcafb5dff194d50a545b81426c60ba1c3f0b0f66e3c0,52bf5e5f5d53adfe044fd94644387079bf4f21079000773dcd19f2dee55adf24
anneal-3730-pinned-cross-layer-navigation-boundary-2026-09-29,ae0effa2c81ad9629bf32c808f60ab30034a41e3f9d4edd61dd927f446d36fb9,bc74e75c3e8ef7141365b4d9e65fc6222f2a61712af920215998093d5c6323e0
anneal-3730-platform-filesystem-boundary-2026-09-29,8e2ebeae92853f461f3e08fd6deef6593b46830488d44c629721ec629ae19f23,0d649a7d8134b1a12653f391803f3577a80d32401a180dfda6f2d263f391a044
anneal-3730-plugin-reversal-worker-order-2026-09-29,c137739e144ad3518112a75eb69b44d72989eea79934535aaad1a515bf6c0f67,49b6453e416bd5778e1c4a65e400e45e25998dd3b359bf844db7749820468690
anneal-3730-projection-macro-doccomment-patch-matrix-2026-09-29,680dd697271a094027a6b4b95c2cd0086447a5b6866c01b031f2d10edaa800bb,9f2b160e1db45b458b04aa9a87a06023a3d9fe0a3ec66c63de7b9a4c5bc2012d
anneal-3730-projection-provenance-2026-09-29,77308837d5f6d6fac3ac64eb8dbe2ad2dd7148794bf1157120db11b5b8943f87,5f82cdcf7b6a36ed73cf0bbbd11c1c79c32a82646ef2f26684f8cc2bcbffe5ac
anneal-3730-pruned-lake-interactive-extension-v4-30-0-rc2,9cccbd3e435dd591b8c79f44411c16002f63ea488c05459afce5a96458a59cd2,c40126a196edbd33b52d4ae435029f63e965931af1ffa46d855ff0a62d5a6d37
anneal-3730-real-archive-manifest-gate-2026-09-29,ce8ac22390a905e9754a63a2e62c1bb427ac958757250a98d09d2a20e688d24b,f6464563e0c7ed4d18e776e208e0cd6626e56faea940fbce86bfc2aa0ab66e24
anneal-3730-real-lean-filesystem-lifetimes-2026-09-29,05ac972e20bb9822a0f298e9bb82238e0dbad2d65e02484f37f15d129e8ef36b,a3b9ec6525a515c62d9cb5de35c63bd0a9353fbc8b92ec643c97a5d83e5d89c2
anneal-3730-resource-economics-2026-09-29,68ef124930909d43b5d347ae1e0b60c2a340bd414227156c4aba2fa7bfc7ee41,1e7a1f3dedea2ae2bb5473e99c73b22bcdba735344dbdbfef5763f81e579945b
anneal-3730-resource-soak-contamination-2026-09-29,886c145b6bcd7bb6d1229b424920ce74be4b884e51dd1b79867eb29ad863fc10,6f815152107d3c9f2d47da4d4f0067b63d443e140e5797767148434ccd2c1de1
anneal-3730-retained-full-chain-byte-timing-inventory-2026-09-29,7c93e44a03fc73a476f1c2f85c2f5f601341872e527af42ae65927e43af468d5,cdfc954f193c80bc6edcc0f18aaca8ac50170f836307710e5c3e9dea4bf9fbf8
anneal-3730-rpc-idle-expiry-v4-30-0-rc2,74b62c10b50b41c6c30b7ac27e5e1b00e7c3d5fc5f82bf2f38d094f3d59078cb,0286aad05f6058d984ee3102c333d64ba99d657a069969d703efb4bc716fcbc1
anneal-3730-rust-charon-aeneas-lean-golden-vertical-2026-09-29,0c5dd932959d7babd3ce7c5f006d5ccf5451929992462f79f2236003e1cfb926,005c119503bb66d849a3979190e850257f6da168135161d0fcc3062c657a3df7
anneal-3730-saved-vs-private-rust-overlay-2026-09-29,1ea994320953319878a33251e471fb62f9263fdb369b3fd7162e22dcca071f6a,0127cf9edd611d125fd1f8aa403d0db7511aaf0c8c2a17b2b15bb6de82adb871
anneal-3730-scratch-pool-scaling-2026-09-29,46d05cf816991e1b7b956b2a22cb8b108be900b9b75bb3b1eff5be83e34216b4,115f22018300b3cf9430ae348eac1982531f2915fc8af92f95e3579a520e1a59
anneal-3730-scratch-tactic-cas-experiment-2026-09-29,3f8e8611625a83df37e1e5c888937a44d9c12ce6aebc783b9eed36dba65653e1,f93f6327c7ab3b7dcf7faa0e16a741d4850d3f4b17c190dc86eb587acf291928
anneal-3730-scratch-tactic-concurrency-crash-2026-09-29,480cd37f8e2e2863c3c6110b7f9d3d4017f38f6ac6f49c6a2a622c63b0454995,9a77566f295b77ffc4286f62844389cebad39ccddb2abc26e8709afa74a5b530
anneal-3730-server-topology-v4-30-0-rc2,69dc3ae07431936ac3c02a0db9d805cba7bda1f38d7f7dee23121728a530a564,a86fc17bce56adbbc13f341a1482735d404335cd5407a4eacac6d20d4cdb9866
anneal-3730-shared-cargo-consumer-ownership-2026-09-29,21dab7ce5f3cc0a38e7525ba5200bca3a55c2cad70765acb7f6640e102753851,8300c2181592b38edc3f4565f696e11c9847b99e15403635236cf651e3f3bb86
anneal-3730-source-owned-projection-diagnostic-matrix-2026-09-29,49f4eed6067973aa1884bdd0696d4eab64f64897554b67fc6b5b30801de874d6,57dc5ec464b7041d675b4e56acbc1f8d3443feb5bd3720bef87cca8575ae868c
anneal-3731-embedded-proof-generated-model-vertical-v4-30-0-rc2,469f9820f25127577148f614a54821a0c247c036881278aa85f831f2193b9cf6,d1058e9cfdcd4f733ccd938da14c8e2b8ec2831bd707eb220f8dce83ee20729c
anneal-3731-i054-i106-postpublication-residual-audit-2026-09-29,b24816072b9fc2154775935f34c34f76bb9004264855d7b4f9a90c7c8a0779fe,0428b58cd3e0aba9bc9b2f0ba40da5bb6f10d323fe98ca544c77ee9a2d1c9b41
anneal-3731-i107-i159-postpublication-residual-audit-2026-09-29,36aba6886a0ba49f8db7b6e94db0320832919f36f72d1cb283c5abaa921ce314,f332999f4dcf32b0b74693af10b883efe68d314659db8dc92265a53775e499f5
anneal-3731-reader-owned-generation-lease-v4-30-0-rc2,f82efa54a044ef7deff62b95bdb47c367ac8b21a39cdd5e18c786a1c5e15bdc8,a610efc4ccf65defa043503455d0c031f84650bdb917b9f1866a414c3e224702
anneal-3731-real-generation-gc-lease-v4-30-0-rc2,efcf5c3b43015e50db105d89ec4137515b7e5409ba79529d48826f1b45372209,2324fc9af97684fec9eff4e3dd82e8c769cc92f4393139f541fc1d1b949b901e
anneal-3731-real-generation-publication-v4-30-0-rc2,c99fdcf0ee509cd868039070f264cce3f97629ead090b73ccbfc320ff5b36097,7d205c595f026b8ba10d1be3ba9f349eabeb93ffa57389b16afca56489eaffae
anneal-v2-current-source-surface-main-bd0956b-2026-09-29,8277543f99c36f099158038dbee22f1300d47e5cb067e2163625376106edc6f2,ebe8d135aafcd0a193bb826cb343e37bd0d43f5940d3ae6d84a19da46a4f824a
