package,in_v10,new_in_v11,report_md_sha256,validator
anneal-3730-acceptance-oracle-matrix-2026-09-29,True,False,621554fc1b54fc2c477549e7a40b4fa1c5aa4cc88a3601adb1b720c0c93c1caa,reference._load_report: valid
anneal-3730-aeneas-handoff-memory-vs-files-2026-09-29,True,False,b8f7dd5b714ea288d65544e108e9a243bc863d3e546fe9151ec9d94d2f6de06d,reference._load_report: valid
anneal-3730-aeneas-identity-manifest-2026-09-29,True,False,f73fc593ab77cbbbf1647f242cf6a2d8c58441ea8120e1c4b9820b04c667e929,reference._load_report: valid
anneal-3730-aeneas-manifest-batch-oracle-2026-09-29,True,False,3a1ff104ec1995bbd2704235fa3604483c245f0c7d4d03c04edd53b407157e1b,reference._load_report: valid
anneal-3730-aeneas-process-contract-2026-09-29,True,False,731eb1cabe176e1838ac1eb41313cc281651f1cc468a1623bb4b931fb91dcdb8,reference._load_report: valid
anneal-3730-aeneas-trait-output-shrink-matrix-2026-09-29,True,False,6129ed7aa0153fedd6ee422c35d9f7329b16663d029a8c235187ed286d5abf59,reference._load_report: valid
anneal-3730-agent-workflow-evaluation-v4-30-0-rc2,True,False,1c5806c68010259e1341be59c51e7311df64ef56636ba8fc27f9be4463b19173,reference._load_report: valid
anneal-3730-annotation-gap-probes-2026-09-29,True,False,709a92deea84df1eeaa487da549fcbb0dfa54c84d3e7ff8962aa96479acdb0c7,reference._load_report: valid
anneal-3730-annotation-subject-boundary-matrix-2026-09-29,True,False,583d625357e0ac6f8e4b5fc0d92de715b065a1ab63b5534a67f33c7fcd0caf71,reference._load_report: valid
anneal-3730-apfs-overlayfs-resource-accounting-2026-09-29,False,True,245cf606a7508c8f405d75a098c462828d8374901cc5848819e5dcc0a6796a95,reference._load_report: valid
anneal-3730-architecture-contracts-2026-09-29,True,False,e6b24d6a92f946e5eca41611d3565987e61c49675dd777ef5b8148fab51bef0a,reference._load_report: valid
anneal-3730-charon-aeneas-boundary-2026-09-29,True,False,598230160c55cb3865740b6463778b572223419bb842754af9b6031918a3533d,reference._load_report: valid
anneal-3730-charon-build-closure-control-2026-09-29,True,False,c8dadcb576dee7c9a080b5c72e2c86bfdaed3e9a6a60ab9299fa99030bdc49a0,reference._load_report: valid
anneal-3730-charon-concurrency-interruption-2026-09-29,True,False,8ff7a0289cd99a7d0d9e3343c9e6464f7244f8108999f8ac29e38a31f6bcdcea,reference._load_report: valid
anneal-3730-charon-scaling-subject-closure-2026-09-29,True,False,52fa29692fcff5971d027b77f8cc9f46b4a13a457ced733b60a7b47074200f7e,reference._load_report: valid
anneal-3730-charon-shortname-aeneas-impact-2026-09-29,False,True,a5f93c2c9b203ec26fd398cbd2d83e61dea822d1d52a52a3b6aec4123fdf5815,reference._load_report: valid
anneal-3730-charon-subject-identity-2026-09-29,True,False,1a24038e1a6ea34bcac9dc0e044046f036050d92fbe648a455de5600941268df,reference._load_report: valid
anneal-3730-charon-subject-output-phase-matrix-2026-09-29,True,False,abe5b8cba9289b64209b2ae546f5f6522d41f1da7068421c775c1537a5c36e71,reference._load_report: valid
anneal-3730-charon-warm-noop-byte-diff-2026-09-29,False,True,d05936e8fda62ffc72e2edd0ea0b2d95c186465975bf36426fb5ef8a08bfd714,reference._load_report: valid
anneal-3730-charon-warm-target-controls-2026-09-29,True,False,70405c2719a2a68f44422dff4246ca9ab90615b00666e75333c9e49695af2cdd,reference._load_report: valid
anneal-3730-cli-graceful-cancel-signals-2026-09-29,True,False,efd93bdbafc9471f84d09a53c9f7b1b25c7f82bfee26200138bd90f6fca7539d,reference._load_report: valid
anneal-3730-cross-layer-comparator-mutants-2026-09-29,True,False,098a1993f5fec83ebd838048396d8c9fc96cccffdfaaf6320d4d0960bafb9276,reference._load_report: valid
anneal-3730-cross-tool-active-cancellation-barriers-2026-09-29,True,False,442215a7968fd110b6cc9ab35489224d2a2a984755d2cb76e89351e565bdfb0b,reference._load_report: valid
anneal-3730-cross-tool-provenance-2026-09-29,True,False,7c1b01926e0251de7834020deb2d48c7e82594517f5441a4fae1896a77f5e097,reference._load_report: valid
anneal-3730-cross-tool-stage-cancellation-cleanup-2026-09-29,True,False,c996aaff1f29f09b92ea5992e375ed07bc8d2f8f7993cb7a47f504ec32470d5e,reference._load_report: valid
anneal-3730-document-context-v4-30-0-rc2,True,False,c8ea3715266d7d712605aa6447031dac4b391e4d1a09817042a45d1d6efa212d,reference._load_report: valid
anneal-3730-editor-mcp-shadow-authority-v4-30-0-rc2,True,False,c702bfefb58845a3613658b2354ec84a11ab12ac4249d3d6d39ce8e1a825bb56,reference._load_report: valid
anneal-3730-editor-save-format-watch-loop-2026-09-29,True,False,6bd83aa858ad0c20e3c0391a6e061476f4c3d3ab28c16357c90664307fdee9e2,reference._load_report: valid
anneal-3730-external-model-without-codegen-change-2026-09-29,True,False,48c4b0bd0acf6e7237e2e43b2aebf5e73e22731c8e5799ca5aa9f2c89c8c5388,reference._load_report: valid
anneal-3730-fault-model-2026-09-29,True,False,c0e9296c6bbcc8b2ff021f0c6be3001266cbe38ec0456fbf4c02a46b32499041,reference._load_report: valid
anneal-3730-filesystem-sharing-apfs-v4-30-0-rc2,True,False,8c953b0572551055973b7d16c6f0910eebe86a2e04760f567ca9a2f3aa3f7523,reference._load_report: valid
anneal-3730-generated-lean-canonical-source-challenge-2026-09-29,False,True,44976129b5582de79955b03c7972db92c1b73cbd2e2e815f7e69c191792a0b74,reference._load_report: valid
anneal-3730-generation-recovery-2026-09-29,True,False,5761cd810ba4f84751bb5cd9c4fc0c06926dec87bb694ac2003d332520879da3,reference._load_report: valid
anneal-3730-human-freshness-study-protocol-2026-09-29,True,False,68c7ad57a5461793b697ea0ff57896f3ff3a68186c7bb68ea26953c95618e687,reference._load_report: valid
anneal-3730-identity-state-mutation-model-2026-09-29,True,False,e87b400faf50528ba988419907b559cf335e28b9f37955eda88b84a38d70d31b,reference._load_report: valid
anneal-3730-independent-vertical-reproduction-2026-09-29,True,False,86ce78a8839f28a86c0efcd1bf90b2ce6ff0d7cb4dc2fc9ef602c3ea025fb924,reference._load_report: valid
anneal-3730-lake-cache-publication-atomicity-2026-09-29,True,False,d6accdfeb4cd3de04fe1a890a76ddb9e130090a9375961208f8d51e4c6fd8808,reference._load_report: valid
anneal-3730-lake-concurrency-preparation-v4-30-0-rc2,True,False,78bc5416c10b8778ad38ed4b21e92e500317e55ef5f5c05f8254a70733b85c99,reference._load_report: valid
anneal-3730-lake-dynamic-config-identity-2026-09-29,True,False,8337fa8ef278c6b5d1515d7e3e3061aeb542b5889285d5697f349239c43f23bf,reference._load_report: valid
anneal-3730-lake-identity-matrix-v4-30-0-rc2,True,False,e2134b169ac2050f8a5d1fda4fcf7a04ff2a664c05ddf35d7bb272c5b20ba878,reference._load_report: valid
anneal-3730-lake-key-artifact-family-matrix-2026-09-29,True,False,1158f5c20d3ae303d953405d1c5fe5512484d6ead902591f4107e104b076b625,reference._load_report: valid
anneal-3730-lake-plugin-artifact-identity-v4-30-0-rc2,True,False,d1bb5b697b3754ac26b027b85f7c43fdb2177d851a300a83a79afbcb0de63047,reference._load_report: valid
anneal-3730-lake-plugin-combined-family-mix-2026-09-29,True,False,d7d03f9a339b8bff6f843be2317e949c94aab92d396240eb6b09a604564866c4,reference._load_report: valid
anneal-3730-lake-prepared-contract-2026-09-29,True,False,5315c9f8ac039511e54f3433fc6b93711d3f725c46ffee517d943c2d8625df5a,reference._load_report: valid
anneal-3730-lake-same-key-artifact-writers-2026-09-29,True,False,d0e4fe2676101e832c3284d1dd01f06b6984be1032a777c1df17979af717da00,reference._load_report: valid
anneal-3730-lake-writer-recovery-2026-09-29,True,False,344df196e0795230bf8935714ee69a11025a647a12f04c34b3f1762573e7ea47,reference._load_report: valid
anneal-3730-lake-writer-scale-v4-30-0-rc2,True,False,b299e780a00389b2172746a0b7f08481e2599d63a69fef935309cf9b09f6db6e,reference._load_report: valid
anneal-3730-last-good-model-after-rust-failure-2026-09-29,True,False,080f5da732d7f2fb7fb11d54e4639cafb2b94b4c04c8de32cb42a2d87e183391,reference._load_report: valid
anneal-3730-last-good-model-signature-recovery-2026-09-29,True,False,bf0b4e9718f2f47091b6dda1250d9416e0ae62b593f4b4fbe05fcecb563da484,reference._load_report: valid
anneal-3730-lean-artifact-layouts-v4-30-0-rc2,True,False,df1f30c4226e348d0df0d65902d84aba2d8df2116728d090185ad0faa63797d4,reference._load_report: valid
anneal-3730-lean-cross-version-equivalence-v4-29-v4-30-rc2-2026-09-29,True,False,75cc09a5d1852e43e45cb69a49c24fb6b6e3574e4602a8061a84873548a368be,reference._load_report: valid
anneal-3730-lean-launch-refresh-matrix-v4-30-0-rc2,True,False,d605f66dd1b245f777ecaf704e239f32fbf88973c8a4fbe2beb280771f1bb178,reference._load_report: valid
anneal-3730-lean-lsp-multifile-actions-hints-2026-09-29,True,False,0d93efc83cf2193a028773ff149a0fb7e67a3376050fe6d95fd3223ced7cc330,reference._load_report: valid
anneal-3730-lean-lsp-navigation-edit-operations-2026-09-29,True,False,25fa4793edbfd4a31e8356df51fbac2d3b826b7e54a794d60442331c09579d47,reference._load_report: valid
anneal-3730-lean-lsp-projection-code-actions-2026-09-29,True,False,395ad6305ab3043927ac5538cb252b03c94866eef3571fc8668d476a9930b71f,reference._load_report: valid
anneal-3730-lean-mcp-adapter-availability-probe-2026-09-29,True,False,5b818d2e389ca8be1a1858ac61759880c6b7b161f035762da351a4d160374969,reference._load_report: valid
anneal-3730-lean-multiminute-restart-resource-soak-2026-09-29,True,False,632e32e04f4599c295cea5bfb8327787197ef4cfbb518d92b2a5d1f4af344b35,reference._load_report: valid
anneal-3730-lean-pool-failure-isolation-2026-09-29,False,True,9ed2de3c8a099b1eb1bda350918dc8967fc926b8015ed13864009fb325913224,reference._load_report: valid
anneal-3730-lean-protocol-import-deletion-v4-30-0-rc2,True,False,54d3b2cbb5003c200a04b0936af27fc8c62072847c4405bf7cdb986544990b7b,reference._load_report: valid
anneal-3730-lean-protocol-races-v4-30-0-rc2,True,False,a62580cbc900f4b76e587062ffb209720bdb5bcae4a2d5af12930df7635cdd7d,reference._load_report: valid
anneal-3730-lean-rpc-lifetimes-v4-30-0-rc2,True,False,21dd4915bfdc3173ff81b035cff4f9a089c24b3833f8a904bfdcb1166b327707,reference._load_report: valid
anneal-3730-lean-server-resource-drift-soak-2026-09-29,False,True,8dd9fc4f63edfc86c460c355b7d70f1539e88d2cbeec6160b0d84b758baeb3c7,reference._load_report: valid
anneal-3730-lean-server-soak-context-rpc-2026-09-29,True,False,df16ba9296c1d30e2cac0ba03af23a26a2924c643331e6ce500e82df28894c63,reference._load_report: valid
anneal-3730-lean-transitive-import-rpc-matrix-2026-09-29,True,False,0bff5986f511faf4fec14941f14f92957082e96f935c08dae93228aabd8a485f,reference._load_report: valid
anneal-3730-live-proof-import-state-2026-09-29,True,False,d0f3514bea19a22aaa15584a50ecfdca3a43cde269d2f796f09b66f179e11ce5,reference._load_report: valid
anneal-3730-multiclient-editor-contract-2026-09-29,True,False,7bfc17cc32ba61c02eb6c964dbe7f5da025de86e54afc889460a32b57a4ba2d0,reference._load_report: valid
anneal-3730-nested-parallelism-budget-2026-09-29,False,True,8dd9813b20282cc5ef010bacc621ea91d04f1ead851af1e3dee6d7d3c73dae1a,reference._load_report: valid
anneal-3730-partial-elaboration-queries-v4-30-0-rc2,True,False,6a50fb62a855b2f65caa776c44cd5b19baa7b14e08564e1ae74a3b1cd8d2772f,reference._load_report: valid
anneal-3730-per-worker-copied-byte-inventory-2026-09-29,True,False,f207f037ab7cb5b82d64fcafb5dff194d50a545b81426c60ba1c3f0b0f66e3c0,reference._load_report: valid
anneal-3730-platform-filesystem-boundary-2026-09-29,True,False,8e2ebeae92853f461f3e08fd6deef6593b46830488d44c629721ec629ae19f23,reference._load_report: valid
anneal-3730-projection-macro-doccomment-patch-matrix-2026-09-29,True,False,680dd697271a094027a6b4b95c2cd0086447a5b6866c01b031f2d10edaa800bb,reference._load_report: valid
anneal-3730-projection-properties-2026-09-29,True,False,92b9bb757965de104878dbda6f1d8bcc8913500a616dbb162e1b6232d48e40d4,reference._load_report: valid
anneal-3730-projection-provenance-2026-09-29,True,False,77308837d5f6d6fac3ac64eb8dbe2ad2dd7148794bf1157120db11b5b8943f87,reference._load_report: valid
anneal-3730-real-lean-filesystem-lifetimes-2026-09-29,True,False,05ac972e20bb9822a0f298e9bb82238e0dbad2d65e02484f37f15d129e8ef36b,reference._load_report: valid
anneal-3730-resource-economics-2026-09-29,True,False,68ef124930909d43b5d347ae1e0b60c2a340bd414227156c4aba2fa7bfc7ee41,reference._load_report: valid
anneal-3730-resource-soak-contamination-2026-09-29,True,False,886c145b6bcd7bb6d1229b424920ce74be4b884e51dd1b79867eb29ad863fc10,reference._load_report: valid
anneal-3730-retention-economics-v4-30-0-rc2,True,False,b67d38b89614dd643d840e4b65c500bc8fa8e21f995a2e04ba1301fde01a9f54,reference._load_report: valid
anneal-3730-rust-charon-aeneas-lean-golden-vertical-2026-09-29,True,False,0c5dd932959d7babd3ce7c5f006d5ccf5451929992462f79f2236003e1cfb926,reference._load_report: valid
anneal-3730-rust-input-snapshot-2026-09-29,True,False,f82b3f9037b2f05dc546d54f80085186e66a862e017b42324c81c708a574f1f1,reference._load_report: valid
anneal-3730-rust-to-lean-infoview-reconnect-2026-09-29,True,False,c7fa5607f6e0bdb14dac93b72c05b174fe6342790586de51e80899c319d1e631,reference._load_report: valid
anneal-3730-saved-vs-private-rust-overlay-2026-09-29,True,False,1ea994320953319878a33251e471fb62f9263fdb369b3fd7162e22dcca071f6a,reference._load_report: valid
anneal-3730-scratch-pool-scaling-2026-09-29,True,False,46d05cf816991e1b7b956b2a22cb8b108be900b9b75bb3b1eff5be83e34216b4,reference._load_report: valid
anneal-3730-scratch-tactic-cas-experiment-2026-09-29,True,False,3f8e8611625a83df37e1e5c888937a44d9c12ce6aebc783b9eed36dba65653e1,reference._load_report: valid
anneal-3730-scratch-tactic-concurrency-crash-2026-09-29,True,False,480cd37f8e2e2863c3c6110b7f9d3d4017f38f6ac6f49c6a2a622c63b0454995,reference._load_report: valid
anneal-3730-server-topology-v4-30-0-rc2,True,False,69dc3ae07431936ac3c02a0db9d805cba7bda1f38d7f7dee23121728a530a564,reference._load_report: valid
anneal-3730-shared-generator-batch-live-sinks-2026-09-29,True,False,476f60b4d2ec835386f5331fe2846fe5d01cba055dde6c05a708c842967ac840,reference._load_report: valid
anneal-3730-snapshot-capture-jobs-2026-09-29,True,False,1822e364cf154734907230cb07f53cf9d7ee7b384d88a985d9771470c12a8ee0,reference._load_report: valid
anneal-3730-source-owned-projection-diagnostic-matrix-2026-09-29,True,False,49f4eed6067973aa1884bdd0696d4eab64f64897554b67fc6b5b30801de874d6,reference._load_report: valid
anneal-3730-trust-evidence-boundary-2026-09-29,True,False,4a33445ba0de5136cf3feea642defe25e3e08d2cf234210e5ab0faa8486acb40,reference._load_report: valid
anneal-3730-upstream-api-projection-precedents-2026-09-29,True,False,80b8c9b9699a9b4a63d9d0491f2398cabb66839cf7310811ead613a9df56f5fe,reference._load_report: valid
anneal-3730-vertical-acceptance-v4-30-0-rc2,True,False,8ec34505ae7c3bad9f9840788a6d17ddf60293e2b5060f54e033336833acf409,reference._load_report: valid
