inventory_id,classification,original_report,source_relation_at_mapped_scope,basis,google_same,google_changed,google_absent,bundle_same,bundle_changed,bundle_absent,published_source_reviews,published_review_result,pinned_repositories,observed_default_head_refs,inventory_target,remaining_gap,target_runtime,anneal_product
R138,prior_comparison,reports/anneal-3730-compatible-bundle-upgrade-golden-2026-09-29/REPORT.md,changed,direct_git_object,0,0,0,0,4,0,,,AeneasVerif/aeneas | AeneasVerif/charon,"{""AeneasVerif/aeneas"": ""ca282ec2312a96f6a985a4d23a663690816d3f3e"", ""AeneasVerif/charon"": ""a5621da44833f2296bb3164524c63490baccbdf6""}",Aeneas nightly-2026.09.30-0855ce1 with its paired Charon e435e5f and Lean 4.31.0; separate standalone Charon comparison.,Prior two-bundle output result was not rerun under the September bundle.,unexecuted_in_this_audit,unassessed_in_this_audit
R182,prior_comparison,reports/anneal-3730-lean-cross-version-equivalence-v4-29-v4-30-rc2-2026-09-29/REPORT.md,unavailable,no_claim_mapped_comparison,0,0,0,0,0,0,reports/lean-429-430-comparison-to-4341-source-review/REPORT.md,,google/zerocopy,"{""google/zerocopy"": ""cc135f46155b72e4b51188525c2974a3b84acf92""}",Lean/Lake stable v4.34.1; optional prerelease v4.35.0-rc3. Rebuild all OLean/native artifacts.,Historical Lean 4.29/4.30 comparison; full 4.34.1 behavior unresolved.,unexecuted_in_this_audit,unassessed_in_this_audit
R196,prior_comparison,reports/anneal-3730-lean-transitive-import-rpc-matrix-2026-09-29/REPORT.md,unavailable,no_claim_mapped_comparison,0,0,0,0,0,0,reports/lean-429-430-comparison-to-4341-source-review/REPORT.md,,leanprover/lean4,"{""leanprover/lean4"": ""77f336f7ae6a60419d3882e0d5ca7ac3a2155528""}",Lean/Lake stable v4.34.1; optional prerelease v4.35.0-rc3. Rebuild all OLean/native artifacts.,Historical Lean 4.29/4.30 comparison; full 4.34.1 behavior unresolved.,unexecuted_in_this_audit,unassessed_in_this_audit
R255,prior_comparison,reports/anneal-3731-i062-lean429-version-diff-2026-09-30/REPORT.md,unavailable,no_claim_mapped_comparison,0,0,0,0,0,0,reports/lean-429-430-comparison-to-4341-source-review/REPORT.md,,,{},Lean/Lake stable v4.34.1; optional prerelease v4.35.0-rc3. Rebuild all OLean/native artifacts.,Historical Lean 4.29/4.30 comparison; current Unicode/capability behavior unresolved.,unexecuted_in_this_audit,unassessed_in_this_audit
R306,source_revision_recheck,reports/anneal-archive-read-only-behavior-main-41f5b37/REPORT.md,unchanged,direct_git_object,5,0,0,0,0,0,,,google/zerocopy,"{""google/zerocopy"": ""cc135f46155b72e4b51188525c2974a3b84acf92""}",Compare named pinned source against the newer upstream source revision; preserve historical claims. Exact current tip/release requires per-repository verification.,This source-only comparison does not establish target runtime or Anneal product behavior.,unexecuted_in_this_audit,unassessed_in_this_audit
R307,source_revision_recheck,reports/anneal-archive-timestamps-lake-reuse-v4-30-0-rc2/REPORT.md,unchanged,direct_git_object,1,0,0,0,0,0,,,google/zerocopy | leanprover/lean4,"{""google/zerocopy"": ""cc135f46155b72e4b51188525c2974a3b84acf92"", ""leanprover/lean4"": ""77f336f7ae6a60419d3882e0d5ca7ac3a2155528""}",Compare named pinned source against the newer upstream source revision; preserve historical claims. Exact current tip/release requires per-repository verification.,This source-only comparison does not establish target runtime or Anneal product behavior.,unexecuted_in_this_audit,unassessed_in_this_audit
R308,source_revision_recheck,reports/anneal-cross-tool-error-provenance-specimens-v4-30-0-rc2/REPORT.md,unchanged,direct_git_object,2,0,0,0,0,0,,,AeneasVerif/aeneas | charon-lang/charon | google/zerocopy | leanprover/lean4,"{""AeneasVerif/aeneas"": ""ca282ec2312a96f6a985a4d23a663690816d3f3e"", ""charon-lang/charon"": ""182f3c17255f0e986db41238f081677883d2f1d1"", ""google/zerocopy"": ""cc135f46155b72e4b51188525c2974a3b84acf92"", ""leanprover/lean4"": ""77f336f7ae6a60419d3882e0d5ca7ac3a2155528""}",Compare named pinned source against the newer upstream source revision; preserve historical claims. Exact current tip/release requires per-repository verification.,This source-only comparison does not establish target runtime or Anneal product behavior.,unexecuted_in_this_audit,unassessed_in_this_audit
R309,source_revision_recheck,reports/anneal-error-provenance-classification-nightly-2026-06-03-v4-30-0-rc2/REPORT.md,changed,direct_git_object,2,0,0,2,7,0,,,AeneasVerif/aeneas | AeneasVerif/charon | google/zerocopy | leanprover/lean4 | rust-lang/rust,"{""AeneasVerif/aeneas"": ""ca282ec2312a96f6a985a4d23a663690816d3f3e"", ""AeneasVerif/charon"": ""a5621da44833f2296bb3164524c63490baccbdf6"", ""google/zerocopy"": ""cc135f46155b72e4b51188525c2974a3b84acf92"", ""leanprover/lean4"": ""77f336f7ae6a60419d3882e0d5ca7ac3a2155528"", ""rust-lang/rust"": ""6006fd03947bd7b04ae5cb5f7f9bb66b44dc8c6e""}",Compare named pinned source against the newer upstream source revision; preserve historical claims. Exact current tip/release requires per-repository verification.,This source-only comparison does not establish target runtime or Anneal product behavior.,unexecuted_in_this_audit,unassessed_in_this_audit
R310,source_revision_recheck,reports/anneal-external-crate-diagnostic-source-recovery-nightly-2026-05-31-main-41f5b37/REPORT.md,changed,direct_git_object,3,0,0,2,2,0,,,AeneasVerif/aeneas | AeneasVerif/charon | google/zerocopy,"{""AeneasVerif/aeneas"": ""ca282ec2312a96f6a985a4d23a663690816d3f3e"", ""AeneasVerif/charon"": ""a5621da44833f2296bb3164524c63490baccbdf6"", ""google/zerocopy"": ""cc135f46155b72e4b51188525c2974a3b84acf92""}",Compare named pinned source against the newer upstream source revision; preserve historical claims. Exact current tip/release requires per-repository verification.,This source-only comparison does not establish target runtime or Anneal product behavior.,unexecuted_in_this_audit,unassessed_in_this_audit
R311,source_revision_recheck,reports/anneal-host-platform-matrix-main-41f5b37/REPORT.md,changed,direct_git_object,2,0,0,1,4,0,,,AeneasVerif/aeneas | AeneasVerif/charon | google/zerocopy | leanprover/lean4,"{""AeneasVerif/aeneas"": ""ca282ec2312a96f6a985a4d23a663690816d3f3e"", ""AeneasVerif/charon"": ""a5621da44833f2296bb3164524c63490baccbdf6"", ""google/zerocopy"": ""cc135f46155b72e4b51188525c2974a3b84acf92"", ""leanprover/lean4"": ""77f336f7ae6a60419d3882e0d5ca7ac3a2155528""}",Compare named pinned source against the newer upstream source revision; preserve historical claims. Exact current tip/release requires per-repository verification.,This source-only comparison does not establish target runtime or Anneal product behavior.,unexecuted_in_this_audit,unassessed_in_this_audit
R313,source_revision_recheck,reports/anneal-interactive-pipeline-invalidation-graph-main-41f5b37/REPORT.md,changed,direct_git_object,2,0,0,0,8,0,,,AeneasVerif/aeneas | AeneasVerif/charon | google/zerocopy | leanprover/lean4,"{""AeneasVerif/aeneas"": ""ca282ec2312a96f6a985a4d23a663690816d3f3e"", ""AeneasVerif/charon"": ""a5621da44833f2296bb3164524c63490baccbdf6"", ""google/zerocopy"": ""cc135f46155b72e4b51188525c2974a3b84acf92"", ""leanprover/lean4"": ""77f336f7ae6a60419d3882e0d5ca7ac3a2155528""}",Compare named pinned source against the newer upstream source revision; preserve historical claims. Exact current tip/release requires per-repository verification.,This source-only comparison does not establish target runtime or Anneal product behavior.,unexecuted_in_this_audit,unassessed_in_this_audit
R314,source_revision_recheck,reports/anneal-linux-elf-relocation-main-41f5b37/REPORT.md,changed,direct_git_object,7,0,0,0,3,0,,,AeneasVerif/aeneas | AeneasVerif/charon | NixOS/nixpkgs | google/zerocopy,"{""AeneasVerif/aeneas"": ""ca282ec2312a96f6a985a4d23a663690816d3f3e"", ""AeneasVerif/charon"": ""a5621da44833f2296bb3164524c63490baccbdf6"", ""NixOS/nixpkgs"": ""c59305bab2065cfecc4944690d9eedbb56f3a9fa"", ""google/zerocopy"": ""cc135f46155b72e4b51188525c2974a3b84acf92""}",Compare named pinned source against the newer upstream source revision; preserve historical claims. Exact current tip/release requires per-repository verification.,This source-only comparison does not establish target runtime or Anneal product behavior.,unexecuted_in_this_audit,unassessed_in_this_audit
R315,source_revision_recheck,reports/anneal-macos-macho-relocation-main-41f5b37/REPORT.md,changed,direct_git_object,5,0,0,0,3,0,,,AeneasVerif/aeneas | AeneasVerif/charon | google/zerocopy,"{""AeneasVerif/aeneas"": ""ca282ec2312a96f6a985a4d23a663690816d3f3e"", ""AeneasVerif/charon"": ""a5621da44833f2296bb3164524c63490baccbdf6"", ""google/zerocopy"": ""cc135f46155b72e4b51188525c2974a3b84acf92""}",Compare named pinned source against the newer upstream source revision; preserve historical claims. Exact current tip/release requires per-repository verification.,This source-only comparison does not establish target runtime or Anneal product behavior.,unexecuted_in_this_audit,unassessed_in_this_audit
R316,source_revision_recheck,reports/anneal-nix-fixed-output-downloads-main-41f5b37/REPORT.md,unchanged,direct_git_object,1,0,0,0,0,0,,,google/zerocopy,"{""google/zerocopy"": ""cc135f46155b72e4b51188525c2974a3b84acf92""}",Compare named pinned source against the newer upstream source revision; preserve historical claims. Exact current tip/release requires per-repository verification.,This source-only comparison does not establish target runtime or Anneal product behavior.,unexecuted_in_this_audit,unassessed_in_this_audit
R317,source_revision_recheck,reports/anneal-nix-ifd-version-extraction-main-41f5b37/REPORT.md,unchanged,direct_git_object,1,0,0,0,0,0,,,google/zerocopy,"{""google/zerocopy"": ""cc135f46155b72e4b51188525c2974a3b84acf92""}",Compare named pinned source against the newer upstream source revision; preserve historical claims. Exact current tip/release requires per-repository verification.,This source-only comparison does not establish target runtime or Anneal product behavior.,unexecuted_in_this_audit,unassessed_in_this_audit
R318,source_revision_recheck,reports/anneal-nix-toolchain-tree-relocation-aarch64-darwin-2026-09-27/REPORT.md,unchanged,direct_git_object,1,0,0,0,0,0,,,google/zerocopy | leanprover/lean4,"{""google/zerocopy"": ""cc135f46155b72e4b51188525c2974a3b84acf92"", ""leanprover/lean4"": ""77f336f7ae6a60419d3882e0d5ca7ac3a2155528""}",Compare named pinned source against the newer upstream source revision; preserve historical claims. Exact current tip/release requires per-repository verification.,This source-only comparison does not establish target runtime or Anneal product behavior.,unexecuted_in_this_audit,unassessed_in_this_audit
R319,source_revision_recheck,reports/anneal-offline-installation-execution-main-41f5b37/REPORT.md,changed,direct_git_object,5,0,0,0,5,0,,,google/zerocopy | leanprover/lean4,"{""google/zerocopy"": ""cc135f46155b72e4b51188525c2974a3b84acf92"", ""leanprover/lean4"": ""77f336f7ae6a60419d3882e0d5ca7ac3a2155528""}",Compare named pinned source against the newer upstream source revision; preserve historical claims. Exact current tip/release requires per-repository verification.,This source-only comparison does not establish target runtime or Anneal product behavior.,unexecuted_in_this_audit,unassessed_in_this_audit
R320,source_revision_recheck,reports/anneal-omnibus-archive-byte-reproducibility-main-41f5b37/REPORT.md,unchanged,direct_git_object,2,0,0,0,0,0,,,NixOS/nixpkgs | google/zerocopy,"{""NixOS/nixpkgs"": ""c59305bab2065cfecc4944690d9eedbb56f3a9fa"", ""google/zerocopy"": ""cc135f46155b72e4b51188525c2974a3b84acf92""}",Compare named pinned source against the newer upstream source revision; preserve historical claims. Exact current tip/release requires per-repository verification.,This source-only comparison does not establish target runtime or Anneal product behavior.,unexecuted_in_this_audit,unassessed_in_this_audit
R321,source_revision_recheck,reports/anneal-synthesized-scaffolding-diagnostic-provenance-main-41f5b37/REPORT.md,unchanged,direct_git_object,8,0,0,0,0,0,,,google/zerocopy,"{""google/zerocopy"": ""cc135f46155b72e4b51188525c2974a3b84acf92""}",Compare named pinned source against the newer upstream source revision; preserve historical claims. Exact current tip/release requires per-repository verification.,This source-only comparison does not establish target runtime or Anneal product behavior.,unexecuted_in_this_audit,unassessed_in_this_audit
R322,source_revision_recheck,reports/anneal-toolchain-version-coupling-main-41f5b37/REPORT.md,changed,direct_git_object,5,0,0,1,6,0,,,AeneasVerif/aeneas | AeneasVerif/charon | google/zerocopy | leanprover-community/mathlib4 | leanprover/lean4,"{""AeneasVerif/aeneas"": ""ca282ec2312a96f6a985a4d23a663690816d3f3e"", ""AeneasVerif/charon"": ""a5621da44833f2296bb3164524c63490baccbdf6"", ""google/zerocopy"": ""cc135f46155b72e4b51188525c2974a3b84acf92"", ""leanprover-community/mathlib4"": ""2a885768dae569d938bb9ff3474da6a8753bb90a"", ""leanprover/lean4"": ""77f336f7ae6a60419d3882e0d5ca7ac3a2155528""}",Compare named pinned source against the newer upstream source revision; preserve historical claims. Exact current tip/release requires per-repository verification.,This source-only comparison does not establish target runtime or Anneal product behavior.,unexecuted_in_this_audit,unassessed_in_this_audit
R323,source_revision_recheck,reports/anneal-v1-abs-end-to-end-fail-closed-controls-2026-09-28/REPORT.md,unchanged,direct_git_object,2,0,0,0,0,0,,,AeneasVerif/aeneas | AeneasVerif/charon | google/zerocopy | leanprover-community/mathlib4 | leanprover/lean4,"{""AeneasVerif/aeneas"": ""ca282ec2312a96f6a985a4d23a663690816d3f3e"", ""AeneasVerif/charon"": ""a5621da44833f2296bb3164524c63490baccbdf6"", ""google/zerocopy"": ""cc135f46155b72e4b51188525c2974a3b84acf92"", ""leanprover-community/mathlib4"": ""2a885768dae569d938bb9ff3474da6a8753bb90a"", ""leanprover/lean4"": ""77f336f7ae6a60419d3882e0d5ca7ac3a2155528""}",Compare named pinned source against the newer upstream source revision; preserve historical claims. Exact current tip/release requires per-repository verification.,This source-only comparison does not establish target runtime or Anneal product behavior.,unexecuted_in_this_audit,unassessed_in_this_audit
R324,source_revision_recheck,reports/anneal-v1-annotation-diagnostics-history-2026-09-27/REPORT.md,unchanged,direct_git_object,3,0,2,0,0,0,,,google/zerocopy,"{""google/zerocopy"": ""cc135f46155b72e4b51188525c2974a3b84acf92""}",Compare named pinned source against the newer upstream source revision; preserve historical claims. Exact current tip/release requires per-repository verification.,Old report links use pre-reorganization anneal/src paths; current v1 files were also checked. Some cited paths are absent at one or both refs; see pair evidence.,unexecuted_in_this_audit,unassessed_in_this_audit
R325,source_revision_recheck,reports/anneal-v1-clean-workspace-prebuilt-archive-41f5b37/REPORT.md,unchanged,direct_git_object,3,0,0,0,0,0,,,google/zerocopy,"{""google/zerocopy"": ""cc135f46155b72e4b51188525c2974a3b84acf92""}",Compare named pinned source against the newer upstream source revision; preserve historical claims. Exact current tip/release requires per-repository verification.,This source-only comparison does not establish target runtime or Anneal product behavior.,unexecuted_in_this_audit,unassessed_in_this_audit
R326,source_revision_recheck,reports/anneal-v1-contract-mutation-adequacy-2026-09-28/REPORT.md,unchanged,direct_git_object,1,0,0,0,0,0,,,AeneasVerif/aeneas | AeneasVerif/charon | google/zerocopy | leanprover-community/mathlib4 | leanprover/lean4,"{""AeneasVerif/aeneas"": ""ca282ec2312a96f6a985a4d23a663690816d3f3e"", ""AeneasVerif/charon"": ""a5621da44833f2296bb3164524c63490baccbdf6"", ""google/zerocopy"": ""cc135f46155b72e4b51188525c2974a3b84acf92"", ""leanprover-community/mathlib4"": ""2a885768dae569d938bb9ff3474da6a8753bb90a"", ""leanprover/lean4"": ""77f336f7ae6a60419d3882e0d5ca7ac3a2155528""}",Compare named pinned source against the newer upstream source revision; preserve historical claims. Exact current tip/release requires per-repository verification.,This source-only comparison does not establish target runtime or Anneal product behavior.,unexecuted_in_this_audit,unassessed_in_this_audit
R327,source_revision_recheck,reports/anneal-v1-coverage-totality-holes-41f5b37/REPORT.md,unchanged,direct_git_object,9,0,0,0,0,0,,,google/zerocopy,"{""google/zerocopy"": ""cc135f46155b72e4b51188525c2974a3b84acf92""}",Compare named pinned source against the newer upstream source revision; preserve historical claims. Exact current tip/release requires per-repository verification.,This source-only comparison does not establish target runtime or Anneal product behavior.,unexecuted_in_this_audit,unassessed_in_this_audit
R328,source_revision_recheck,reports/anneal-v1-end-to-end-pipeline-41f5b37/REPORT.md,unchanged,direct_git_object,11,0,0,0,0,0,,,google/zerocopy,"{""google/zerocopy"": ""cc135f46155b72e4b51188525c2974a3b84acf92""}",Compare named pinned source against the newer upstream source revision; preserve historical claims. Exact current tip/release requires per-repository verification.,This source-only comparison does not establish target runtime or Anneal product behavior.,unexecuted_in_this_audit,unassessed_in_this_audit
R329,source_revision_recheck,reports/anneal-v1-generated-lean-abi-main-41f5b37/REPORT.md,changed,direct_git_object,7,0,0,0,2,0,,,AeneasVerif/aeneas | google/zerocopy,"{""AeneasVerif/aeneas"": ""ca282ec2312a96f6a985a4d23a663690816d3f3e"", ""google/zerocopy"": ""cc135f46155b72e4b51188525c2974a3b84acf92""}",Compare named pinned source against the newer upstream source revision; preserve historical claims. Exact current tip/release requires per-repository verification.,This source-only comparison does not establish target runtime or Anneal product behavior.,unexecuted_in_this_audit,unassessed_in_this_audit
R330,source_revision_recheck,reports/anneal-v1-generated-workspace-relocation-probe-2026-09-28/REPORT.md,unchanged,direct_git_object,2,0,0,0,0,0,,,google/zerocopy | leanprover/lean4,"{""google/zerocopy"": ""cc135f46155b72e4b51188525c2974a3b84acf92"", ""leanprover/lean4"": ""77f336f7ae6a60419d3882e0d5ca7ac3a2155528""}",Compare named pinned source against the newer upstream source revision; preserve historical claims. Exact current tip/release requires per-repository verification.,This source-only comparison does not establish target runtime or Anneal product behavior.,unexecuted_in_this_audit,unassessed_in_this_audit
R331,source_revision_recheck,reports/anneal-v1-integration-test-disk-amplification-f98458e/REPORT.md,changed,direct_git_object,2,1,1,0,0,0,,,google/zerocopy,"{""google/zerocopy"": ""cc135f46155b72e4b51188525c2974a3b84acf92""}",Compare named pinned source against the newer upstream source revision; preserve historical claims. Exact current tip/release requires per-repository verification.,Old anneal/tests/integration.rs path was removed; current anneal/v1/tests/integration.rs differs as a relocated source file. Some cited paths are absent at one or both refs; see pair evidence.,unexecuted_in_this_audit,unassessed_in_this_audit
R332,source_revision_recheck,reports/anneal-v1-interactive-dependency-invalidation-2026-09-28/REPORT.md,unchanged,direct_git_object,1,0,0,0,0,0,,,google/aeneas | google/zerocopy | leanprover/lean4,"{""google/aeneas"": null, ""google/zerocopy"": ""cc135f46155b72e4b51188525c2974a3b84acf92"", ""leanprover/lean4"": ""77f336f7ae6a60419d3882e0d5ca7ac3a2155528""}",Compare named pinned source against the newer upstream source revision; preserve historical claims. Exact current tip/release requires per-repository verification.,This source-only comparison does not establish target runtime or Anneal product behavior.,unexecuted_in_this_audit,unassessed_in_this_audit
R333,source_revision_recheck,reports/anneal-v1-issafe-semantic-gaps-41f5b37/REPORT.md,unchanged,direct_git_object,6,0,0,0,0,0,,,google/zerocopy,"{""google/zerocopy"": ""cc135f46155b72e4b51188525c2974a3b84acf92""}",Compare named pinned source against the newer upstream source revision; preserve historical claims. Exact current tip/release requires per-repository verification.,This source-only comparison does not establish target runtime or Anneal product behavior.,unexecuted_in_this_audit,unassessed_in_this_audit
R334,source_revision_recheck,reports/anneal-v1-isvalid-unsoundness/REPORT.md,unchanged,direct_git_object,10,0,0,0,0,0,,,google/zerocopy,"{""google/zerocopy"": ""cc135f46155b72e4b51188525c2974a3b84acf92""}",Compare named pinned source against the newer upstream source revision; preserve historical claims. Exact current tip/release requires per-repository verification.,This source-only comparison does not establish target runtime or Anneal product behavior.,unexecuted_in_this_audit,unassessed_in_this_audit
R335,source_revision_recheck,reports/anneal-v1-lake-relocation-history-2026-09-27/REPORT.md,unchanged,direct_git_object,3,0,1,0,0,0,,,google/zerocopy | leanprover/lean4,"{""google/zerocopy"": ""cc135f46155b72e4b51188525c2974a3b84acf92"", ""leanprover/lean4"": ""77f336f7ae6a60419d3882e0d5ca7ac3a2155528""}",Compare named pinned source against the newer upstream source revision; preserve historical claims. Exact current tip/release requires per-repository verification.,Some cited paths are absent at one or both refs; see pair evidence.,unexecuted_in_this_audit,unassessed_in_this_audit
R336,source_revision_recheck,reports/anneal-v1-lifetime-erasure-soundness-main-41f5b37/REPORT.md,unchanged,direct_git_object,3,0,0,0,0,0,,,google/zerocopy,"{""google/zerocopy"": ""cc135f46155b72e4b51188525c2974a3b84acf92""}",Compare named pinned source against the newer upstream source revision; preserve historical claims. Exact current tip/release requires per-repository verification.,This source-only comparison does not establish target runtime or Anneal product behavior.,unexecuted_in_this_audit,unassessed_in_this_audit
R337,source_revision_recheck,reports/anneal-v1-orthogonal-progress-correctness-41f5b37/REPORT.md,changed,direct_git_object,4,0,0,0,2,0,,,AeneasVerif/aeneas | google/zerocopy,"{""AeneasVerif/aeneas"": ""ca282ec2312a96f6a985a4d23a663690816d3f3e"", ""google/zerocopy"": ""cc135f46155b72e4b51188525c2974a3b84acf92""}",Compare named pinned source against the newer upstream source revision; preserve historical claims. Exact current tip/release requires per-repository verification.,This source-only comparison does not establish target runtime or Anneal product behavior.,unexecuted_in_this_audit,unassessed_in_this_audit
R338,source_revision_recheck,reports/anneal-v1-proof-split-and-concat-slices-2026-09-27/REPORT.md,unchanged,direct_git_object,1,0,0,0,0,0,,,google/zerocopy,"{""google/zerocopy"": ""cc135f46155b72e4b51188525c2974a3b84acf92""}",Compare named pinned source against the newer upstream source revision; preserve historical claims. Exact current tip/release requires per-repository verification.,This source-only comparison does not establish target runtime or Anneal product behavior.,unexecuted_in_this_audit,unassessed_in_this_audit
R339,source_revision_recheck,reports/anneal-v1-source-scanner-versus-rustc-main-41f5b37/REPORT.md,unchanged,direct_git_object,8,0,0,0,0,0,,,google/zerocopy,"{""google/zerocopy"": ""cc135f46155b72e4b51188525c2974a3b84acf92""}",Compare named pinned source against the newer upstream source revision; preserve historical claims. Exact current tip/release requires per-repository verification.,This source-only comparison does not establish target runtime or Anneal product behavior.,unexecuted_in_this_audit,unassessed_in_this_audit
R340,source_revision_recheck,reports/anneal-v1-unsafe-axiom-semantics-41f5b37/REPORT.md,changed,direct_git_object,12,0,0,0,2,0,,,AeneasVerif/aeneas | google/zerocopy,"{""AeneasVerif/aeneas"": ""ca282ec2312a96f6a985a4d23a663690816d3f3e"", ""google/zerocopy"": ""cc135f46155b72e4b51188525c2974a3b84acf92""}",Compare named pinned source against the newer upstream source revision; preserve historical claims. Exact current tip/release requires per-repository verification.,This source-only comparison does not establish target runtime or Anneal product behavior.,unexecuted_in_this_audit,unassessed_in_this_audit
R341,source_revision_recheck,reports/anneal-v2-cargo-root-selection-multipackage-2026-09-29/REPORT.md,unchanged,direct_git_object,1,0,0,0,0,0,,,google/zerocopy,"{""google/zerocopy"": ""cc135f46155b72e4b51188525c2974a3b84acf92""}",Compare named pinned source against the newer upstream source revision; preserve historical claims. Exact current tip/release requires per-repository verification.,This source-only comparison does not establish target runtime or Anneal product behavior.,unexecuted_in_this_audit,unassessed_in_this_audit
R342,source_revision_recheck,reports/anneal-v2-current-source-surface-main-bd0956b-2026-09-29/REPORT.md,unchanged,direct_git_object,11,0,0,0,0,0,,,google/zerocopy,"{""google/zerocopy"": ""cc135f46155b72e4b51188525c2974a3b84acf92""}",Compare named pinned source against the newer upstream source revision; preserve historical claims. Exact current tip/release requires per-repository verification.,This source-only comparison does not establish target runtime or Anneal product behavior.,unexecuted_in_this_audit,unassessed_in_this_audit
R343,source_revision_recheck,reports/anneal-v2-feature-subject-slug-collision-2026-09-29/REPORT.md,unchanged,direct_git_object,1,0,0,0,0,0,,,google/zerocopy,"{""google/zerocopy"": ""cc135f46155b72e4b51188525c2974a3b84acf92""}",Compare named pinned source against the newer upstream source revision; preserve historical claims. Exact current tip/release requires per-repository verification.,This source-only comparison does not establish target runtime or Anneal product behavior.,unexecuted_in_this_audit,unassessed_in_this_audit
R344,source_revision_recheck,reports/anneal-v2-profile-cfg-subject-slug-collision-2026-09-29/REPORT.md,unchanged,direct_git_object,1,0,0,0,0,0,,,google/zerocopy,"{""google/zerocopy"": ""cc135f46155b72e4b51188525c2974a3b84acf92""}",Compare named pinned source against the newer upstream source revision; preserve historical claims. Exact current tip/release requires per-repository verification.,This source-only comparison does not establish target runtime or Anneal product behavior.,unexecuted_in_this_audit,unassessed_in_this_audit
R346,source_revision_recheck,reports/buck-to-buck2-one-graph-rewrite-2013-2026/REPORT.md,unchanged,inherited_published_review,2,0,0,0,0,0,reports/buck2-current-source-review/REPORT.md,mapped_docs_unchanged_adjacent_dice_api_delta_no_architecture_or_behavior_conclusion,facebook/buck | facebook/buck2 | google/zerocopy,"{""facebook/buck"": ""9c7c421e49f4d92d67321f18c6d1cd90974c77c4"", ""facebook/buck2"": ""2484d70a6f8a5b1f26cbdfdbd7758c9c5b746f49"", ""google/zerocopy"": ""cc135f46155b72e4b51188525c2974a3b84acf92""}",Compare named pinned source against the newer upstream source revision; preserve historical claims. Exact current tip/release requires per-repository verification.,This source-only comparison does not establish target runtime or Anneal product behavior.,unexecuted_in_this_audit,unassessed_in_this_audit
R351,source_revision_recheck,reports/cargo-rustc-cache-reuse-extraction-boundaries-2016-2026/REPORT.md,unchanged,direct_git_object,2,0,0,0,0,0,,,AeneasVerif/charon | google/zerocopy | mozilla/sccache | rust-lang/cargo | rust-lang/rust,"{""AeneasVerif/charon"": ""a5621da44833f2296bb3164524c63490baccbdf6"", ""google/zerocopy"": ""cc135f46155b72e4b51188525c2974a3b84acf92"", ""mozilla/sccache"": ""54b6f72a5d3583e8ccb8b83d44e5d41400d8039c"", ""rust-lang/cargo"": ""4f3fb2428282fb2467c4bb5be0163d2f42a31491"", ""rust-lang/rust"": ""6006fd03947bd7b04ae5cb5f7f9bb66b44dc8c6e""}",Compare named pinned source against the newer upstream source revision; preserve historical claims. Exact current tip/release requires per-repository verification.,The unchanged Anneal design files do not recheck the report’s Cargo/rustc implementation claims.,unexecuted_in_this_audit,unassessed_in_this_audit
R368,prior_comparison,reports/charon-llbc-output-goldens-and-revision-diffs-2026-09-27/REPORT.md,changed,direct_git_object,0,0,0,0,1,0,,,AeneasVerif/aeneas | AeneasVerif/charon | rust-lang/rust,"{""AeneasVerif/aeneas"": ""ca282ec2312a96f6a985a4d23a663690816d3f3e"", ""AeneasVerif/charon"": ""a5621da44833f2296bb3164524c63490baccbdf6"", ""rust-lang/rust"": ""6006fd03947bd7b04ae5cb5f7f9bb66b44dc8c6e""}",Aeneas nightly-2026.09.30-0855ce1 with its paired Charon e435e5f and Lean 4.31.0; separate standalone Charon comparison.,Charon golden LLBC output was not rerun at the newer source.,unexecuted_in_this_audit,unassessed_in_this_audit
R383,source_revision_recheck,reports/clangd-authority-freshness-2017-2026/REPORT.md,unchanged,inherited_published_review,0,0,0,0,0,0,reports/editor-engines-current-source-review/REPORT.md,claim_mapped_source_blobs_unchanged_broader_behavior_unresolved,llvm/clangd-www | llvm/llvm-project,"{""llvm/clangd-www"": ""ae5866d4552e30a173b8e9c3cec872a82e4c0120"", ""llvm/llvm-project"": ""c4ff7a767a271c02dd37312999c80f404219dd30""}",Compare named pinned source against the newer upstream source revision; preserve historical claims. Exact current tip/release requires per-repository verification.,This source-only comparison does not establish target runtime or Anneal product behavior.,unexecuted_in_this_audit,unassessed_in_this_audit
R386,source_revision_recheck,reports/coq-rocq-stm-serapi-fleche-architecture-2013-2026/REPORT.md,unchanged,inherited_published_review,2,0,0,0,0,0,reports/rocq-serapi-fleche-current-source-review/REPORT.md,both_default_branches_same_as_pins_zero_forward_comparison,google/zerocopy | rocq-archive/coq-serapi | rocq-community/rocq-lsp,"{""google/zerocopy"": ""cc135f46155b72e4b51188525c2974a3b84acf92"", ""rocq-archive/coq-serapi"": ""6196f9f572ef9dd3749b885cabce7a57406cedb9"", ""rocq-community/rocq-lsp"": ""2e0c43c34af6d6cad272ca2b8c4a417fe780bfbe""}",Compare named pinned source against the newer upstream source revision; preserve historical claims. Exact current tip/release requires per-repository verification.,This source-only comparison does not establish target runtime or Anneal product behavior.,unexecuted_in_this_audit,unassessed_in_this_audit
R389,source_revision_recheck,reports/dafny-boogie-viper-obligation-boundaries-2005-2026/REPORT.md,unchanged,inherited_published_review,2,0,0,0,0,0,reports/dafny-boogie-viper-current-source-review/REPORT.md,six_default_branches_equal_exact_report_pins_zero_forward_source_range,boogie-org/boogie | dafny-lang/dafny | google/zerocopy | viperproject/carbon | viperproject/silicon | viperproject/silver | viperproject/viperserver,"{""boogie-org/boogie"": ""fcecf73a49d11ad3ab16729abd03169e5ecfd938"", ""dafny-lang/dafny"": ""5f717bf447b19d38cad1b69b1bf9a9f102feccfb"", ""google/zerocopy"": ""cc135f46155b72e4b51188525c2974a3b84acf92"", ""viperproject/carbon"": ""6421cfda16d35f37cb9a7966f04fcd2d96abdda2"", ""viperproject/silicon"": ""6ceff8be6ba55d858b7d018fdfeb866b7e8aa0ed"", ""viperproject/silver"": ""da1c8993b66feb39976e3609e2580a4661137a0f"", ""viperproject/viperserver"": ""4cc5bbbe18d4a83e4b398da3904ba9696256611b""}",Compare named pinned source against the newer upstream source revision; preserve historical claims. Exact current tip/release requires per-repository verification.,This source-only comparison does not establish target runtime or Anneal product behavior.,unexecuted_in_this_audit,unassessed_in_this_audit
R393,source_revision_recheck,reports/exocrate-archive-extraction-security-main-41f5b37/REPORT.md,unchanged,direct_git_object,5,0,0,0,0,0,,,composefs/tar-rs | google/zerocopy,"{""composefs/tar-rs"": ""2c19ee2fbd01a306127e027cb05a02568ccda1b3"", ""google/zerocopy"": ""cc135f46155b72e4b51188525c2974a3b84acf92""}",Compare named pinned source against the newer upstream source revision; preserve historical claims. Exact current tip/release requires per-repository verification.,This source-only comparison does not establish target runtime or Anneal product behavior.,unexecuted_in_this_audit,unassessed_in_this_audit
R394,source_revision_recheck,reports/exocrate-atomic-staging-rename-main-41f5b37/REPORT.md,unchanged,direct_git_object,3,0,0,0,0,0,,,google/zerocopy,"{""google/zerocopy"": ""cc135f46155b72e4b51188525c2974a3b84acf92""}",Compare named pinned source against the newer upstream source revision; preserve historical claims. Exact current tip/release requires per-repository verification.,This source-only comparison does not establish target runtime or Anneal product behavior.,unexecuted_in_this_audit,unassessed_in_this_audit
R395,source_revision_recheck,reports/exocrate-cache-version-identity-main-41f5b37/REPORT.md,unchanged,direct_git_object,5,0,0,0,0,0,,,google/zerocopy,"{""google/zerocopy"": ""cc135f46155b72e4b51188525c2974a3b84acf92""}",Compare named pinned source against the newer upstream source revision; preserve historical claims. Exact current tip/release requires per-repository verification.,This source-only comparison does not establish target runtime or Anneal product behavior.,unexecuted_in_this_audit,unassessed_in_this_audit
R396,source_revision_recheck,reports/exocrate-install-state-machine-source-review-2026-09-27/REPORT.md,unchanged,direct_git_object,8,0,0,0,0,0,,,google/zerocopy,"{""google/zerocopy"": ""cc135f46155b72e4b51188525c2974a3b84acf92""}",Compare named pinned source against the newer upstream source revision; preserve historical claims. Exact current tip/release requires per-repository verification.,This source-only comparison does not establish target runtime or Anneal product behavior.,unexecuted_in_this_audit,unassessed_in_this_audit
R397,source_revision_recheck,reports/exocrate-local-archive-trust-checksum-main-41f5b37/REPORT.md,unchanged,direct_git_object,6,0,0,0,0,0,,,google/zerocopy,"{""google/zerocopy"": ""cc135f46155b72e4b51188525c2974a3b84acf92""}",Compare named pinned source against the newer upstream source revision; preserve historical claims. Exact current tip/release requires per-repository verification.,This source-only comparison does not establish target runtime or Anneal product behavior.,unexecuted_in_this_audit,unassessed_in_this_audit
R398,source_revision_recheck,reports/exocrate-remote-archive-checksum-main-41f5b37/REPORT.md,unchanged,direct_git_object,4,0,0,0,0,0,,,google/zerocopy,"{""google/zerocopy"": ""cc135f46155b72e4b51188525c2974a3b84acf92""}",Compare named pinned source against the newer upstream source revision; preserve historical claims. Exact current tip/release requires per-repository verification.,This source-only comparison does not establish target runtime or Anneal product behavior.,unexecuted_in_this_audit,unassessed_in_this_audit
R400,source_revision_recheck,reports/fstar-extensible-proof-automation-trust-boundaries-2019-2026/REPORT.md,unchanged,inherited_published_review,2,0,0,0,0,0,reports/fstar-20260927-current-source-review/REPORT.md,no_newer_official_source_or_release_to_recheck,FStarLang/FStar | google/zerocopy | leanprover/lean4 | smtcoq/smtcoq,"{""FStarLang/FStar"": ""cd33b5dd8c5b38ea224339bd73bd259300f49c49"", ""google/zerocopy"": ""cc135f46155b72e4b51188525c2974a3b84acf92"", ""leanprover/lean4"": ""77f336f7ae6a60419d3882e0d5ca7ac3a2155528"", ""smtcoq/smtcoq"": ""3187cf12412a244859d7396e8088e6f9de0568d1""}",Compare named pinned source against the newer upstream source revision; preserve historical claims. Exact current tip/release requires per-repository verification.,This source-only comparison does not establish target runtime or Anneal product behavior.,unexecuted_in_this_audit,unassessed_in_this_audit
R404,source_revision_recheck,reports/gopls-snapshots-views-workspace-evolution-2018-2026/REPORT.md,unchanged,inherited_published_review,2,0,0,0,0,0,reports/editor-engines-current-source-review/REPORT.md,claim_mapped_source_blobs_unchanged_broader_behavior_unresolved,golang/proposal | golang/tools | google/zerocopy,"{""golang/proposal"": ""0be13090fdb0cbae0d71641bb676d924bc1c94de"", ""golang/tools"": ""134264d72fba423ca1ad358683cd3c32699b010e"", ""google/zerocopy"": ""cc135f46155b72e4b51188525c2974a3b84acf92""}",Compare named pinned source against the newer upstream source revision; preserve historical claims. Exact current tip/release requires per-repository verification.,This source-only comparison does not establish target runtime or Anneal product behavior.,unexecuted_in_this_audit,unassessed_in_this_audit
R405,source_revision_recheck,reports/haskell-ide-lineage-environment-graph-boundaries-2017-2026/REPORT.md,unchanged,inherited_published_review,0,0,0,0,0,0,reports/haskell-hls-hie-bios-current-source-review/REPORT.md,both_default_branches_equal_their_original_pins_no_forward_comparison,haskell/ghcide | haskell/haskell-ide-engine | haskell/haskell-language-server | haskell/hie-bios,"{""haskell/ghcide"": ""3ef4ef99c4b9cde867d29180c32586947df64b9e"", ""haskell/haskell-ide-engine"": ""d84b84322ccac81bf4963983d55cc4e6e98ad418"", ""haskell/haskell-language-server"": ""1cd039d9e3916264724071068f8eb38c5ee7fa85"", ""haskell/hie-bios"": ""32dd07707423ffabb34e44af68fcbd027b60ded2""}",Compare named pinned source against the newer upstream source revision; preserve historical claims. Exact current tip/release requires per-repository verification.,This source-only comparison does not establish target runtime or Anneal product behavior.,unexecuted_in_this_audit,unassessed_in_this_audit
R410,source_revision_recheck,reports/kotlin-swift-compiler-backed-ide-boundaries-2021-2026/REPORT.md,unchanged,inherited_published_review,2,0,0,0,0,0,reports/kotlin-swift-current-source-review/REPORT.md,claim_mapped_blobs_unchanged_broader_behavior_unresolved,JetBrains/kotlin | google/zerocopy | swiftlang/sourcekit-lsp | swiftlang/swift,"{""JetBrains/kotlin"": ""79b33f2836ef88425c100924bb8d29bcdf52bf48"", ""google/zerocopy"": ""cc135f46155b72e4b51188525c2974a3b84acf92"", ""swiftlang/sourcekit-lsp"": ""045c18e9e9ea35b896857b6cb982aa2373fb5816"", ""swiftlang/swift"": ""abcf002d12b0a44b15875774835c48bc90316026""}",Compare named pinned source against the newer upstream source revision; preserve historical claims. Exact current tip/release requires per-repository verification.,This source-only comparison does not establish target runtime or Anneal product behavior.,unexecuted_in_this_audit,unassessed_in_this_audit
R423,prior_comparison,reports/lake-configuration-ownership-v4-31-0/REPORT.md,changed,direct_git_object,0,0,0,1,5,0,,,leanprover/lean4,"{""leanprover/lean4"": ""77f336f7ae6a60419d3882e0d5ca7ac3a2155528""}",Lean/Lake stable v4.34.1; optional prerelease v4.35.0-rc3. Rebuild all OLean/native artifacts.,Lake 4.31 to 4.34 source paths were compared; behavior was not rerun.,unexecuted_in_this_audit,unassessed_in_this_audit
R447,prior_comparison,reports/lean-compilation-reproducibility-cross-version-v4-29-v4-30/REPORT.md,unavailable,no_claim_mapped_comparison,0,0,0,0,0,0,reports/lean-429-430-comparison-to-4341-source-review/REPORT.md,,leanprover/lean4,"{""leanprover/lean4"": ""77f336f7ae6a60419d3882e0d5ca7ac3a2155528""}",Lean/Lake stable v4.34.1; optional prerelease v4.35.0-rc3. Rebuild all OLean/native artifacts.,Historical Lean 4.29/4.30 comparison; full 4.34.1 behavior unresolved.,unexecuted_in_this_audit,unassessed_in_this_audit
R456,prior_comparison,reports/lean-import-refresh-cross-version-v4-29-to-v4-30-rc2/REPORT.md,unavailable,no_claim_mapped_comparison,0,0,0,0,0,0,reports/lean-429-430-comparison-to-4341-source-review/REPORT.md,,leanprover/lean4,"{""leanprover/lean4"": ""77f336f7ae6a60419d3882e0d5ca7ac3a2155528""}",Lean/Lake stable v4.34.1; optional prerelease v4.35.0-rc3. Rebuild all OLean/native artifacts.,Historical Lean 4.29/4.30 comparison; full 4.34.1 behavior unresolved.,unexecuted_in_this_audit,unassessed_in_this_audit
R462,prior_comparison,reports/lean-lsp-cross-version-goal-completion-v4-30-0-rc2/REPORT.md,unavailable,inherited_published_review,0,0,0,0,0,0,reports/lean-429-430-comparison-to-4341-source-review/REPORT.md,waitForDiagnostics uses requested-version <= current-document-version and PlainGoalParams remains unversioned TextDocumentPositionParams,leanprover/lean4,"{""leanprover/lean4"": ""77f336f7ae6a60419d3882e0d5ca7ac3a2155528""}",Lean/Lake stable v4.34.1; optional prerelease v4.35.0-rc3. Rebuild all OLean/native artifacts.,A narrow request source clause was rechecked; server reply-order behavior remains unresolved.,unexecuted_in_this_audit,unassessed_in_this_audit
R491,prior_comparison,reports/leantar-archive-format-v0-1-16-v0-1-19/REPORT.md,changed,direct_git_object,1,0,0,0,1,0,,,digama0/leangz | google/zerocopy | leanprover-community/mathlib4 | leanprover/lean4,"{""digama0/leangz"": ""723d10eb049ce37db602821efd7a6ec690508b65"", ""google/zerocopy"": ""cc135f46155b72e4b51188525c2974a3b84acf92"", ""leanprover-community/mathlib4"": ""2a885768dae569d938bb9ff3474da6a8753bb90a"", ""leanprover/lean4"": ""77f336f7ae6a60419d3882e0d5ca7ac3a2155528""}","Compare leantar bundled with Lean v4.34.1, optionally v4.35.0-rc3; verify its component version.",Google packaging source was checked; leangz/leantar current source and helper behavior are not directly rechecked here.,unexecuted_in_this_audit,unassessed_in_this_audit
R494,source_revision_recheck,reports/make-ninja-narrow-build-tool-boundaries-1979-2026/REPORT.md,unchanged,inherited_published_review,2,0,0,0,0,0,reports/ninja-current-source-review/REPORT.md,master_same_pinned_commit_no_forward_source_comparison_latest_release_diverged,google/zerocopy | ninja-build/ninja,"{""google/zerocopy"": ""cc135f46155b72e4b51188525c2974a3b84acf92"", ""ninja-build/ninja"": ""4e4df1e567eb3c1475a51af261cba2bfff60b4be""}",Compare named pinned source against the newer upstream source revision; preserve historical claims. Exact current tip/release requires per-repository verification.,This source-only comparison does not establish target runtime or Anneal product behavior.,unexecuted_in_this_audit,unassessed_in_this_audit
R501,source_revision_recheck,reports/netstack3-architecture-evolution-2019-2026/REPORT.md,changed,inherited_published_review,0,0,0,0,0,0,reports/netstack3-current-source-review/REPORT.md,three_changed_netstack3_blobs_narrow_claim_adjacent_no_architectural_conclusion,fuchsia/fuchsia,"{""fuchsia/fuchsia"": ""3297dfcea82a3be834bbd3d1cdc2894504cfcba9""}",Compare named pinned source against the newer upstream source revision; preserve historical claims. Exact current tip/release requires per-repository verification.,This source-only comparison does not establish target runtime or Anneal product behavior.,unexecuted_in_this_audit,unassessed_in_this_audit
R502,source_revision_recheck,reports/nix-guix-functional-deployment-roots-2007-2026/REPORT.md,unchanged,inherited_published_review,2,0,0,0,0,0,reports/nix-guix-2352-source-review/REPORT.md,already_current_at_pinned_manual_no_newer_version_delta,google/zerocopy,"{""google/zerocopy"": ""cc135f46155b72e4b51188525c2974a3b84acf92""}",Compare named pinned source against the newer upstream source revision; preserve historical claims. Exact current tip/release requires per-repository verification.,This source-only comparison does not establish target runtime or Anneal product behavior.,unexecuted_in_this_audit,unassessed_in_this_audit
R503,source_revision_recheck,reports/nix-guix-immutable-closures-mutable-roots-2004-2026/REPORT.md,unchanged,inherited_published_review,2,0,0,0,0,0,reports/nix-guix-2352-source-review/REPORT.md,selected_nix_documentation_continuity_full_claim_unresolved,NixOS/nix | NixOS/nixpkgs | google/zerocopy,"{""NixOS/nix"": ""9bc9ab32a57504f068847af4f8013417476cb1ec"", ""NixOS/nixpkgs"": ""c59305bab2065cfecc4944690d9eedbb56f3a9fa"", ""google/zerocopy"": ""cc135f46155b72e4b51188525c2974a3b84acf92""}",Compare named pinned source against the newer upstream source revision; preserve historical claims. Exact current tip/release requires per-repository verification.,This source-only comparison does not establish target runtime or Anneal product behavior.,unexecuted_in_this_audit,unassessed_in_this_audit
R506,source_revision_recheck,reports/persistent-data-structures-snapshot-space-costs-1989-2026/REPORT.md,changed,direct_git_object,2,0,0,2,2,0,,,google/zerocopy | leanprover/lean4,"{""google/zerocopy"": ""cc135f46155b72e4b51188525c2974a3b84acf92"", ""leanprover/lean4"": ""77f336f7ae6a60419d3882e0d5ca7ac3a2155528""}",Compare named pinned source against the newer upstream source revision; preserve historical claims. Exact current tip/release requires per-repository verification.,Lean persistent collection source was compared; footprint/retention behavior was not rerun.,unexecuted_in_this_audit,unassessed_in_this_audit
R507,source_revision_recheck,reports/proof-maintenance-architectures-sel4-compcert-everest-2009-2026/REPORT.md,unchanged,inherited_published_review,0,0,0,0,0,0,reports/sel4-compcert-everest-current-source-review/REPORT.md,five_repos_same_pin_compcert_four_commit_forward_range_mapped_blobs_unchanged,AbsInt/CompCert | FStarLang/karamel | hacl-star/hacl-star | project-everest/everest | seL4/l4v | seL4/verification-manifest,"{""AbsInt/CompCert"": ""66a9fd06ef88619cc94765ca995a1018f7259b5c"", ""FStarLang/karamel"": ""9abbb865b10a0cd5c557da81c024c3965cb6ff53"", ""hacl-star/hacl-star"": ""504c2987452f87fe44bce9b9f12e19d6e051761f"", ""project-everest/everest"": ""2a3f67dab56be02d1793b2801ef08f368423a3ac"", ""seL4/l4v"": ""6b4076aeb35f7803b7c232963e5f996545e3acb5"", ""seL4/verification-manifest"": ""37712ebe359e9b1b952df281c6d8c991de56d974""}",Compare named pinned source against the newer upstream source revision; preserve historical claims. Exact current tip/release requires per-repository verification.,This source-only comparison does not establish target runtime or Anneal product behavior.,unexecuted_in_this_audit,unassessed_in_this_audit
R510,source_revision_recheck,reports/reconciliation-event-hints-repair-loops-2005-2026/REPORT.md,unchanged,inherited_published_review,4,0,0,0,0,0,reports/reconciliation-current-source-review/REPORT.md,controller_runtime_same_pin_reflector_mapped_blob_unchanged_broader_behavior_unresolved,google/zerocopy | kubernetes-sigs/controller-runtime | kubernetes/enhancements | kubernetes/kubernetes | kubernetes/website,"{""google/zerocopy"": ""cc135f46155b72e4b51188525c2974a3b84acf92"", ""kubernetes-sigs/controller-runtime"": ""c3a38e5a40113ce2fb22265efbd1d4797c8c2e52"", ""kubernetes/enhancements"": ""9ed4bac6e657e070c75acfc5614eb944aa1f69a8"", ""kubernetes/kubernetes"": ""6d805ebe018f428d503fdc01bb6d57bd9574f598"", ""kubernetes/website"": ""0d1ea254dc1ca517b5e5c112e29b7cf4f60c59f9""}",Compare named pinned source against the newer upstream source revision; preserve historical claims. Exact current tip/release requires per-repository verification.,This source-only comparison does not establish target runtime or Anneal product behavior.,unexecuted_in_this_audit,unassessed_in_this_audit
R511,source_revision_recheck,reports/redleaf-mixed-language-isolation-boundaries-2020-2026/REPORT.md,unchanged,direct_git_object,2,0,0,0,0,0,reports/redleaf-linux-current-source-review/REPORT.md,,google/zerocopy | mars-research/redleaf | torvalds/linux,"{""google/zerocopy"": ""cc135f46155b72e4b51188525c2974a3b84acf92"", ""mars-research/redleaf"": ""7194295d1968c8013ae6b3d104a9192f03516449"", ""torvalds/linux"": ""551c722f40809618230001baccf219193e22fc5a""}",Compare named pinned source against the newer upstream source revision; preserve historical claims. Exact current tip/release requires per-repository verification.,This source-only comparison does not establish target runtime or Anneal product behavior.,unexecuted_in_this_audit,unassessed_in_this_audit
R513,source_revision_recheck,reports/rls-rust-analyzer-architecture-evolution-2015-2026/REPORT.md,unchanged,inherited_published_review,0,0,0,0,0,0,reports/editor-engines-current-source-review/REPORT.md,claim_mapped_source_blobs_unchanged_broader_behavior_unresolved,rust-lang/rfcs | rust-lang/rls | rust-lang/rust-analyzer | rust-lang/rustc-dev-guide,"{""rust-lang/rfcs"": ""a8a4d67671ff19d67d32a81a39388b344a3f9cc6"", ""rust-lang/rls"": ""04afefab3f993d6c59ecaaf9f3fcf7a5b8f6d2bc"", ""rust-lang/rust-analyzer"": ""03fcb77246f2568adb0e9b2fa60d19c6cc1686f4"", ""rust-lang/rustc-dev-guide"": ""be8854f66df1b5450349061e45374ac072abd109""}",Compare named pinned source against the newer upstream source revision; preserve historical claims. Exact current tip/release requires per-repository verification.,This source-only comparison does not establish target runtime or Anneal product behavior.,unexecuted_in_this_audit,unassessed_in_this_audit
R514,source_revision_recheck,reports/rls-rust-analyzer-architecture-transition-2015-2026/REPORT.md,unchanged,inherited_published_review,0,0,0,0,0,0,reports/editor-engines-current-source-review/REPORT.md,claim_mapped_source_blobs_unchanged_broader_behavior_unresolved,rust-lang/rfcs | rust-lang/rls | rust-lang/rust-analyzer,"{""rust-lang/rfcs"": ""a8a4d67671ff19d67d32a81a39388b344a3f9cc6"", ""rust-lang/rls"": ""04afefab3f993d6c59ecaaf9f3fcf7a5b8f6d2bc"", ""rust-lang/rust-analyzer"": ""03fcb77246f2568adb0e9b2fa60d19c6cc1686f4""}",Compare named pinned source against the newer upstream source revision; preserve historical claims. Exact current tip/release requires per-repository verification.,This source-only comparison does not establish target runtime or Anneal product behavior.,unexecuted_in_this_audit,unassessed_in_this_audit
R515,source_revision_recheck,reports/rls-to-rust-analyzer-editor-engine-history-2015-2026/REPORT.md,unchanged,inherited_published_review,2,0,0,0,0,0,reports/editor-engines-current-source-review/REPORT.md,claim_mapped_source_blobs_unchanged_broader_behavior_unresolved,google/zerocopy | rust-lang/rfcs | rust-lang/rls | rust-lang/rust-analyzer,"{""google/zerocopy"": ""cc135f46155b72e4b51188525c2974a3b84acf92"", ""rust-lang/rfcs"": ""a8a4d67671ff19d67d32a81a39388b344a3f9cc6"", ""rust-lang/rls"": ""04afefab3f993d6c59ecaaf9f3fcf7a5b8f6d2bc"", ""rust-lang/rust-analyzer"": ""03fcb77246f2568adb0e9b2fa60d19c6cc1686f4""}",Compare named pinned source against the newer upstream source revision; preserve historical claims. Exact current tip/release requires per-repository verification.,This source-only comparison does not establish target runtime or Anneal product behavior.,unexecuted_in_this_audit,unassessed_in_this_audit
R516,source_revision_recheck,reports/roslyn-immutable-snapshots-workspace-boundaries-2012-2026/REPORT.md,unchanged,inherited_published_review,2,0,0,0,0,0,reports/roslyn-current-source-review/REPORT.md,no_observable_drift_in_mapped_paths_on_main,dotnet/roslyn | google/zerocopy,"{""dotnet/roslyn"": ""3f1006159791e2167a52debc4c303768d4b1e380"", ""google/zerocopy"": ""cc135f46155b72e4b51188525c2974a3b84acf92""}",Compare named pinned source against the newer upstream source revision; preserve historical claims. Exact current tip/release requires per-repository verification.,This source-only comparison does not establish target runtime or Anneal product behavior.,unexecuted_in_this_audit,unassessed_in_this_audit
R533,prior_comparison,reports/rust-llbc-lean-golden-and-aeneas-revision-probes-2026-09-28/REPORT.md,changed,direct_git_object,0,0,0,0,3,0,,,AeneasVerif/aeneas | AeneasVerif/charon | charon-lang/charon | leanprover/lean4,"{""AeneasVerif/aeneas"": ""ca282ec2312a96f6a985a4d23a663690816d3f3e"", ""AeneasVerif/charon"": ""a5621da44833f2296bb3164524c63490baccbdf6"", ""charon-lang/charon"": ""182f3c17255f0e986db41238f081677883d2f1d1"", ""leanprover/lean4"": ""77f336f7ae6a60419d3882e0d5ca7ac3a2155528""}",Aeneas nightly-2026.09.30-0855ce1 with its paired Charon e435e5f and Lean 4.31.0; separate standalone Charon comparison.,The prior Aeneas/Charon output comparison was not rerun at the September bundle.,unexecuted_in_this_audit,unassessed_in_this_audit
R566,source_revision_recheck,reports/salsa-rustc-query-granularity-2016-2026/REPORT.md,changed,inherited_published_review,2,0,0,0,0,0,reports/salsa-rustc-current-source-review/REPORT.md,"{'salsa': 'three_commit_forward_range_one_mapped_cycle_doc_changed_related_cycle_implementation_changed', 'rustc_dev_guide': 'twenty_seven_commit_forward_range_two_pinned_docs_unchanged_adjacent_query_doc_formatting_only'}",google/zerocopy | rust-lang/rustc-dev-guide | salsa-rs/salsa,"{""google/zerocopy"": ""cc135f46155b72e4b51188525c2974a3b84acf92"", ""rust-lang/rustc-dev-guide"": ""be8854f66df1b5450349061e45374ac072abd109"", ""salsa-rs/salsa"": ""30b614d826d697c47bc0f21591fab218f2004032""}",Compare named pinned source against the newer upstream source revision; preserve historical claims. Exact current tip/release requires per-repository verification.,This source-only comparison does not establish target runtime or Anneal product behavior.,unexecuted_in_this_audit,unassessed_in_this_audit
R571,source_revision_recheck,reports/tock-asterinas-safe-interface-boundaries-2015-2026/REPORT.md,unchanged,inherited_published_review,0,0,0,0,0,0,reports/tock-asterinas-current-source-review/REPORT.md,mapped_source_paths_unchanged_broader_claim_unresolved,asterinas/asterinas | tock/tock,"{""asterinas/asterinas"": ""a5238eb6a965a4616ce07a48f5dfbc8042c4cd44"", ""tock/tock"": ""cda923aabf483d4417ff901fc48f11507bc50087""}",Compare named pinned source against the newer upstream source revision; preserve historical claims. Exact current tip/release requires per-repository verification.,This source-only comparison does not establish target runtime or Anneal product behavior.,unexecuted_in_this_audit,unassessed_in_this_audit
R572,source_revision_recheck,reports/tock-asterinas-safe-interface-boundaries-2017-2026/REPORT.md,changed,inherited_published_review,0,0,0,0,0,0,reports/tock-asterinas-current-source-review/REPORT.md,tock_mapped_kernel_lib_lint_delta_no_safety_conclusion,asterinas/asterinas | tock/book | tock/tock,"{""asterinas/asterinas"": ""a5238eb6a965a4616ce07a48f5dfbc8042c4cd44"", ""tock/book"": ""760025b0d8a1d5ff14d6015c1c50ac4e30490923"", ""tock/tock"": ""cda923aabf483d4417ff901fc48f11507bc50087""}",Compare named pinned source against the newer upstream source revision; preserve historical claims. Exact current tip/release requires per-repository verification.,This source-only comparison does not establish target runtime or Anneal product behavior.,unexecuted_in_this_audit,unassessed_in_this_audit
R573,source_revision_recheck,reports/tock-asterinas-trusted-mechanism-boundaries-2017-2026/REPORT.md,unchanged,inherited_published_review,2,0,0,0,0,0,reports/tock-asterinas-current-source-review/REPORT.md,mapped_source_paths_unchanged_broader_claim_unresolved,asterinas/asterinas | google/zerocopy | tock/tock,"{""asterinas/asterinas"": ""a5238eb6a965a4616ce07a48f5dfbc8042c4cd44"", ""google/zerocopy"": ""cc135f46155b72e4b51188525c2974a3b84acf92"", ""tock/tock"": ""cda923aabf483d4417ff901fc48f11507bc50087""}",Compare named pinned source against the newer upstream source revision; preserve historical claims. Exact current tip/release requires per-repository verification.,This source-only comparison does not establish target runtime or Anneal product behavior.,unexecuted_in_this_audit,unassessed_in_this_audit
R574,source_revision_recheck,reports/toolchain-archive-semantic-equivalence-procedure-main-41f5b37/REPORT.md,unchanged,direct_git_object,1,0,0,0,0,0,,,google/zerocopy | leanprover/lean4,"{""google/zerocopy"": ""cc135f46155b72e4b51188525c2974a3b84acf92"", ""leanprover/lean4"": ""77f336f7ae6a60419d3882e0d5ca7ac3a2155528""}",Compare named pinned source against the newer upstream source revision; preserve historical claims. Exact current tip/release requires per-repository verification.,Anneal archive procedure source was checked; cross-version archive equivalence was not rerun.,unexecuted_in_this_audit,unassessed_in_this_audit
R576,source_revision_recheck,reports/typescript-host-owned-language-world-2014-2026/REPORT.md,unavailable,inherited_published_review,2,0,0,0,0,0,reports/typescript-602-to-702-source-review/REPORT.md,unresolved_at_target,google/zerocopy | microsoft/TypeScript | microsoft/TypeScript-wiki,"{""google/zerocopy"": ""cc135f46155b72e4b51188525c2974a3b84acf92"", ""microsoft/TypeScript"": ""edf7da4e93ab65e1f7766deae156c35132c0cde3"", ""microsoft/TypeScript-wiki"": ""966988bcca7c835fd22ab066bb6a9ff4d5ba511d""}",Compare named pinned source against the newer upstream source revision; preserve historical claims. Exact current tip/release requires per-repository verification.,TypeScript 7.0.2 full language-server behavior remains unresolved in the inherited review.,unexecuted_in_this_audit,unassessed_in_this_audit
R580,source_revision_recheck,reports/zerocopy-ffi-primitives-main-41f5b37/REPORT.md,unchanged,direct_git_object,3,0,0,0,0,0,,,google/zerocopy | rust-lang/reference | rust-lang/rust,"{""google/zerocopy"": ""cc135f46155b72e4b51188525c2974a3b84acf92"", ""rust-lang/reference"": ""a286e1ecb8ce193d50056e4bb042eea9b23876ef"", ""rust-lang/rust"": ""6006fd03947bd7b04ae5cb5f7f9bb66b44dc8c6e""}",Compare named pinned source against the newer upstream source revision; preserve historical claims. Exact current tip/release requires per-repository verification.,Zerocopy source was checked; current Rust core/reference semantics were not directly rechecked here.,unexecuted_in_this_audit,unassessed_in_this_audit
