3730_id,suggestion,3731_destinations,status,destination_statuses,post_interim_experiment_packages,suggestion_scope_basis,specific_remaining_delta
A01,Minimum sufficient generation identity,I145,partial,partial,,Mapped destination evidence is scoped by its report; this suggestion is not inferred complete from a partial destination.,"I145: Full cross-layer identity ablation including Cargo, Charon, Aeneas, LLBC, Lake, import trace, URI/version/worker/RPC."
A02,Locators versus semantic generations,I011;I034;I079;I145,partial,partial;partial;partial;partial,anneal-3730-charon-scaling-subject-closure-2026-09-29,Mapped destination evidence is scoped by its report; this suggestion is not inferred complete from a partial destination.,"I011: Reused request IDs, closed/reopened version reset, workspace recreation, and A→B→A against a real engine.; I034: Existing-worker remapping across generations and measured stable URI versus generation-path reuse.; I079: LLBC path/comment/order/flag/compiler-revision ablations preserving semantic and source-provenance distinctions.; I145: Full cross-layer identity ablation including Cargo, Charon, Aeneas, LLBC, Lake, import trace, URI/version/worker/RPC."
A03,Mixed-generation race matrix,I013;I051;I134;I138,partial,partial;partial;partial;partial,anneal-3730-generation-recovery-2026-09-29;anneal-3730-acceptance-oracle-matrix-2026-09-29,Mapped destination evidence is scoped by its report; this suggestion is not inferred complete from a partial destination.,"I013: A proof/helper or two-module atomic workspace edit under in-flight queries and explicit provisional-state semantics.; I051: Repeat multi-file staged publication with actual generated Lean/LLBC/OLean artifact family, paused readers and crash recovery; new direct filesystem fixture is synthetic.; I134: Actual in-flight Charon/Aeneas/Lake/Lean edits/rebuilds with request/worker identities and barriers; new gate/kill remains a synthetic publisher or isolated Lean consumer.; I138: Real Charon/Aeneas model-change sequence with pending/failing/late generations and before/during/after queries."
A04,Late publication after cancellation,I053;I106,partial,partial;partial,anneal-3730-generation-recovery-2026-09-29,Mapped destination evidence is scoped by its report; this suggestion is not inferred complete from a partial destination.,"I053: Causally late Charon/Aeneas/Lake/Lean outputs tested separately for source, compiled artifacts, diagnostics and cache insertion, beyond synthetic child/stale-pointer fence.; I106: Queued real diagnostics/progress/exits after cancellation with request/worker correlation and publication fences; synthetic late completion is narrower."
A05,Snapshot retention versus recomputation,I047;I146,partial,partial;partial,anneal-3730-lean-rpc-lifetimes-v4-30-0-rc2;anneal-3730-resource-economics-2026-09-29,Mapped destination evidence is scoped by its report; this suggestion is not inferred complete from a partial destination.,"I047: Measure actual retained historical-goal storage/latency through rapid edits and expiry; separate-URI old text only proves a possible construction.; I146: Retention tiers on actual generated outputs with memory, historical-goal latency, recomputation, and restart costs."
A06,Historical query semantics,I047;I146,partial,partial;partial,anneal-3730-lean-rpc-lifetimes-v4-30-0-rc2;anneal-3730-resource-economics-2026-09-29,Mapped destination evidence is scoped by its report; this suggestion is not inferred complete from a partial destination.,"I047: Measure actual retained historical-goal storage/latency through rapid edits and expiry; separate-URI old text only proves a possible construction.; I146: Retention tiers on actual generated outputs with memory, historical-goal latency, recomputation, and restart costs."
A07,Cross-process reconstruction,I016;I110,partial,partial;partial,anneal-3730-charon-scaling-subject-closure-2026-09-29;anneal-3730-generation-recovery-2026-09-29,Mapped destination evidence is scoped by its report; this suggestion is not inferred complete from a partial destination.,"I016: Anneal restart reconstruction from disk, retained snapshot, and reconnecting unsaved buffers.; I110: Forced actual Lean worker/watchdog, Anneal and build-process kills with reconstruction from authoritative source/imports; new OS kills target a synthetic publisher."
A08,Hashes versus monotonic revisions,I011;I079;I097;I145,partial,partial;partial;partial;partial,anneal-3730-charon-scaling-subject-closure-2026-09-29;anneal-3730-lake-prepared-contract-2026-09-29,Mapped destination evidence is scoped by its report; this suggestion is not inferred complete from a partial destination.,"I011: Reused request IDs, closed/reopened version reset, workspace recreation, and A→B→A against a real engine.; I079: LLBC path/comment/order/flag/compiler-revision ablations preserving semantic and source-provenance distinctions.; I097: Cache-key false-hit/false-miss ablations across source/model/tool/flags/path plus independent integrity verification; a valid wrong-object hit exposes one false acceptance.; I145: Full cross-layer identity ablation including Cargo, Charon, Aeneas, LLBC, Lake, import trace, URI/version/worker/RPC."
B01,Exact projection model,I026,partial,partial,anneal-3730-projection-provenance-2026-09-29,Mapped destination evidence is scoped by its report; this suggestion is not inferred complete from a partial destination.,"I026: Actual Anneal annotation stripping, escaping, and scaffolding with exact source-map inversion and cross-segment rejection."
B02,Executed round-trip corpus,I025;I026;I032,partial,partial;partial;partial,anneal-3730-projection-provenance-2026-09-29,Mapped destination evidence is scoped by its report; this suggestion is not inferred complete from a partial destination.,"I025: Negotiated LSP encoding round trips in a real host/projection pipeline; property fixture covers scalar/UTF-16 boundaries only.; I026: Actual Anneal annotation stripping, escaping, and scaffolding with exact source-map inversion and cross-segment rejection.; I032: Boundary-edit fuzz on actual annotation grammar plus measured full versus incremental mapping latency."
B03,UTF-16 stress tests,I025;I062,partial,partial;partial,anneal-3730-projection-provenance-2026-09-29;anneal-3730-multiclient-editor-contract-2026-09-29,Mapped destination evidence is scoped by its report; this suggestion is not inferred complete from a partial destination.,"I025: Negotiated LSP encoding round trips in a real host/projection pipeline; property fixture covers scalar/UTF-16 boundaries only.; I062: Representative clients negotiating position encoding, sync modes, versions, and feature fallbacks."
B04,Incremental projection algorithm,I032,partial,partial,,Mapped destination evidence is scoped by its report; this suggestion is not inferred complete from a partial destination.,I032: Boundary-edit fuzz on actual annotation grammar plus measured full versus incremental mapping latency.
B05,Host-only edits shift source positions,I029;I032,partial,partial;partial,anneal-3730-projection-provenance-2026-09-29,Mapped destination evidence is scoped by its report; this suggestion is not inferred complete from a partial destination.,I029: Real projected edits with source-and-projection CAS after unrelated shifting edits and atomic conflict reporting.; I032: Boundary-edit fuzz on actual annotation grammar plus measured full versus incremental mapping latency.
B06,Delimiter corruption and partial syntax,I017;I046,partial,partial;complete,anneal-3730-partial-elaboration-queries-v4-30-0-rc2,Mapped destination evidence is scoped by its report; this suggestion is not inferred complete from a partial destination.,"I017: Real candidate annotation encodings and tolerant parser recovery under unfinished Rust and Lean.; I046: No residual for the requested direct Lean partial-file fixture at this pin: all four named error classes, before/after goals, diagnostics and failing batch status were observed. Product integration is separately tracked in I129/I137."
B07,Multiple-annotation document granularity,I022;I035,partial,partial;partial,anneal-3730-lean-artifact-layouts-v4-30-0-rc2,Mapped destination evidence is scoped by its report; this suggestion is not inferred complete from a partial destination.,"I022: Multiple annotations and helper/import ordering with visibility, collision, and recursion controls.; I035: Real embedded-annotation grouping and representative imports/options/plugins remain for product application; the requested bounded Lean/Lake layout comparison itself was executed, but its approximations do not establish the Anneal layout choice."
B08,Name visibility and namespaces,I022;I037,partial,partial;partial,,Mapped destination evidence is scoped by its report; this suggestion is not inferred complete from a partial destination.,"I022: Multiple annotations and helper/import ordering with visibility, collision, and recursion controls.; I037: Elaborated proposition/dependency comparison for projected wrappers under local instances, macros, notation, and options."
B09,Embedded import-header ownership,I018;I022;I091,partial,partial;partial;partial,anneal-3730-lake-prepared-contract-2026-09-29,Mapped destination evidence is scoped by its report; this suggestion is not inferred complete from a partial destination.,"I018: A full proof-only classifier challenged by macro, include, and build-time readers in actual extraction inputs.; I022: Multiple annotations and helper/import ordering with visibility, collision, and recursion controls.; I091: Unsaved changed import header with captured per-file ModuleSetup/artifact/plugin/option identity."
B10,Authored versus generated edits,I026;I027;I030;I069,partial,partial;partial;partial;partial,anneal-3730-projection-provenance-2026-09-29;anneal-3730-multiclient-editor-contract-2026-09-29,Mapped destination evidence is scoped by its report; this suggestion is not inferred complete from a partial destination.,"I026: Actual Anneal annotation stripping, escaping, and scaffolding with exact source-map inversion and cross-segment rejection.; I027: Real one-to-many obligations and many-to-one declarations with routing, related diagnostics, and edit ambiguity.; I030: Completion snippets, additional edits/imports, code actions, and synthetic-region crossings in real projection.; I069: Executed tool access tiers and workspace/path isolation, especially generated-to-authored edit authority."
B11,Code actions and rename,I030;I059;I060,not-run,partial;not-run;not-run,anneal-3730-projection-provenance-2026-09-29,No actual LSP code action or rename transaction was executed; projection edit rejection is only a prerequisite.,"I030: Completion snippets, additional edits/imports, code actions, and synthetic-region crossings in real projection.; I059: Mapped hover, definition/reference navigation, semantic tokens, and unavailable imported-source behavior.; I060: Cross-file Lean rename/workspace edits with Rust symbols unchanged and partial client capability controls."
B12,Hover/completion/tokens/signature help/inlay hints,I030;I059;I062,not-run,partial;not-run;partial,anneal-3730-projection-provenance-2026-09-29;anneal-3730-multiclient-editor-contract-2026-09-29,No mapped hover/completion/token/signature-help/inlay-hint operation was executed.,"I030: Completion snippets, additional edits/imports, code actions, and synthetic-region crossings in real projection.; I059: Mapped hover, definition/reference navigation, semantic tokens, and unavailable imported-source behavior.; I062: Representative clients negotiating position encoding, sync modes, versions, and feature fallbacks."
B13,Diagnostic responsibility versus editability,I027;I031,partial,partial;partial,anneal-3730-projection-provenance-2026-09-29,Mapped destination evidence is scoped by its report; this suggestion is not inferred complete from a partial destination.,"I027: Real one-to-many obligations and many-to-one declarations with routing, related diagnostics, and edit ambiguity.; I031: Full diagnostic source ownership across generated scaffolding, model, external imports, and ambiguous/absent spans."
B14,Macro-generated annotations,I019;I087,partial,partial;partial,anneal-3730-aeneas-identity-manifest-2026-09-29,Mapped destination evidence is scoped by its report; this suggestion is not inferred complete from a partial destination.,"I019: Compiler-backed annotation attachment across cfg, aliases, trait defaults, local/generated items, and explicit ambiguity outcomes.; I087: Authenticated Charon item → Aeneas declaration/range mapping with source-map completeness and comparison to newer translation.json; emitted comments are lexical hints only."
B15,Unsaved host as proof authority,I012;I068;I137;I155,partial,partial;partial;partial;partial,anneal-3730-multiclient-editor-contract-2026-09-29,Mapped destination evidence is scoped by its report; this suggestion is not inferred complete from a partial destination.,"I012: Full editor buffer lifecycle including save, external overwrite, rename, deletion, and reopened authority transfer.; I068: One actual MCP/editor workspace authority with alternating unsaved edits, queries, and reconnect.; I137: Real Rust-hosted annotation with parser, projection, prepared model, exact live query/edit, and batch check.; I155: Actual Rust editor host open/change/save/rename/close through Anneal projection and hidden Lean cleanup; new invented //% host in a local broker tests only lifecycle shape."
C01,Version-bound goal wrapper,I041;I045;I048;I145,partial,partial;partial;partial;partial,anneal-3730-lean-rpc-lifetimes-v4-30-0-rc2;anneal-3730-partial-elaboration-queries-v4-30-0-rc2;anneal-3730-server-topology-v4-30-0-rc2,Mapped destination evidence is scoped by its report; this suggestion is not inferred complete from a partial destination.,"I041: Causally gated version/query interleavings and a chosen client fence under real worker replacement; RPC and partial-file reports add direct observations but no complete race matrix.; I045: Internal worker replacement with deliberately delayed successful old response, reused request IDs on one transport and forced-versus-clean termination; two-server late reply is narrower.; I048: Worker attestation of loaded artifacts/options/plugins or validated fresh-worker construction at the real project boundary.; I145: Full cross-layer identity ablation including Cargo, Charon, Aeneas, LLBC, Lake, import trace, URI/version/worker/RPC."
C02,Rich RPC versus plainGoal,I043;I044;I046,partial,partial;partial;complete,anneal-3730-lean-rpc-lifetimes-v4-30-0-rc2;anneal-3730-partial-elaboration-queries-v4-30-0-rc2;anneal-3730-server-topology-v4-30-0-rc2,Mapped destination evidence is scoped by its report; this suggestion is not inferred complete from a partial destination.,"I043: Nested tactics, combinators, macros, EOF/whitespace and rich-vs-plain RPC position grid beyond the sampled valid tactic columns.; I044: Dereference ctx objects after edit/cancel/close/restart, release them, and measure expiry; the new report mainly tests session validity.; I046: No residual for the requested direct Lean partial-file fixture at this pin: all four named error classes, before/after goals, diagnostics and failing batch status were observed. Product integration is separately tracked in I129/I137."
C03,Worker-restart freshness barrier,I049,partial,partial,,Mapped destination evidence is scoped by its report; this suggestion is not inferred complete from a partial destination.,"I049: Matched import-refresh matrix under lake serve, lake env lean --server, and direct prepared Lean."
C04,Server launch-mode comparison,I049,not-run,partial,,The requested matched Lake/direct server launch-mode comparison is still absent at this cutoff.,"I049: Matched import-refresh matrix under lake serve, lake env lean --server, and direct prepared Lean."
C05,Changed artifact with unchanged source,I147,partial,partial,,Mapped destination evidence is scoped by its report; this suggestion is not inferred complete from a partial destination.,I147: Source unchanged/artifact changed and source changed/semantic artifact same with both old and fresh workers.
C06,Changed source with identical rebuilt artifact,I147,partial,partial,,Mapped destination evidence is scoped by its report; this suggestion is not inferred complete from a partial destination.,I147: Source unchanged/artifact changed and source changed/semantic artifact same with both old and fresh workers.
C07,Import additions/removals/renames,I051;I055,partial,partial;partial,anneal-3730-generation-recovery-2026-09-29,Mapped destination evidence is scoped by its report; this suggestion is not inferred complete from a partial destination.,"I051: Repeat multi-file staged publication with actual generated Lean/LLBC/OLean artifact family, paused readers and crash recovery; new direct filesystem fixture is synthetic.; I055: Shrink and delete a selected real Aeneas/Lean output/obligation set with reused names and fresh verifier; synthetic tree and one-shot Aeneas clean oracle are narrower."
C08,RPC and handle lifetimes,I044;I045;I047;I122,partial,partial;partial;partial;partial,anneal-3730-lean-rpc-lifetimes-v4-30-0-rc2;anneal-3730-server-topology-v4-30-0-rc2;anneal-3730-generation-recovery-2026-09-29,Mapped destination evidence is scoped by its report; this suggestion is not inferred complete from a partial destination.,"I044: Dereference ctx objects after edit/cancel/close/restart, release them, and measure expiry; the new report mainly tests session validity.; I045: Internal worker replacement with deliberately delayed successful old response, reused request IDs on one transport and forced-versus-clean termination; two-server late reply is narrower.; I047: Measure actual retained historical-goal storage/latency through rapid edits and expiry; separate-URI old text only proves a possible construction.; I122: Repeated crash/restart cleanup with durable owner identity and bounded orphan reclaim in an actual Anneal/Lake workspace; synthetic process fixture alone is insufficient."
C09,Concurrent goal queries in one document,I041;I134,partial,partial;partial,anneal-3730-lean-rpc-lifetimes-v4-30-0-rc2;anneal-3730-partial-elaboration-queries-v4-30-0-rc2;anneal-3730-acceptance-oracle-matrix-2026-09-29,Mapped destination evidence is scoped by its report; this suggestion is not inferred complete from a partial destination.,I041: Causally gated version/query interleavings and a chosen client fence under real worker replacement; RPC and partial-file reports add direct observations but no complete race matrix.; I134: Actual in-flight Charon/Aeneas/Lake/Lean edits/rebuilds with request/worker identities and barriers; new gate/kill remains a synthetic publisher or isolated Lean consumer.
C10,Many proofs importing one model,I050;I056,partial,partial;partial,,Mapped destination evidence is scoped by its report; this suggestion is not inferred complete from a partial destination.,"I050: Transitive import, package option, macro extension, and native plugin invalidation distinct from direct import deletion.; I056: Proof-body/statement/helper/model ablation and sound incremental reuse boundaries on real Lean imports."
C11,Importing another live proof,I038;I039,not-run,partial;partial,,No supported two-open-document unsaved-proof import was executed.,"I038: A supported two-open-document unsaved-import design or explicit staged materialization protocol.; I039: Cross-annotation helper graph, model references, legal grouping, and cycle rejection beyond a simple Lake cycle."
C12,Semantic-readiness alternatives,I042;I048,partial,partial;partial,anneal-3730-lean-rpc-lifetimes-v4-30-0-rc2,Mapped destination evidence is scoped by its report; this suggestion is not inferred complete from a partial destination.,I042: Separate parsing/import/elaboration/async delays with ready-at-position and whole-file status; one gated cancellation and heartbeat timeout are not the full readiness matrix.; I048: Worker attestation of loaded artifacts/options/plugins or validated fresh-worker construction at the real project boundary.
C13,Partial-file elaboration,I046,complete,complete,anneal-3730-partial-elaboration-queries-v4-30-0-rc2,Mapped destination evidence is scoped by its report; this suggestion is not inferred complete from a partial destination.,"I046: No residual for the requested direct Lean partial-file fixture at this pin: all four named error classes, before/after goals, diagnostics and failing batch status were observed. Product integration is separately tracked in I129/I137."
C14,Diagnostics/goal disagreement,I058;I129,partial,partial;partial,anneal-3730-multiclient-editor-contract-2026-09-29;anneal-3730-acceptance-oracle-matrix-2026-09-29;anneal-3730-partial-elaboration-queries-v4-30-0-rc2,Mapped destination evidence is scoped by its report; this suggestion is not inferred complete from a partial destination.,"I058: Push/pull diagnostic multiplexing with rustc/Charon/Aeneas/Lean origins and stale clearing across rename.; I129: Machine result taxonomy integrated with actual Anneal source/model/obligation identities, separating reachable goal, file elaboration, admissions, pending/failed generation and Rust-level coverage."
C15,Crash recovery of unsaved text,I016;I110,partial,partial;partial,anneal-3730-charon-scaling-subject-closure-2026-09-29;anneal-3730-generation-recovery-2026-09-29,Mapped destination evidence is scoped by its report; this suggestion is not inferred complete from a partial destination.,"I016: Anneal restart reconstruction from disk, retained snapshot, and reconnecting unsaved buffers.; I110: Forced actual Lean worker/watchdog, Anneal and build-process kills with reconstruction from authoritative source/imports; new OS kills target a synthetic publisher."
D01,Saved Rust versus overlays,I073;I074,not-run,partial;partial,anneal-3730-charon-scaling-subject-closure-2026-09-29,No saved-versus-unsaved Rust overlay comparison was executed.,"I073: Saved-only versus snapshot-materialized Rust and any compiler overlay on identical intended unsaved bytes, with explicit source-version UX.; I074: Shadow-workspace fidelity for path dependencies, build scripts, proc macros, includes, env, generated files, and path-sensitive compiler output."
D02,Overlay path sensitivity,I074,not-run,partial,,No shadow-overlay path-sensitive compiler run was executed.,"I074: Shadow-workspace fidelity for path dependencies, build scripts, proc macros, includes, env, generated files, and path-sensitive compiler output."
D03,Cargo reuse with materialized snapshots,I075;I080,not-run,partial;partial,anneal-3730-charon-scaling-subject-closure-2026-09-29,No warm Cargo target/Charon skip probe had completed by the snapshot cutoff.,"I075: Warm-Cargo skipped-Charon controls with wrapper/target variations, fresh LLBC witness, and stale destination rejection.; I080: Cargo target/incremental/build-script/wrapper resource sharing under parallel snapshots and cancellation."
D04,Charon process lifetime,I077;I118,partial,partial;partial,anneal-3730-resource-economics-2026-09-29,Mapped destination evidence is scoped by its report; this suggestion is not inferred complete from a partial destination.,"I077: Charon A/B/A process/library reset after errors/cancel, compiler lifetime, and isolation evidence.; I118: Stage-by-stage end-to-end latency under proof-only, model, import, and toolchain changes at realistic sizes."
D05,Charon concurrent determinism,I079;I148,partial,partial;partial,anneal-3730-charon-scaling-subject-closure-2026-09-29;anneal-3730-aeneas-identity-manifest-2026-09-29,Mapped destination evidence is scoped by its report; this suggestion is not inferred complete from a partial destination.,I079: LLBC path/comment/order/flag/compiler-revision ablations preserving semantic and source-provenance distinctions.; I148: Sequential/concurrent Aeneas and Charon mode/flag/layout matrix with calibrated semantic comparator and downstream Lake/Lean cost; new Aeneas CLI cases cover byte sensitivity only.
D06,Charon cancellation cleanup,I078;I080;I105,not-run,partial;partial;partial,anneal-3730-charon-scaling-subject-closure-2026-09-29;anneal-3730-generation-recovery-2026-09-29,No actual Charon process cancellation/descendant-cleanup run was executed.,"I078: Interrupted/failing Charon output with explicit successful-request echo, schema/subject/completeness validation and atomic publication; one failed workspace case wrote partial wrong-member LLBC.; I080: Cargo target/incremental/build-script/wrapper resource sharing under parallel snapshots and cancellation.; I105: Per-stage process-group cancellation through actual Cargo/Charon/Aeneas/Lake/Lean and descendant cleanup; new SIGKILL phases exercised synthetic children."
D07,Compilation-subject invalidation matrix,I009;I020;I076,partial,partial;partial;partial,anneal-3730-charon-scaling-subject-closure-2026-09-29,Mapped destination evidence is scoped by its report; this suggestion is not inferred complete from a partial destination.,"I009: A complete compilation/verification input tuple with dependency, cfg, target, build-script, environment, model, and tool perturbations.; I020: Subject selection across the same source in lib/test/bin, features, and target triples with model/proof mismatch signaling.; I076: Concurrent actual compilation units across targets/host-target/features/crate-name collisions with LLBC output ownership; the new workspace request wrote a wrong-member partial file on failure."
D08,Annotation-only upstream bypass,I018,partial,partial,,Mapped destination evidence is scoped by its report; this suggestion is not inferred complete from a partial destination.,"I018: A full proof-only classifier challenged by macro, include, and build-time readers in actual extraction inputs."
D09,Compilation-affecting annotations,I018;I019,partial,partial;partial,,Mapped destination evidence is scoped by its report; this suggestion is not inferred complete from a partial destination.,"I018: A full proof-only classifier challenged by macro, include, and build-time readers in actual extraction inputs.; I019: Compiler-backed annotation attachment across cfg, aliases, trait defaults, local/generated items, and explicit ambiguity outcomes."
D10,Stable item correspondence across edits,I019;I021;I149,partial,partial;partial;partial,anneal-3730-aeneas-identity-manifest-2026-09-29,Mapped destination evidence is scoped by its report; this suggestion is not inferred complete from a partial destination.,"I019: Compiler-backed annotation attachment across cfg, aliases, trait defaults, local/generated items, and explicit ambiguity outcomes.; I021: Annotation identity across move, duplicate, split, reorder, and deletion while results remain in flight.; I149: Proven Rust→Charon→Aeneas→Lean→obligation identities and one-to-many graph consumed by navigation/editing; new manifest inventories exact files/declaration heads but null proven mappings."
E01,Warm Aeneas without semantic reuse,I081;I118,conditional,conditional;partial,anneal-3730-resource-economics-2026-09-29,Same-process Aeneas reuse requires the OCaml/Dune/opam dependency decision; one-shot CLI runs do not answer it.,"I081: OCaml/Dune/opam toolchain not installed; same-process Aeneas needs user-approved non-local dependency scope.; I118: Stage-by-stage end-to-end latency under proof-only, model, import, and toolchain changes at realistic sizes."
E02,Global-state reset audit,I081;I088,conditional,conditional;partial,anneal-3730-aeneas-identity-manifest-2026-09-29,Aeneas global-state reset in one process requires the OCaml/Dune/opam dependency decision.,I081: OCaml/Dune/opam toolchain not installed; same-process Aeneas needs user-approved non-local dependency scope.; I088: Warnings/crashes/cancellation and repeated-request residual state with structured diagnostic origins across pins; new schema/loader/partial-output errors are one-shot.
E03,In-process concurrent Aeneas requests,I081,conditional,conditional,,Concurrent in-process Aeneas calls require the OCaml/Dune/opam dependency decision.,I081: OCaml/Dune/opam toolchain not installed; same-process Aeneas needs user-approved non-local dependency scope.
E04,Transactional generated-tree replacement,I051;I052;I085,partial,partial;partial;partial,anneal-3730-generation-recovery-2026-09-29;anneal-3730-aeneas-identity-manifest-2026-09-29,Mapped destination evidence is scoped by its report; this suggestion is not inferred complete from a partial destination.,"I051: Repeat multi-file staged publication with actual generated Lean/LLBC/OLean artifact family, paused readers and crash recovery; new direct filesystem fixture is synthetic.; I052: Prepare final versus moved Lake/Anneal generations across manifests, traces, setup, native libraries and retained workers; the synthetic rename and small Lake relocation cover subsets.; I085: Registered user-maintained external model, overwrite collisions and atomic generation publication; new manifest/deletion/reused-destination/sorry-failure controls cover only CLI ownership."
E05,Declaration deletion and rename,I055;I085,partial,partial;partial,anneal-3730-generation-recovery-2026-09-29;anneal-3730-aeneas-identity-manifest-2026-09-29,Mapped destination evidence is scoped by its report; this suggestion is not inferred complete from a partial destination.,"I055: Shrink and delete a selected real Aeneas/Lean output/obligation set with reused names and fresh verifier; synthetic tree and one-shot Aeneas clean oracle are narrower.; I085: Registered user-maintained external model, overwrite collisions and atomic generation publication; new manifest/deletion/reused-destination/sorry-failure controls cover only CLI ownership."
E06,Generated-source determinism,I148,partial,partial,anneal-3730-aeneas-identity-manifest-2026-09-29,Mapped destination evidence is scoped by its report; this suggestion is not inferred complete from a partial destination.,I148: Sequential/concurrent Aeneas and Charon mode/flag/layout matrix with calibrated semantic comparator and downstream Lake/Lean cost; new Aeneas CLI cases cover byte sensitivity only.
E07,Semantic sameness with textual instability,I079;I084;I132;I148,partial,partial;partial;partial;partial,anneal-3730-charon-scaling-subject-closure-2026-09-29;anneal-3730-aeneas-identity-manifest-2026-09-29;anneal-3730-acceptance-oracle-matrix-2026-09-29,Mapped destination evidence is scoped by its report; this suggestion is not inferred complete from a partial destination.,I079: LLBC path/comment/order/flag/compiler-revision ablations preserving semantic and source-provenance distinctions.; I084: Reorder/module move and unrelated-edit tests of Lean names/signatures/proof context under actual elaboration; helper insertion/source locations alone are insufficient.; I132: Calibrate declaration/semantic/obligation and cross-tool diagnostic comparators on broad generated cases; new seven-control matrix catches weak/admitted/axiom/missing/wrong import in one Lean fixture.; I148: Sequential/concurrent Aeneas and Charon mode/flag/layout matrix with calibrated semantic comparator and downstream Lake/Lean cost; new Aeneas CLI cases cover byte sensitivity only.
E08,Output-to-model manifest,I149,partial,partial,anneal-3730-aeneas-identity-manifest-2026-09-29,Mapped destination evidence is scoped by its report; this suggestion is not inferred complete from a partial destination.,I149: Proven Rust→Charon→Aeneas→Lean→obligation identities and one-to-many graph consumed by navigation/editing; new manifest inventories exact files/declaration heads but null proven mappings.
E09,Generated versus external-model ownership,I024;I085,partial,partial;partial,anneal-3730-aeneas-identity-manifest-2026-09-29,Mapped destination evidence is scoped by its report; this suggestion is not inferred complete from a partial destination.,"I024: Preservation of unsaved authored Lean, formatting, and unsupported text through regeneration and external edits.; I085: Registered user-maintained external model, overwrite collisions and atomic generation publication; new manifest/deletion/reused-destination/sorry-failure controls cover only CLI ownership."
E10,External model changes without codegen changes,I050;I082;I147,not-run,partial;partial;partial,anneal-3730-aeneas-identity-manifest-2026-09-29,No compiled external-model registry mutation with unchanged Rust codegen was executed.,"I050: Transitive import, package option, macro extension, and native plugin invalidation distinct from direct import deletion.; I082: Compiled external-model registry, normalization and a genuine second binary/library revision with collision controls; new CLI matrix covers LLBC/schema/options and copied runtime library.; I147: Source unchanged/artifact changed and source changed/semantic artifact same with both old and fresh workers."
E11,Restricted finer-grained Aeneas prototype,I083,not-run,partial,anneal-3730-aeneas-identity-manifest-2026-09-29,"Whole-crate counterexamples were run, but no restricted finer-grained Aeneas cache prototype was built.","I083: External-model/trait-declaration edits, a measured finer-grained cache prototype and semantic oracle; new whole-crate CLI controls cover function/type/impl/recursive-group effects."
E12,Failure during generation and fallback,I054;I085;I088,partial,partial;partial;partial,anneal-3730-generation-recovery-2026-09-29;anneal-3730-aeneas-identity-manifest-2026-09-29,Mapped destination evidence is scoped by its report; this suggestion is not inferred complete from a partial destination.,"I054: Fail real extraction, translation, build and server stages with visible last-good/provisional state and rollback; the new kill matrix uses synthetic stages.; I085: Registered user-maintained external model, overwrite collisions and atomic generation publication; new manifest/deletion/reused-destination/sorry-failure controls cover only CLI ownership.; I088: Warnings/crashes/cancellation and repeated-request residual state with structured diagnostic origins across pins; new schema/loader/partial-output errors are one-shot."
F01,Prepared-environment schema,I090;I091;I150,partial,partial;partial;partial,anneal-3730-lake-prepared-contract-2026-09-29,Mapped destination evidence is scoped by its report; this suggestion is not inferred complete from a partial destination.,"I090: Duplicate/name/order/version/rename package-graph collisions beyond the two-config small package; exact consumer identity still needs a graph matrix.; I091: Unsaved changed import header with captured per-file ModuleSetup/artifact/plugin/option identity.; I150: Complete operation-specific prepared inputs for lake serve, setup-file, InfoView/RPC, native/plugin use and ownership in a real generated archive; current small Lake fixture covers selected operations."
F02,Real read-only archive/server probe,I089,partial,partial,anneal-3730-lake-prepared-contract-2026-09-29,Mapped destination evidence is scoped by its report; this suggestion is not inferred complete from a partial destination.,"I089: Actual Anneal prepared archive from empty home/cache, server and first-goal write tracing under enforced read-only dependencies; new small Lake tree covers relocated batch/no-build only."
F03,4.30 versus later Lake ownership,I094;I158,not-run,partial;partial,anneal-3730-lake-prepared-contract-2026-09-29;anneal-3730-aeneas-identity-manifest-2026-09-29,No later compatible Lake tuple received the prepared read-only consumer test.,I094: Read-only prepared consumer behavior on a selected later compatible Lean/Lake tuple; current prepared fixture is 4.30-rc2 only.; I158: Retained cross-tool replay on selected compatible upgrades and explicit obsolete-workaround deletion probes; current Aeneas replay and two-Lean-version direct-server case are slices.
F04,Real-archive missing-manifest control,I089,not-run,partial,anneal-3730-lake-prepared-contract-2026-09-29,No real Anneal archive was tested with a missing manifest.,"I089: Actual Anneal prepared archive from empty home/cache, server and first-goal write tracing under enforced read-only dependencies; new small Lake tree covers relocated batch/no-build only."
F05,Prepared-environment identity collisions,I090;I096;I145,partial,partial;partial;partial,anneal-3730-lake-prepared-contract-2026-09-29,Mapped destination evidence is scoped by its report; this suggestion is not inferred complete from a partial destination.,"I090: Duplicate/name/order/version/rename package-graph collisions beyond the two-config small package; exact consumer identity still needs a graph matrix.; I096: CLI/editor/MCP/CI launch variants with cwd, PATH, home, selectors, executable digests, and dependencies.; I145: Full cross-layer identity ablation including Cargo, Charon, Aeneas, LLBC, Lake, import trace, URI/version/worker/RPC."
F06,Server artifact completeness,I098;I150,not-run,partial;partial,anneal-3730-lake-prepared-contract-2026-09-29,No server readiness with an incomplete prepared artifact family was tested.,"I098: Mixed or truncated cross-generation OLean/ILean/native/setup/plugin family under server and batch; current native facet and truncated cache map are selected cells.; I150: Complete operation-specific prepared inputs for lake serve, setup-file, InfoView/RPC, native/plugin use and ownership in a real generated archive; current small Lake fixture covers selected operations."
F07,No-build/no-cache fail-closed path,I092,partial,partial,anneal-3730-lake-prepared-contract-2026-09-29,Mapped destination evidence is scoped by its report; this suggestion is not inferred complete from a partial destination.,"I092: Server no-build path against missing configs, malformed manifests and all incomplete artifact families; current fixture checked selected setup/batch/native cases only."
F08,Build completion versus server readiness,I042;I089;I091,not-run,partial;partial;partial,anneal-3730-lean-rpc-lifetimes-v4-30-0-rc2;anneal-3730-lake-prepared-contract-2026-09-29,No matched build-complete versus server-ready handshake was executed.,"I042: Separate parsing/import/elaboration/async delays with ready-at-position and whole-file status; one gated cancellation and heartbeat timeout are not the full readiness matrix.; I089: Actual Anneal prepared archive from empty home/cache, server and first-goal write tracing under enforced read-only dependencies; new small Lake tree covers relocated batch/no-build only.; I091: Unsaved changed import header with captured per-file ModuleSetup/artifact/plugin/option identity."
F09,Unsaved import changes,I091,partial,partial,anneal-3730-lake-prepared-contract-2026-09-29,Mapped destination evidence is scoped by its report; this suggestion is not inferred complete from a partial destination.,I091: Unsaved changed import header with captured per-file ModuleSetup/artifact/plugin/option identity.
F10,Cache-hit and rebuild observability,I095,partial,partial,anneal-3730-lake-prepared-contract-2026-09-29,Mapped destination evidence is scoped by its report; this suggestion is not inferred complete from a partial destination.,"I095: Launched-process, read/write, and trace evidence of actual reuse plus effective parallelism controls."
F11,Artifact-cache writer crash consistency,I102,not-run,partial,anneal-3730-lake-prepared-contract-2026-09-29,No actual Lake artifact-cache writer was killed during publication.,I102: Interrupted concurrent restore/download/extract/publish with wrong-identity/corrupt-object recovery; truncated cache mapping is only one parser failure.
F12,Shared package-directory writer crashes,I108;I151,partial,partial;partial,anneal-3730-generation-recovery-2026-09-29;anneal-3730-lake-prepared-contract-2026-09-29,Mapped destination evidence is scoped by its report; this suggestion is not inferred complete from a partial destination.,I108: Real lock ordering across Lake/Anneal prepare/publish/cache/restart/GC with injected pauses and bounded waits; current filesystem locks are a synthetic state fixture.; I151: Conflicting simultaneous Lake writers and controlled kill at output/trace/cache publication with full inspection; current wrong-cache-object and prior writer-scale cases are incomplete.
F13,Read-only producer/many consumers,I089;I114;I139,partial,partial;partial;partial,anneal-3730-lake-prepared-contract-2026-09-29;anneal-3730-resource-economics-2026-09-29,Mapped destination evidence is scoped by its report; this suggestion is not inferred complete from a partial destination.,"I089: Actual Anneal prepared archive from empty home/cache, server and first-goal write tracing under enforced read-only dependencies; new small Lake tree covers relocated batch/no-build only.; I114: Guarded correctness/throughput/latency/CPU/physical-memory/disk sweep beyond two tiny Lake consumers, with realistic imports and host-budget bounds.; I139: Actual parallel Anneal generated-project tests combining model edit/scratch/restart/cleanup and host-budget limits; new two-Lake-consumer plus two-server samples are separate analogs."
F14,Consumer/toolchain relocation separately and together,I101,partial,partial,anneal-3730-lake-prepared-contract-2026-09-29,Mapped destination evidence is scoped by its report; this suggestion is not inferred complete from a partial destination.,I101: Real generated Anneal consumer relocated after server preparation with original producer inaccessible; test native/setup/diagnostics paths and retained workers beyond small Lake batch.
F15,Final-location preparation versus rename,I052,partial,partial,anneal-3730-generation-recovery-2026-09-29,Mapped destination evidence is scoped by its report; this suggestion is not inferred complete from a partial destination.,"I052: Prepare final versus moved Lake/Anneal generations across manifests, traces, setup, native libraries and retained workers; the synthetic rename and small Lake relocation cover subsets."
F16,Network-denied consumption,I104,partial,partial,anneal-3730-lake-prepared-contract-2026-09-29,Mapped destination evidence is scoped by its report; this suggestion is not inferred complete from a partial destination.,"I104: Trace producer/consumer network and filesystem attempts under isolated home/cache while denying external access; loopback denial establishes one control, not full offline closure."
F17,User-cache contamination,I096;I104,partial,partial;partial,anneal-3730-lake-prepared-contract-2026-09-29,Mapped destination evidence is scoped by its report; this suggestion is not inferred complete from a partial destination.,"I096: CLI/editor/MCP/CI launch variants with cwd, PATH, home, selectors, executable digests, and dependencies.; I104: Trace producer/consumer network and filesystem attempts under isolated home/cache while denying external access; loopback denial establishes one control, not full offline closure."
F18,Timestamp perturbations,I100,partial,partial,anneal-3730-lake-prepared-contract-2026-09-29,Mapped destination evidence is scoped by its report; this suggestion is not inferred complete from a partial destination.,I100: Trace normalization and source-order mutations beyond one same-mtime stale-output control.
F19,Clean oracle for interactive setup,I099;I131;I132,partial,partial;partial;partial,anneal-3730-lake-prepared-contract-2026-09-29;anneal-3730-acceptance-oracle-matrix-2026-09-29,Mapped destination evidence is scoped by its report; this suggestion is not inferred complete from a partial destination.,"I099: Independent clean versus prepared comparison of declarations, assumptions, navigation, tactic states and imported artifacts; current tiny fixed consumer/axiom agrees only on one theorem.; I131: Clean dependency rebuild or independent artifact/kernel audit over real captured Rust→Charon→Aeneas inputs; fresh Lean processes still share pinned model OLean and toolchain.; I132: Calibrate declaration/semantic/obligation and cross-tool diagnostic comparators on broad generated cases; new seven-control matrix catches weak/admitted/axiom/missing/wrong import in one Lean fixture."
F20,Generated-module rebuild isolation,I089;I113,partial,partial;partial,anneal-3730-lake-prepared-contract-2026-09-29;anneal-3730-resource-economics-2026-09-29,Mapped destination evidence is scoped by its report; this suggestion is not inferred complete from a partial destination.,"I089: Actual Anneal prepared archive from empty home/cache, server and first-goal write tracing under enforced read-only dependencies; new small Lake tree covers relocated batch/no-build only.; I113: Complete logical/allocated/inode/write/peak-space bill across Rust, LLBC, Lean, Lake, caches, and outside workspace."
G01,Explicit transport-independent MCP handles,I065;I066;I145,partial,partial;partial;partial,anneal-3730-multiclient-editor-contract-2026-09-29,Mapped destination evidence is scoped by its report; this suggestion is not inferred complete from a partial destination.,"I065: Executable MCP revision/capability negotiation and fallback for handles, progress, cancellation, and retrieval.; I066: A typed minimal proof-tool API exercised on actual subject/snapshot selection and verification.; I145: Full cross-layer identity ablation including Cargo, Charon, Aeneas, LLBC, Lake, import trace, URI/version/worker/RPC."
G02,Handle expiry and stale-generation failures,I044;I047;I122;I145,partial,partial;partial;partial;partial,anneal-3730-lean-rpc-lifetimes-v4-30-0-rc2;anneal-3730-server-topology-v4-30-0-rc2;anneal-3730-generation-recovery-2026-09-29,Mapped destination evidence is scoped by its report; this suggestion is not inferred complete from a partial destination.,"I044: Dereference ctx objects after edit/cancel/close/restart, release them, and measure expiry; the new report mainly tests session validity.; I047: Measure actual retained historical-goal storage/latency through rapid edits and expiry; separate-URI old text only proves a possible construction.; I122: Repeated crash/restart cleanup with durable owner identity and bounded orphan reclaim in an actual Anneal/Lake workspace; synthetic process fixture alone is insufficient.; I145: Full cross-layer identity ablation including Cargo, Charon, Aeneas, LLBC, Lake, import trace, URI/version/worker/RPC."
G03,Long-running MCP tasks,I065;I071,not-run,partial;partial,anneal-3730-multiclient-editor-contract-2026-09-29,No real MCP long-running task/progress/result lifecycle was executed.,"I065: Executable MCP revision/capability negotiation and fallback for handles, progress, cancellation, and retrieval.; I071: Actual asynchronous MCP progress/result lifecycle with expiry, cancellation, and partial-failure responses."
G04,Subscriptions for diagnostics/progress,I152,partial,partial,anneal-3730-multiclient-editor-contract-2026-09-29,Mapped destination evidence is scoped by its report; this suggestion is not inferred complete from a partial destination.,"I152: Actual MCP subscriptions/listen versus polling under delayed/dropped delivery, reconnect and state reconciliation; new local event model is not MCP transport."
G05,Concurrent agents in one workspace,I014;I067;I068,partial,partial;partial;partial,anneal-3730-multiclient-editor-contract-2026-09-29,Mapped destination evidence is scoped by its report; this suggestion is not inferred complete from a partial destination.,"I014: Four actual writers sharing one workspace, including lost-update and fork/exclusive-owner controls.; I067: Actual MCP transport-loss retries for edit/worker-create/check-start with durable bounded dedup expiry and CAS; local broker only models one edit response.; I068: One actual MCP/editor workspace authority with alternating unsaved edits, queries, and reconnect."
G06,Version-checked agent patch transaction,I029;I070;I137,partial,partial;not-run;partial,anneal-3730-projection-provenance-2026-09-29,Mapped destination evidence is scoped by its report; this suggestion is not inferred complete from a partial destination.,"I029: Real projected edits with source-and-projection CAS after unrelated shifting edits and atomic conflict reporting.; I070: Isolated scratch tactic attempts applied back under subject/proof CAS and verified against intended context.; I137: Real Rust-hosted annotation with parser, projection, prepared model, exact live query/edit, and batch check."
G07,Scratch tactic trials and reuse,I040;I070;I116;I153,not-run,partial;not-run;partial;partial,anneal-3730-resource-economics-2026-09-29;anneal-3730-server-topology-v4-30-0-rc2,No actual isolated tactic scratch trial or reusable pool was exercised.,"I040: Scratch proof forks with matched module identity, options, imports, surrounding commands, and real-candidate replay.; I070: Isolated scratch tactic attempts applied back under subject/proof CAS and verified against intended context.; I116: Long edit/query/open/close/restart soak with retention/leak classification; new four-edit/two-server run is short.; I153: Matched one-watchdog versus N-server plus MCP broker/adapters at 1/2/4/8 documents with scratch churn and physical-memory cost; current direct-Lean 1/2 tests are small."
G08,Scratch environment fidelity,I040,partial,partial,,Mapped destination evidence is scoped by its report; this suggestion is not inferred complete from a partial destination.,"I040: Scratch proof forks with matched module identity, options, imports, surrounding commands, and real-candidate replay."
G09,Read-only versus mutating tools,I069;I126,partial,partial;partial,anneal-3730-multiclient-editor-contract-2026-09-29;anneal-3730-acceptance-oracle-matrix-2026-09-29,Mapped destination evidence is scoped by its report; this suggestion is not inferred complete from a partial destination.,"I069: Executed tool access tiers and workspace/path isolation, especially generated-to-authored edit authority.; I126: Lake configuration, Lean macros/native extensions and enforced containment/resource limits; a benign run_tac write adds one execution boundary to prior Cargo/Lean callbacks."
G10,MCP multiplexing/process isolation,I004;I153,partial,partial;partial,anneal-3730-architecture-contracts-2026-09-29;anneal-3730-resource-economics-2026-09-29;anneal-3730-server-topology-v4-30-0-rc2,Mapped destination evidence is scoped by its report; this suggestion is not inferred complete from a partial destination.,"I004: Repeat the one-shot/per-project/broker comparison with actual Charon/Aeneas/Lean work, matched isolation, startup, restart and physical-resource measurements; the new timing rank is toy-only.; I153: Matched one-watchdog versus N-server plus MCP broker/adapters at 1/2/4/8 documents with scratch churn and physical-memory cost; current direct-Lean 1/2 tests are small."
G11,Edit/setup authorization taxonomy,I069,partial,partial,anneal-3730-multiclient-editor-contract-2026-09-29,Mapped destination evidence is scoped by its report; this suggestion is not inferred complete from a partial destination.,"I069: Executed tool access tiers and workspace/path isolation, especially generated-to-authored edit authority."
G12,Response provenance envelope,I066;I145,partial,partial;partial,anneal-3730-multiclient-editor-contract-2026-09-29,Mapped destination evidence is scoped by its report; this suggestion is not inferred complete from a partial destination.,"I066: A typed minimal proof-tool API exercised on actual subject/snapshot selection and verification.; I145: Full cross-layer identity ablation including Cargo, Charon, Aeneas, LLBC, Lake, import trace, URI/version/worker/RPC."
G13,Retry and idempotency,I067,partial,partial,anneal-3730-multiclient-editor-contract-2026-09-29,Mapped destination evidence is scoped by its report; this suggestion is not inferred complete from a partial destination.,I067: Actual MCP transport-loss retries for edit/worker-create/check-start with durable bounded dedup expiry and CAS; local broker only models one edit response.
G14,MCP cancellation races,I071;I105;I106,partial,partial;partial;partial,anneal-3730-multiclient-editor-contract-2026-09-29;anneal-3730-generation-recovery-2026-09-29,Mapped destination evidence is scoped by its report; this suggestion is not inferred complete from a partial destination.,"I071: Actual asynchronous MCP progress/result lifecycle with expiry, cancellation, and partial-failure responses.; I105: Per-stage process-group cancellation through actual Cargo/Charon/Aeneas/Lake/Lean and descendant cleanup; new SIGKILL phases exercised synthetic children.; I106: Queued real diagnostics/progress/exits after cancellation with request/worker correlation and publication fences; synthetic late completion is narrower."
G15,Agent navigation Rust-to-Lean-and-back,I066;I140;I149,not-run,partial;partial;partial,anneal-3730-multiclient-editor-contract-2026-09-29;anneal-3730-aeneas-identity-manifest-2026-09-29,No actual Rust-to-Lean-and-back navigation tool was exercised.,"I066: A typed minimal proof-tool API exercised on actual subject/snapshot selection and verification.; I140: Multiple controlled agent tasks with counterbalanced feedback order, matched cognitive budgets, and broader contracts.; I149: Proven Rust→Charon→Aeneas→Lean→obligation identities and one-to-many graph consumed by navigation/editing; new manifest inventories exact files/declaration heads but null proven mappings."
H01,Virtual document URI strategy,I033;I034;I155,partial,partial;partial;partial,anneal-3730-multiclient-editor-contract-2026-09-29,Mapped destination evidence is scoped by its report; this suggestion is not inferred complete from a partial destination.,"I033: URI/physical-path behavior across supported Lake launch modes and setup-file with imports, not just direct Lean.; I034: Existing-worker remapping across generations and measured stable URI versus generation-path reuse.; I155: Actual Rust editor host open/change/save/rename/close through Anneal projection and hidden Lean cleanup; new invented //% host in a local broker tests only lifecycle shape."
H02,Custom URI versus setup-file,I033;I155,partial,partial;partial,anneal-3730-multiclient-editor-contract-2026-09-29,Mapped destination evidence is scoped by its report; this suggestion is not inferred complete from a partial destination.,"I033: URI/physical-path behavior across supported Lake launch modes and setup-file with imports, not just direct Lean.; I155: Actual Rust editor host open/change/save/rename/close through Anneal projection and hidden Lean cleanup; new invented //% host in a local broker tests only lifecycle shape."
H03,Shadow-file authority and recovery,I155,partial,partial,anneal-3730-multiclient-editor-contract-2026-09-29,Mapped destination evidence is scoped by its report; this suggestion is not inferred complete from a partial destination.,I155: Actual Rust editor host open/change/save/rename/close through Anneal projection and hidden Lean cleanup; new invented //% host in a local broker tests only lifecycle shape.
H04,Hidden Lean document lifecycle,I033;I064;I155,partial,partial;partial;partial,anneal-3730-multiclient-editor-contract-2026-09-29,Mapped destination evidence is scoped by its report; this suggestion is not inferred complete from a partial destination.,"I033: URI/physical-path behavior across supported Lake launch modes and setup-file with imports, not just direct Lean.; I064: Editor disconnect/reconnect ownership against divergent disk/buffer bytes and live Lean worker.; I155: Actual Rust editor host open/change/save/rename/close through Anneal projection and hidden Lean cleanup; new invented //% host in a local broker tests only lifecycle shape."
H05,Different unsaved editor clients,I014;I068,partial,partial;partial,anneal-3730-multiclient-editor-contract-2026-09-29,Mapped destination evidence is scoped by its report; this suggestion is not inferred complete from a partial destination.,"I014: Four actual writers sharing one workspace, including lost-update and fork/exclusive-owner controls.; I068: One actual MCP/editor workspace authority with alternating unsaved edits, queries, and reconnect."
H06,Save versus existing unsaved generation,I063,not-run,not-run,,Mapped destination evidence is scoped by its report; this suggestion is not inferred complete from a partial destination.,"I063: Real editor autosave/format/watch/build events with loop, duplicate-work, and dirty-buffer controls."
H07,Rename/move with open proof,I021;I034;I063;I155,partial,partial;partial;not-run;partial,anneal-3730-multiclient-editor-contract-2026-09-29,Mapped destination evidence is scoped by its report; this suggestion is not inferred complete from a partial destination.,"I021: Annotation identity across move, duplicate, split, reorder, and deletion while results remain in flight.; I034: Existing-worker remapping across generations and measured stable URI versus generation-path reuse.; I063: Real editor autosave/format/watch/build events with loop, duplicate-work, and dirty-buffer controls.; I155: Actual Rust editor host open/change/save/rename/close through Anneal projection and hidden Lean cleanup; new invented //% host in a local broker tests only lifecycle shape."
H08,Workspace-folder/project switch,I004;I057;I153,not-run,partial;partial;partial,anneal-3730-architecture-contracts-2026-09-29;anneal-3730-multiclient-editor-contract-2026-09-29;anneal-3730-resource-economics-2026-09-29;anneal-3730-server-topology-v4-30-0-rc2,No real editor workspace-folder/project switch was exercised.,"I004: Repeat the one-shot/per-project/broker comparison with actual Charon/Aeneas/Lean work, matched isolation, startup, restart and physical-resource measurements; the new timing rank is toy-only.; I057: Editor extension, LSP proxy, and separate-server prototypes for both Rust and embedded Lean features.; I153: Matched one-watchdog versus N-server plus MCP broker/adapters at 1/2/4/8 documents with scratch churn and physical-memory cost; current direct-Lean 1/2 tests are small."
H09,Editor cancellation through scheduler,I007;I105;I107,not-run,partial;partial;partial,anneal-3730-architecture-contracts-2026-09-29;anneal-3730-generation-recovery-2026-09-29,No real editor cancellation was propagated through an Anneal scheduler.,"I007: A shared in-flight real backend with per-consumer cancellation and cache reuse ownership, beyond symbolic/fake stages.; I105: Per-stage process-group cancellation through actual Cargo/Charon/Aeneas/Lake/Lean and descendant cleanup; new SIGKILL phases exercised synthetic children.; I107: Shared actual build with multiple consumers, one cancellation and one failure plus reference-count/fan-out; synthetic ownership model alone is insufficient."
H10,Stale diagnostics during regeneration,I054;I058;I141,partial,partial;partial;conditional,anneal-3730-generation-recovery-2026-09-29;anneal-3730-multiclient-editor-contract-2026-09-29,Mapped destination evidence is scoped by its report; this suggestion is not inferred complete from a partial destination.,"I054: Fail real extraction, translation, build and server stages with visible last-good/provisional state and rollback; the new kill matrix uses synthetic stages.; I058: Push/pull diagnostic multiplexing with rustc/Charon/Aeneas/Lean origins and stale clearing across rename.; I141: Requires actual human participants and interface comprehension trial; no agent card check substitutes."
I01,Batch/fresh/warm/edited/restarted equivalence,I001;I131;I132,partial,partial;partial;partial,anneal-3730-architecture-contracts-2026-09-29;anneal-3730-acceptance-oracle-matrix-2026-09-29,Mapped destination evidence is scoped by its report; this suggestion is not inferred complete from a partial destination.,"I001: A full same-subject batch/live equivalence contract across obligations, imports, assumptions, and acceptable diagnostic differences.; I131: Clean dependency rebuild or independent artifact/kernel audit over real captured Rust→Charon→Aeneas inputs; fresh Lean processes still share pinned model OLean and toolchain.; I132: Calibrate declaration/semantic/obligation and cross-tool diagnostic comparators on broad generated cases; new seven-control matrix catches weak/admitted/axiom/missing/wrong import in one Lean fixture."
I02,Actual batch/live import identity,I048;I099;I131,partial,partial;partial;partial,anneal-3730-lake-prepared-contract-2026-09-29;anneal-3730-acceptance-oracle-matrix-2026-09-29,Mapped destination evidence is scoped by its report; this suggestion is not inferred complete from a partial destination.,"I048: Worker attestation of loaded artifacts/options/plugins or validated fresh-worker construction at the real project boundary.; I099: Independent clean versus prepared comparison of declarations, assumptions, navigation, tactic states and imported artifacts; current tiny fixed consumer/axiom agrees only on one theorem.; I131: Clean dependency rebuild or independent artifact/kernel audit over real captured Rust→Charon→Aeneas inputs; fresh Lean processes still share pinned model OLean and toolchain."
I03,Live acceptance followed by fresh verification,I131;I137;I138,partial,partial;partial;partial,anneal-3730-acceptance-oracle-matrix-2026-09-29,Mapped destination evidence is scoped by its report; this suggestion is not inferred complete from a partial destination.,"I131: Clean dependency rebuild or independent artifact/kernel audit over real captured Rust→Charon→Aeneas inputs; fresh Lean processes still share pinned model OLean and toolchain.; I137: Real Rust-hosted annotation with parser, projection, prepared model, exact live query/edit, and batch check.; I138: Real Charon/Aeneas model-change sequence with pending/failing/late generations and before/during/after queries."
I04,Batch acceptance followed by cold interactive use,I089;I091;I131,partial,partial;partial;partial,anneal-3730-lake-prepared-contract-2026-09-29;anneal-3730-acceptance-oracle-matrix-2026-09-29,Mapped destination evidence is scoped by its report; this suggestion is not inferred complete from a partial destination.,"I089: Actual Anneal prepared archive from empty home/cache, server and first-goal write tracing under enforced read-only dependencies; new small Lake tree covers relocated batch/no-build only.; I091: Unsaved changed import header with captured per-file ModuleSetup/artifact/plugin/option identity.; I131: Clean dependency rebuild or independent artifact/kernel audit over real captured Rust→Charon→Aeneas inputs; fresh Lean processes still share pinned model OLean and toolchain."
I05,Verification scope across live transitions,I129;I138;I144,partial,partial;partial;partial,anneal-3730-acceptance-oracle-matrix-2026-09-29;anneal-3730-partial-elaboration-queries-v4-30-0-rc2;anneal-3730-architecture-contracts-2026-09-29,Mapped destination evidence is scoped by its report; this suggestion is not inferred complete from a partial destination.,"I129: Machine result taxonomy integrated with actual Anneal source/model/obligation identities, separating reachable goal, file elaboration, admissions, pending/failed generation and Rust-level coverage.; I138: Real Charon/Aeneas model-change sequence with pending/failing/late generations and before/during/after queries.; I144: After remaining real integration/workload evidence, synthesize explicit v2 interface choices and smallest regression probes; new decision ledgers do not adopt a design."
I06,No goals versus theorem/file/project acceptance,I129,partial,partial,anneal-3730-acceptance-oracle-matrix-2026-09-29;anneal-3730-partial-elaboration-queries-v4-30-0-rc2,Mapped destination evidence is scoped by its report; this suggestion is not inferred complete from a partial destination.,"I129: Machine result taxonomy integrated with actual Anneal source/model/obligation identities, separating reachable goal, file elaboration, admissions, pending/failed generation and Rust-level coverage."
I07,TCB identity under reuse,I130,partial,partial,anneal-3730-acceptance-oracle-matrix-2026-09-29,Mapped destination evidence is scoped by its report; this suggestion is not inferred complete from a partial destination.,I130: Claim-relative axiom/admission/native/model taint propagated through theorem callers and reused artifacts/adapters; new cheat/sorry controls are one-hop.
I08,Development/partial-result taint,I130;I141,partial,partial;conditional,anneal-3730-acceptance-oracle-matrix-2026-09-29,Mapped destination evidence is scoped by its report; this suggestion is not inferred complete from a partial destination.,I130: Claim-relative axiom/admission/native/model taint propagated through theorem callers and reused artifacts/adapters; new cheat/sorry controls are one-hop.; I141: Requires actual human participants and interface comprehension trial; no agent card check substitutes.
J01,Real generated-project disk scaling,I113;I114;I139,partial,partial;partial;partial,anneal-3730-resource-economics-2026-09-29,Mapped destination evidence is scoped by its report; this suggestion is not inferred complete from a partial destination.,"I113: Complete logical/allocated/inode/write/peak-space bill across Rust, LLBC, Lean, Lake, caches, and outside workspace.; I114: Guarded correctness/throughput/latency/CPU/physical-memory/disk sweep beyond two tiny Lake consumers, with realistic imports and host-budget bounds.; I139: Actual parallel Anneal generated-project tests combining model edit/scratch/restart/cleanup and host-budget limits; new two-Lake-consumer plus two-server samples are separate analogs."
J02,Every copied byte classified,I113,not-run,partial,anneal-3730-resource-economics-2026-09-29,No complete cross-stage copied-byte attribution exists.,"I113: Complete logical/allocated/inode/write/peak-space bill across Rust, LLBC, Lean, Lake, caches, and outside workspace."
J03,Real-import server memory scaling,I114;I117;I153,partial,partial;partial;partial,anneal-3730-resource-economics-2026-09-29;anneal-3730-server-topology-v4-30-0-rc2,Mapped destination evidence is scoped by its report; this suggestion is not inferred complete from a partial destination.,"I114: Guarded correctness/throughput/latency/CPU/physical-memory/disk sweep beyond two tiny Lake consumers, with realistic imports and host-budget bounds.; I117: PSS or unique process-tree footprint and file-cache sharing for workers/plugins/watchdogs; phys_footprint samples improve on RSS sums but not this full accounting.; I153: Matched one-watchdog versus N-server plus MCP broker/adapters at 1/2/4/8 documents with scratch churn and physical-memory cost; current direct-Lean 1/2 tests are small."
J04,One watchdog/many documents versus many servers,I153,partial,partial,anneal-3730-resource-economics-2026-09-29;anneal-3730-server-topology-v4-30-0-rc2,Mapped destination evidence is scoped by its report; this suggestion is not inferred complete from a partial destination.,I153: Matched one-watchdog versus N-server plus MCP broker/adapters at 1/2/4/8 documents with scratch churn and physical-memory cost; current direct-Lean 1/2 tests are small.
J05,Prewarmed scratch pool scaling,I116;I153,not-run,partial;partial,anneal-3730-resource-economics-2026-09-29;anneal-3730-server-topology-v4-30-0-rc2,No prewarmed scratch pool scaling experiment was run.,I116: Long edit/query/open/close/restart soak with retention/leak classification; new four-edit/two-server run is short.; I153: Matched one-watchdog versus N-server plus MCP broker/adapters at 1/2/4/8 documents with scratch churn and physical-memory cost; current direct-Lean 1/2 tests are small.
J06,Nested parallelism budget,I115,not-run,partial,anneal-3730-resource-economics-2026-09-29,No nested Cargo/Aeneas/Lake/Lean parallelism budget sweep was run.,"I115: Outer/inner parallelism controls measured for Cargo/rustc, Aeneas, Lake, and Lean threads/processes."
J07,Cold/warm latency decomposition,I118,partial,partial,anneal-3730-resource-economics-2026-09-29,Mapped destination evidence is scoped by its report; this suggestion is not inferred complete from a partial destination.,"I118: Stage-by-stage end-to-end latency under proof-only, model, import, and toolchain changes at realistic sizes."
J08,Test/fixture/suite reuse granularity,I154,partial,partial,anneal-3730-resource-economics-2026-09-29,Mapped destination evidence is scoped by its report; this suggestion is not inferred complete from a partial destination.,"I154: Per-test/per-fixture/per-suite contamination matrix including plugins, phase ordering and worker restarts; new two-workspace sentinels are a narrow direct-Lean control."
J09,Failures under high concurrency,I105;I110;I139,not-run,partial;partial;partial,anneal-3730-generation-recovery-2026-09-29;anneal-3730-resource-economics-2026-09-29,No high-concurrency fault run with actual generated projects was performed.,"I105: Per-stage process-group cancellation through actual Cargo/Charon/Aeneas/Lake/Lean and descendant cleanup; new SIGKILL phases exercised synthetic children.; I110: Forced actual Lean worker/watchdog, Anneal and build-process kills with reconstruction from authoritative source/imports; new OS kills target a synthetic publisher.; I139: Actual parallel Anneal generated-project tests combining model edit/scratch/restart/cleanup and host-budget limits; new two-Lake-consumer plus two-server samples are separate analogs."
J10,Long-lived daemon resource drift,I116;I122,not-run,partial;partial,anneal-3730-resource-economics-2026-09-29;anneal-3730-generation-recovery-2026-09-29,No long-lived daemon soak or drift classification was performed.,I116: Long edit/query/open/close/restart soak with retention/leak classification; new four-edit/two-server run is short.; I122: Repeated crash/restart cleanup with durable owner identity and bounded orphan reclaim in an actual Anneal/Lake workspace; synthetic process fixture alone is insufficient.
J11,Generation collection with live readers,I121,partial,partial,anneal-3730-generation-recovery-2026-09-29,Mapped destination evidence is scoped by its report; this suggestion is not inferred complete from a partial destination.,"I121: GC leases for actual live workers, pending queries, scratch forks, later opens and replay records; new lease/GC fixture uses synthetic generations."
J12,Cross-test contamination sentinels,I135;I154,partial,partial;partial,anneal-3730-acceptance-oracle-matrix-2026-09-29;anneal-3730-resource-economics-2026-09-29,Mapped destination evidence is scoped by its report; this suggestion is not inferred complete from a partial destination.,"I135: Pairwise/higher-order source/import/cache/launch/lifecycle matrix in real pipeline with seeded wrong subject/assumption; new negative controls cover selected one-factor cases.; I154: Per-test/per-fixture/per-suite contamination matrix including plugins, phase ordering and worker restarts; new two-workspace sentinels are a narrow direct-Lean control."
J13,Concurrent identical cache misses,I102;I107,partial,partial;partial,anneal-3730-lake-prepared-contract-2026-09-29;anneal-3730-generation-recovery-2026-09-29,Mapped destination evidence is scoped by its report; this suggestion is not inferred complete from a partial destination.,"I102: Interrupted concurrent restore/download/extract/publish with wrong-identity/corrupt-object recovery; truncated cache mapping is only one parser failure.; I107: Shared actual build with multiple consumers, one cancellation and one failure plus reference-count/fan-out; synthetic ownership model alone is insufficient."
J14,Filesystem-specific resource scaling,I119;I124,not-run,partial;partial,anneal-3730-resource-economics-2026-09-29;anneal-3730-platform-filesystem-boundary-2026-09-29,The APFS/overlayfs semantics probe did not measure filesystem-specific resource scaling.,"I119: Whole prepared tree sharing strategy with actual consumer writes, APFS extent accounting, and load.; I124: Open memory-mapped Lean artifacts and full worker cleanup on each supported native filesystem; Windows/indexer and network filesystem behavior remain conditional on product scope. New Linux data is OrbStack overlayfs only."
J15,Resource limits and stale-success fallback,I109;I129,partial,partial;partial,anneal-3730-generation-recovery-2026-09-29;anneal-3730-acceptance-oracle-matrix-2026-09-29;anneal-3730-partial-elaboration-queries-v4-30-0-rc2,Mapped destination evidence is scoped by its report; this suggestion is not inferred complete from a partial destination.,"I109: Bounded real time, memory, disk, descriptor and process-slot exhaustion with recovery and last-good preservation; kill and small RSS controls do not cover exhaustion.; I129: Machine result taxonomy integrated with actual Anneal source/model/obligation identities, separating reachable goal, file elaboration, admissions, pending/failed generation and Rust-level coverage."
K01,Exact pre-compiler proof-range sidecar,I025;I026;I149,partial,partial;partial;partial,anneal-3730-projection-provenance-2026-09-29;anneal-3730-aeneas-identity-manifest-2026-09-29,Mapped destination evidence is scoped by its report; this suggestion is not inferred complete from a partial destination.,"I025: Negotiated LSP encoding round trips in a real host/projection pipeline; property fixture covers scalar/UTF-16 boundaries only.; I026: Actual Anneal annotation stripping, escaping, and scaffolding with exact source-map inversion and cross-segment rejection.; I149: Proven Rust→Charon→Aeneas→Lean→obligation identities and one-to-many graph consumed by navigation/editing; new manifest inventories exact files/declaration heads but null proven mappings."
K02,Cross-layer declaration manifest,I149,partial,partial,anneal-3730-aeneas-identity-manifest-2026-09-29,Mapped destination evidence is scoped by its report; this suggestion is not inferred complete from a partial destination.,I149: Proven Rust→Charon→Aeneas→Lean→obligation identities and one-to-many graph consumed by navigation/editing; new manifest inventories exact files/declaration heads but null proven mappings.
K03,Macro provenance/edit responsibility,I019;I031,partial,partial;partial,anneal-3730-projection-provenance-2026-09-29,Mapped destination evidence is scoped by its report; this suggestion is not inferred complete from a partial destination.,"I019: Compiler-backed annotation attachment across cfg, aliases, trait defaults, local/generated items, and explicit ambiguity outcomes.; I031: Full diagnostic source ownership across generated scaffolding, model, external imports, and ambiguous/absent spans."
K04,Synthetic-scaffolding blame evaluation,I031;I141,partial,partial;conditional,anneal-3730-projection-provenance-2026-09-29,Mapped destination evidence is scoped by its report; this suggestion is not inferred complete from a partial destination.,"I031: Full diagnostic source ownership across generated scaffolding, model, external imports, and ambiguous/absent spans.; I141: Requires actual human participants and interface comprehension trial; no agent card check substitutes."
K05,Relocation and normalized diagnostic identities,I059;I101;I123,partial,not-run;partial;partial,anneal-3730-lake-prepared-contract-2026-09-29,Mapped destination evidence is scoped by its report; this suggestion is not inferred complete from a partial destination.,"I059: Mapped hover, definition/reference navigation, semantic tokens, and unavailable imported-source behavior.; I101: Real generated Anneal consumer relocated after server preparation with original producer inaccessible; test native/setup/diagnostics paths and retained workers beyond small Lake batch.; I123: Case/Unicode/relative/symlink/hardlink aliases mapped to module/document/cache identity across roots."
K06,Owning range deleted during query,I021;I029,partial,partial;partial,anneal-3730-projection-provenance-2026-09-29,Mapped destination evidence is scoped by its report; this suggestion is not inferred complete from a partial destination.,"I021: Annotation identity across move, duplicate, split, reorder, and deletion while results remain in flight.; I029: Real projected edits with source-and-projection CAS after unrelated shifting edits and atomic conflict reporting."
K07,Rustfmt and proof-map stability,I032;I063,partial,partial;not-run,,Mapped destination evidence is scoped by its report; this suggestion is not inferred complete from a partial destination.,"I032: Boundary-edit fuzz on actual annotation grammar plus measured full versus incremental mapping latency.; I063: Real editor autosave/format/watch/build events with loop, duplicate-work, and dirty-buffer controls."
K08,Stable proof identity through model regeneration,I024;I034;I056;I155,partial,partial;partial;partial;partial,anneal-3730-multiclient-editor-contract-2026-09-29,Mapped destination evidence is scoped by its report; this suggestion is not inferred complete from a partial destination.,"I024: Preservation of unsaved authored Lean, formatting, and unsupported text through regeneration and external edits.; I034: Existing-worker remapping across generations and measured stable URI versus generation-path reuse.; I056: Proof-body/statement/helper/model ablation and sound incremental reuse boundaries on real Lean imports.; I155: Actual Rust editor host open/change/save/rename/close through Anneal projection and hidden Lean cleanup; new invented //% host in a local broker tests only lifecycle shape."
L01,Structured stage results,I006;I145,partial,partial;partial,anneal-3730-architecture-contracts-2026-09-29,Mapped destination evidence is scoped by its report; this suggestion is not inferred complete from a partial destination.,"I006: A structured Charon/Aeneas/Lean adapter contract with injected progress, stdout/stderr contamination, and shared batch/live use.; I145: Full cross-layer identity ablation including Cargo, Charon, Aeneas, LLBC, Lake, import trace, URI/version/worker/RPC."
L02,Backend filesystem-effects inventory,I006;I113,partial,partial;partial,anneal-3730-architecture-contracts-2026-09-29;anneal-3730-resource-economics-2026-09-29,Mapped destination evidence is scoped by its report; this suggestion is not inferred complete from a partial destination.,"I006: A structured Charon/Aeneas/Lean adapter contract with injected progress, stdout/stderr contamination, and shared batch/live use.; I113: Complete logical/allocated/inode/write/peak-space bill across Rust, LLBC, Lean, Lake, caches, and outside workspace."
L03,Progress independent of UI,I006;I095,partial,partial;partial,anneal-3730-architecture-contracts-2026-09-29;anneal-3730-lake-prepared-contract-2026-09-29,Mapped destination evidence is scoped by its report; this suggestion is not inferred complete from a partial destination.,"I006: A structured Charon/Aeneas/Lean adapter contract with injected progress, stdout/stderr contamination, and shared batch/live use.; I095: Launched-process, read/write, and trace evidence of actual reuse plus effective parallelism controls."
L04,Cancellation abstraction fit,I007;I105,partial,partial;partial,anneal-3730-architecture-contracts-2026-09-29;anneal-3730-generation-recovery-2026-09-29,Mapped destination evidence is scoped by its report; this suggestion is not inferred complete from a partial destination.,"I007: A shared in-flight real backend with per-consumer cancellation and cache reuse ownership, beyond symbolic/fake stages.; I105: Per-stage process-group cancellation through actual Cargo/Charon/Aeneas/Lake/Lean and descendant cleanup; new SIGKILL phases exercised synthetic children."
L05,Backend crash/retry reconstruction,I077;I081;I110,partial,partial;conditional;partial,anneal-3730-generation-recovery-2026-09-29,Mapped destination evidence is scoped by its report; this suggestion is not inferred complete from a partial destination.,"I077: Charon A/B/A process/library reset after errors/cancel, compiler lifetime, and isolation evidence.; I081: OCaml/Dune/opam toolchain not installed; same-process Aeneas needs user-approved non-local dependency scope.; I110: Forced actual Lean worker/watchdog, Anneal and build-process kills with reconstruction from authoritative source/imports; new OS kills target a synthetic publisher."
L06,Backend version/capability negotiation,I156,partial,partial,anneal-3730-aeneas-identity-manifest-2026-09-29;anneal-3730-multiclient-editor-contract-2026-09-29,Mapped destination evidence is scoped by its report; this suggestion is not inferred complete from a partial destination.,I156: Versioned executable Charon/Aeneas/Lean capability descriptors with real adapter fallback and unsupported-call behavior; one-shot Aeneas and local broker descriptors are partial.
L07,Batch shell over shared engine,I157,partial,partial,anneal-3730-multiclient-editor-contract-2026-09-29,Mapped destination evidence is scoped by its report; this suggestion is not inferred complete from a partial destination.,I157: One actual Anneal engine driven by current batch CLI and repeated in-process live shell with cancellation/reconstruction and fresh exact-input oracle; current Python prototypes are separate.
L08,Transport-free interactive shell,I157,partial,partial,anneal-3730-multiclient-editor-contract-2026-09-29,Mapped destination evidence is scoped by its report; this suggestion is not inferred complete from a partial destination.,I157: One actual Anneal engine driven by current batch CLI and repeated in-process live shell with cancellation/reconstruction and fresh exact-input oracle; current Python prototypes are separate.
L09,Direct Lean backend versus MCP delegation,I072,not-run,not-run,,No installed Lean MCP adapter was exercised under Anneal conditions.,"I072: Two independent MCP clients with concurrent calls, cancellation, and consistent shared workspace observations."
L10,Aeneas library embedding,I081;I086,conditional,conditional;not-run,anneal-3730-aeneas-identity-manifest-2026-09-29,Aeneas library embedding depends on the unresolved OCaml/Dune/opam toolchain decision.,"I081: OCaml/Dune/opam toolchain not installed; same-process Aeneas needs user-approved non-local dependency scope.; I086: Measured in-memory/structured-stream versus serialized LLBC/Lean handoff for copying, diagnostics, cancellation, and evidence cost."
M01,Interactive invariants on upgraded Lean/Lake,I094;I136;I158,partial,partial;partial;partial,anneal-3730-lake-prepared-contract-2026-09-29;anneal-3730-independent-vertical-reproduction-2026-09-29;anneal-3730-aeneas-identity-manifest-2026-09-29,Mapped destination evidence is scoped by its report; this suggestion is not inferred complete from a partial destination.,"I094: Read-only prepared consumer behavior on a selected later compatible Lean/Lake tuple; current prepared fixture is 4.30-rc2 only.; I136: A genuinely independent environment/operator without prior source exposure, plus selected compatible toolchain upgrade matrix; new second driver used same host/Lean and was not blind.; I158: Retained cross-tool replay on selected compatible upgrades and explicit obsolete-workaround deletion probes; current Aeneas replay and two-Lean-version direct-server case are slices."
M02,Minimal interactive upgrade checklist,I158,partial,partial,anneal-3730-aeneas-identity-manifest-2026-09-29,Mapped destination evidence is scoped by its report; this suggestion is not inferred complete from a partial destination.,I158: Retained cross-tool replay on selected compatible upgrades and explicit obsolete-workaround deletion probes; current Aeneas replay and two-Lean-version direct-server case are slices.
M03,Charon upgrade checklist,I158,not-run,partial,anneal-3730-aeneas-identity-manifest-2026-09-29,No second Charon version was selected for an upgrade checklist execution.,I158: Retained cross-tool replay on selected compatible upgrades and explicit obsolete-workaround deletion probes; current Aeneas replay and two-Lean-version direct-server case are slices.
M04,Aeneas upgrade checklist,I158,not-run,partial,anneal-3730-aeneas-identity-manifest-2026-09-29,No second Aeneas version was selected for an upgrade checklist execution.,I158: Retained cross-tool replay on selected compatible upgrades and explicit obsolete-workaround deletion probes; current Aeneas replay and two-Lean-version direct-server case are slices.
M05,Golden replay across toolchain tuples,I136;I158,partial,partial;partial,anneal-3730-independent-vertical-reproduction-2026-09-29;anneal-3730-aeneas-identity-manifest-2026-09-29,Mapped destination evidence is scoped by its report; this suggestion is not inferred complete from a partial destination.,"I136: A genuinely independent environment/operator without prior source exposure, plus selected compatible toolchain upgrade matrix; new second driver used same host/Lean and was not blind.; I158: Retained cross-tool replay on selected compatible upgrades and explicit obsolete-workaround deletion probes; current Aeneas replay and two-Lean-version direct-server case are slices."
M06,Probes for deleting obsolete workarounds,I100;I142;I158,not-run,partial;partial;partial,anneal-3730-lake-prepared-contract-2026-09-29;anneal-3730-architecture-contracts-2026-09-29;anneal-3730-aeneas-identity-manifest-2026-09-29,No workaround-deletion probe was run on a compatible upgraded tuple.,"I100: Trace normalization and source-order mutations beyond one same-mtime stale-output control.; I142: Matched real-workload adoption gates for reuse, fine invalidation, incremental projection, shared broker and history; current toy topology gives mechanism/failure costs but no backend benefit.; I158: Retained cross-tool replay on selected compatible upgrades and explicit obsolete-workaround deletion probes; current Aeneas replay and two-Lean-version direct-server case are slices."
N01,Challenge path-only identity,I159,partial,partial,anneal-3730-acceptance-oracle-matrix-2026-09-29;anneal-3730-architecture-contracts-2026-09-29,Mapped destination evidence is scoped by its report; this suggestion is not inferred complete from a partial destination.,"I159: Execute remaining N01–N12 simple alternatives in relevant real integrated harnesses, especially supported refresh, native shared-writer conflict, generated proof ownership and cancellation; current counterexamples are scoped."
N02,Challenge document-version-only identity,I159,partial,partial,anneal-3730-acceptance-oracle-matrix-2026-09-29;anneal-3730-architecture-contracts-2026-09-29,Mapped destination evidence is scoped by its report; this suggestion is not inferred complete from a partial destination.,"I159: Execute remaining N01–N12 simple alternatives in relevant real integrated harnesses, especially supported refresh, native shared-writer conflict, generated proof ownership and cancellation; current counterexamples are scoped."
N03,Try supported refresh without restart,I159,not-run,partial,anneal-3730-acceptance-oracle-matrix-2026-09-29;anneal-3730-architecture-contracts-2026-09-29,An existing Lean worker was not shown to refresh a changed import through a supported operation.,"I159: Execute remaining N01–N12 simple alternatives in relevant real integrated harnesses, especially supported refresh, native shared-writer conflict, generated proof ownership and cancellation; current counterexamples are scoped."
N04,Try one server for conflicting workspaces,I159,partial,partial,anneal-3730-acceptance-oracle-matrix-2026-09-29;anneal-3730-architecture-contracts-2026-09-29,Mapped destination evidence is scoped by its report; this suggestion is not inferred complete from a partial destination.,"I159: Execute remaining N01–N12 simple alternatives in relevant real integrated harnesses, especially supported refresh, native shared-writer conflict, generated proof ownership and cancellation; current counterexamples are scoped."
N05,Try shared writable generated build state,I159,partial,partial,anneal-3730-acceptance-oracle-matrix-2026-09-29;anneal-3730-architecture-contracts-2026-09-29,Mapped destination evidence is scoped by its report; this suggestion is not inferred complete from a partial destination.,"I159: Execute remaining N01–N12 simple alternatives in relevant real integrated harnesses, especially supported refresh, native shared-writer conflict, generated proof ownership and cancellation; current counterexamples are scoped."
N06,Try artifact-cache-only reconstruction,I159,partial,partial,anneal-3730-acceptance-oracle-matrix-2026-09-29;anneal-3730-architecture-contracts-2026-09-29,Mapped destination evidence is scoped by its report; this suggestion is not inferred complete from a partial destination.,"I159: Execute remaining N01–N12 simple alternatives in relevant real integrated harnesses, especially supported refresh, native shared-writer conflict, generated proof ownership and cancellation; current counterexamples are scoped."
N07,Try renaming a prepared generation,I159,partial,partial,anneal-3730-acceptance-oracle-matrix-2026-09-29;anneal-3730-architecture-contracts-2026-09-29,Mapped destination evidence is scoped by its report; this suggestion is not inferred complete from a partial destination.,"I159: Execute remaining N01–N12 simple alternatives in relevant real integrated harnesses, especially supported refresh, native shared-writer conflict, generated proof ownership and cancellation; current counterexamples are scoped."
N08,Try generated Lean as canonical proof source,I159,not-run,partial,anneal-3730-acceptance-oracle-matrix-2026-09-29;anneal-3730-architecture-contracts-2026-09-29,No real generated-Lean-as-canonical-proof-source ownership experiment was run.,"I159: Execute remaining N01–N12 simple alternatives in relevant real integrated harnesses, especially supported refresh, native shared-writer conflict, generated proof ownership and cancellation; current counterexamples are scoped."
N09,Try span-only editable-range recovery,I159,partial,partial,anneal-3730-acceptance-oracle-matrix-2026-09-29;anneal-3730-architecture-contracts-2026-09-29,Mapped destination evidence is scoped by its report; this suggestion is not inferred complete from a partial destination.,"I159: Execute remaining N01–N12 simple alternatives in relevant real integrated harnesses, especially supported refresh, native shared-writer conflict, generated proof ownership and cancellation; current counterexamples are scoped."
N10,Challenge universal proof-only bypass,I159,partial,partial,anneal-3730-acceptance-oracle-matrix-2026-09-29;anneal-3730-architecture-contracts-2026-09-29,Mapped destination evidence is scoped by its report; this suggestion is not inferred complete from a partial destination.,"I159: Execute remaining N01–N12 simple alternatives in relevant real integrated harnesses, especially supported refresh, native shared-writer conflict, generated proof ownership and cancellation; current counterexamples are scoped."
N11,Challenge no-goals-as-success,I159,complete,partial,anneal-3730-acceptance-oracle-matrix-2026-09-29;anneal-3730-architecture-contracts-2026-09-29,"Weak, admitted, axiom and missing-obligation controls falsify no-goals-as-acceptance for the Lean-level claim; Rust-level coverage remains a separate investigation.",No residual for the Lean-level falsification of no-goals-as-acceptance; full Rust/Anneal coverage remains under I129/I137/I159.
N12,Challenge cancellation-only freshness,I159,partial,partial,anneal-3730-acceptance-oracle-matrix-2026-09-29;anneal-3730-architecture-contracts-2026-09-29,Mapped destination evidence is scoped by its report; this suggestion is not inferred complete from a partial destination.,"I159: Execute remaining N01–N12 simple alternatives in relevant real integrated harnesses, especially supported refresh, native shared-writer conflict, generated proof ownership and cancellation; current counterexamples are scoped."
O01,Synthesize state machine and invariants,I144,partial,partial,anneal-3730-acceptance-oracle-matrix-2026-09-29;anneal-3730-architecture-contracts-2026-09-29,Mapped destination evidence is scoped by its report; this suggestion is not inferred complete from a partial destination.,"I144: After remaining real integration/workload evidence, synthesize explicit v2 interface choices and smallest regression probes; new decision ledgers do not adopt a design."
O02,Synthesize invalidation matrix,I144,partial,partial,anneal-3730-acceptance-oracle-matrix-2026-09-29;anneal-3730-architecture-contracts-2026-09-29,Mapped destination evidence is scoped by its report; this suggestion is not inferred complete from a partial destination.,"I144: After remaining real integration/workload evidence, synthesize explicit v2 interface choices and smallest regression probes; new decision ledgers do not adopt a design."
O03,Synthesize stable/ephemeral identity model,I144;I145,partial,partial;partial,anneal-3730-acceptance-oracle-matrix-2026-09-29;anneal-3730-architecture-contracts-2026-09-29,Mapped destination evidence is scoped by its report; this suggestion is not inferred complete from a partial destination.,"I144: After remaining real integration/workload evidence, synthesize explicit v2 interface choices and smallest regression probes; new decision ledgers do not adopt a design.; I145: Full cross-layer identity ablation including Cargo, Charon, Aeneas, LLBC, Lake, import trace, URI/version/worker/RPC."
O04,Synthesize ownership/projection contract,I144,partial,partial,anneal-3730-acceptance-oracle-matrix-2026-09-29;anneal-3730-architecture-contracts-2026-09-29,Mapped destination evidence is scoped by its report; this suggestion is not inferred complete from a partial destination.,"I144: After remaining real integration/workload evidence, synthesize explicit v2 interface choices and smallest regression probes; new decision ledgers do not adopt a design."
O05,Synthesize prepared producer/consumer contract,I144;I150,partial,partial;partial,anneal-3730-acceptance-oracle-matrix-2026-09-29;anneal-3730-architecture-contracts-2026-09-29;anneal-3730-lake-prepared-contract-2026-09-29,Mapped destination evidence is scoped by its report; this suggestion is not inferred complete from a partial destination.,"I144: After remaining real integration/workload evidence, synthesize explicit v2 interface choices and smallest regression probes; new decision ledgers do not adopt a design.; I150: Complete operation-specific prepared inputs for lake serve, setup-file, InfoView/RPC, native/plugin use and ownership in a real generated archive; current small Lake fixture covers selected operations."
O06,Synthesize exact proof-query contract,I144,partial,partial,anneal-3730-acceptance-oracle-matrix-2026-09-29;anneal-3730-architecture-contracts-2026-09-29,Mapped destination evidence is scoped by its report; this suggestion is not inferred complete from a partial destination.,"I144: After remaining real integration/workload evidence, synthesize explicit v2 interface choices and smallest regression probes; new decision ledgers do not adopt a design."
O07,Synthesize MCP semantic API,I144,partial,partial,anneal-3730-acceptance-oracle-matrix-2026-09-29;anneal-3730-architecture-contracts-2026-09-29,Mapped destination evidence is scoped by its report; this suggestion is not inferred complete from a partial destination.,"I144: After remaining real integration/workload evidence, synthesize explicit v2 interface choices and smallest regression probes; new decision ledgers do not adopt a design."
O08,Synthesize LSP semantic API,I144,partial,partial,anneal-3730-acceptance-oracle-matrix-2026-09-29;anneal-3730-architecture-contracts-2026-09-29,Mapped destination evidence is scoped by its report; this suggestion is not inferred complete from a partial destination.,"I144: After remaining real integration/workload evidence, synthesize explicit v2 interface choices and smallest regression probes; new decision ledgers do not adopt a design."
O09,Synthesize measured test-resource architecture,I144,partial,partial,anneal-3730-acceptance-oracle-matrix-2026-09-29;anneal-3730-architecture-contracts-2026-09-29,Mapped destination evidence is scoped by its report; this suggestion is not inferred complete from a partial destination.,"I144: After remaining real integration/workload evidence, synthesize explicit v2 interface choices and smallest regression probes; new decision ledgers do not adopt a design."
O10,Synthesize batch/live equivalence contract,I144,partial,partial,anneal-3730-acceptance-oracle-matrix-2026-09-29;anneal-3730-architecture-contracts-2026-09-29,Mapped destination evidence is scoped by its report; this suggestion is not inferred complete from a partial destination.,"I144: After remaining real integration/workload evidence, synthesize explicit v2 interface choices and smallest regression probes; new decision ledgers do not adopt a design."
