package,reviewed_ids,actual_executed_or_source_scope,boundary,file_count,bytes,validator
anneal-3730-acceptance-oracle-matrix-2026-09-29,I126;I127;I128;I129;I130;I131;I132;I134;I135;I144;I159,"Two direct Lean runs: exact imported artifact/fresh proof, weak/admitted/axiom/wrong-import/missing-claim controls, killed consumer, benign tactic IO and fake-token redaction.","Synthetic Lean proposition and local LSP only; no Anneal obligation graph, human trial or independent kernel.",6,154502,reference._load_report: valid
anneal-3730-aeneas-identity-manifest-2026-09-29,I082;I083;I084;I085;I086;I087;I088;I148;I149;I156;I158,"Pinned one-shot Aeneas CLI input/flag/schema matrix, complete file/declaration manifest, stale output and partial-sorry failure.","No same-process library call, registered external-model mutation, authenticated cross-layer mapping or second release.",73,1099073,reference._load_report: valid
anneal-3730-architecture-contracts-2026-09-29,I001;I002;I004;I005;I006;I007;I008;I142;I144;I159,"Pinned architecture precedent/source comparison and three runnable toy process topologies with failure, restart and collision controls.","Toy hash-and-sleep backend; not matched real Charon/Aeneas/Lean cost, upstream patch, or adopted design.",6,62452,reference._load_report: valid
anneal-3730-charon-scaling-subject-closure-2026-09-29,I009;I015;I016;I073;I075;I076;I078;I079,"Pinned Charon/Cargo workspace: 1/32/192 root closure, feature/build-script/include input perturbations and wrong-member partial LLBC after failed multi-library request.","Saved sources/fresh targets only; no overlay, warm-target proof, concurrent producers or full semantic normalization.",26,12756678,reference._load_report: valid
anneal-3730-generation-recovery-2026-09-29,I051;I052;I053;I054;I055;I105;I106;I107;I108;I109;I110;I111;I112;I121;I122,"Direct filesystem/process fixture with nine SIGKILL phases, multi-file staging, late completion, locks/GC/restart and reconciliation.",Synthetic backend and tiny files; not actual Cargo/Charon/Aeneas/Lake/Lean process groups or crash-durable product state.,4,48924,reference._load_report: valid
anneal-3730-independent-vertical-reproduction-2026-09-29,I136,Second worker wrote a new driver and reran A/F/B live/batch/gated-late controls; 33/33 exact comparison fields matched.,Same host/toolchain and prior source exposure; no independent machine/operator blind study or compatible-upgrade matrix.,7,200970,reference._load_report: valid
anneal-3730-lake-prepared-contract-2026-09-29,I089;I090;I091;I092;I093;I094;I095;I096;I097;I098;I099;I100;I101;I102;I103;I104;I120;I125;I150;I151,"Tiny two-package Lean/TOML clean and relocated prepared Lake fixture, no-build checks, isolated home/denied loopback, native facet and cache wrong-object/truncated-map controls.","No real Anneal archive, server query, complete plugin/native family, network syscall trace, concurrent restore or full integrity oracle.",14,222949,reference._load_report: valid
anneal-3730-lean-artifact-layouts-v4-30-0-rc2,I035,"Three Lean/Lake module-layout approximations over identical two-claim/helper proofs at model sizes 1/128; edits, failure isolation, worker/import costs and visibility.","No actual embedded Rust annotation layout, large imports, parallel scheduler or more than two workers.",212,3761794,reference._load_report: valid
anneal-3730-lean-rpc-lifetimes-v4-30-0-rc2,I041;I042;I043;I044;I045;I047,"Direct Lean RPC session across edit/cancel/close/reopen/new server, killed worker, late old transport reply and retained separate-URI old source.",No ctx dereference/release/expiry or actual Anneal envelope; successful late old response used separate transports.,11,189376,reference._load_report: valid
anneal-3730-multiclient-editor-contract-2026-09-29,I057;I058;I062;I064;I065;I066;I067;I068;I069;I071;I152;I155;I156;I157,"One direct Lean stdio connection plus two logical local clients: unsaved source, versioned goal/diagnostics, CAS retry, dropped local event/poll, restart/rename and direct cancellation.","No actual MCP transport, editor extension, separate clients, diagnostic multiplexing or real Anneal bridge.",5,233143,reference._load_report: valid
anneal-3730-partial-elaboration-queries-v4-30-0-rc2,I041;I043;I046;I129,"Direct Lean valid declarations around unfinished proof, unknown tactic, heartbeat timeout and recoverable syntax error; goal positions, diagnostics and batch failures.",No integrated Anneal status; nested/macros/EOF and stronger concurrency not tested. I046 requested direct-Lean fixture is satisfied.,11,280504,reference._load_report: valid
anneal-3730-platform-filesystem-boundary-2026-09-29,I124,"Two trials each on host APFS and cached Ubuntu/OrbStack Linux overlayfs: descriptor/rename/unlink/flock and 2,400 sampled reads per trial.","No mapped Lean artifacts, native Linux ext4/XFS, Windows/network filesystem, indexer or crash durability.",5,30050,reference._load_report: valid
anneal-3730-projection-provenance-2026-09-29,I025;I026;I027;I029;I030;I031,"Real Charon/Aeneas coarse spans plus invented doc-comment exact-byte/UTF-16 projection, multi-range CAS and synthetic edit rejection.","No Anneal parser/source map, actual hover/rename, true one-to-many obligation routing or production generator.",11,107145,reference._load_report: valid
anneal-3730-resource-economics-2026-09-29,I113;I114;I115;I116;I117;I118;I119;I139;I146;I153;I154,"Guarded two-Lake-consumer cold/warm run and two-server four-edit sentinel, sampled RSS/phys_footprint/disk with clean shutdown.","Tiny fixtures, no Anneal generated project, Mathlib, high-worker sweep, long soak, PSS or peak-between-polls proof.",66,659288,reference._load_report: valid
anneal-3730-server-topology-v4-30-0-rc2,I044;I045;I153,One direct Lean watchdog versus two on conflicting same-named Dep imports; direct session invalidation after close/reopen and summed RSS.,"No MCP broker, Lake launch matrix, 4/8 document sweep, unique physical memory or delayed internal-worker response.",13,163065,reference._load_report: valid
