suite,investigation_ids,precise_remaining_locally_executable_work,required_evidence_boundary,resource_guard,status_at_snapshot
L01,I033;I041;I048;I049;I050;I091;I092;I098;I147;I159,"Launch the same generated fixture through lake serve, lake env lean --server, and a direct prepared Lean server; rebuild source and imported artifact independently; compare old, reopened, and fresh workers and batch results, including supported refresh paths.","Actual pinned Lean/Lake behavior; an Anneal worker policy remains implementation dependent.","Tiny two-module fixture; one server at a time.","In progress after 08:18 UTC; excluded from snapshot"
L02,I009;I015;I016;I073;I074;I075;I076;I078;I079;I080,"Repeat saved Rust versus shadow overlay against warm and cold Cargo targets; mutate include, env, feature, build-script and macro inputs; capture Charon invocation, complete LLBC set, subject identity and failed partial output.","Real Cargo/Charon commands; no claim about an unimplemented Anneal overlay scheduler.","Small bounded workspace; one or two processes.","Warm-target controls in progress after 08:18 UTC; excluded from snapshot"
L03,I017;I018;I019;I020;I021;I022;I023;I024;I028;I035,"Compile parser/annotation boundary fixtures with malformed and unavailable Rust, several annotations and shared helpers, moved items, one source with multiple compilation subjects, and proof-only edits; compare generated text against the same batch generator.","A runnable independent fixture can test known annotation syntax; the actual Anneal parser/generator requires implementation.","Small fixtures and fresh temporary targets.","Open"
L04,I025;I026;I027;I029;I030;I031;I032,"Expand exact-byte/UTF-16 projection property tests to macros, doc comments, nested spans, one-to-many obligations, versioned multi-range patches, diagnostics, and a measured edit stream.","Projection model tests remain distinct from actual editor and Anneal source maps.","Bounded random seed corpus; store counterexamples.","Open"
L05,I034;I035;I036;I037;I038;I039;I040;I055;I056,"Use generated Lean modules to test per-annotation/per-file/per-artifact layouts, wrapper context, changed prefixes, unsaved cross-imports, cycles, scratch forks, and deletion of outputs, then compare fresh batch compilation.","Real Lean/Lake semantics on synthetic generated modules; no Rust annotation integration.","Limit module count and cold builds.","Open"
L06,I041;I042;I043;I044;I045;I047,"Probe richer Lean goal positions and RPC object dereference, release, expiry, worker reincarnation, reused IDs, historical versions, late replies, and parsing/import/elaboration readiness with causal barriers.","Direct Lean protocol evidence, not a claim about Anneal envelopes or MCP.","One document worker or two bounded workers.","Open"
L07,I051;I052;I053;I054;I055;I105;I106;I107;I108;I109;I110;I111;I112;I121;I122,"Connect the existing filesystem state harness to real small Cargo, Charon, Aeneas, Lake and Lean child processes; interrupt each phase, record descendants and late outputs, test single-flight cancellation, lock order, GC leases, restart reconciliation and bounded exhaustion.","Only real component-process behavior; a complete Anneal scheduler still requires implementation.","Strict process, time, descriptor, memory and disk caps; never stress the host unboundedly.","Open"
L08,I073;I076;I077;I078;I079;I080;I148,"Use concurrent separate compilation units and deliberate output collisions; compare LLBC across process reuse/restart, flags, source reorder and harmless metadata differences; verify exit status, file set and schema before publication.","Actual pinned Charon CLI behavior, separate from future in-process API.","Small bounded crates and serialized heavy builds.","Open"
L09,I082;I083;I084;I085;I086;I087;I088;I148;I149,"Run one-shot Aeneas CLI with input/flag/manifest ablations, output-set shrinkage, old destination contents, warnings and malformed LLBC; verify generated declarations by batch Lean and record source-line mapping completeness.","Does not establish same-process worker reset or a registered external model without the gated OCaml toolchain.","Tiny inputs; isolate destination per run.","Open"
L10,I089;I090;I091;I092;I093;I094;I095;I096;I100;I101;I104;I150;I158,"Move an actual prepared generated Lake consumer to its permanent path, remove producer/home/cache, inspect package identity/config/trace and offline file/network attempts for batch, server, query and native-load operations; compare pinned and compatible upgrade tuples.","Small Lake consumer and cached Lean toolchains; real Anneal archive still absent.","One archive copy and one server at a time; cap trace size.","Open"
L11,I097;I098;I099;I102;I103;I151,"Ablate source/model/tool/options/path cache keys; mix or truncate OLean/ILean/native/setup families; kill concurrent restore/publish, retry corrupted objects, and compare independent clean versus seeded consumers using semantic and diagnostic oracles.","Real Lake/cache behavior, but cross-product with Anneal generation identity awaits integration.","Scratch cache only; two consumers; byte quota.","Open"
L12,I113;I114;I115;I116;I117;I118;I119;I139;I142;I146;I153;I154,"Repeat guarded resource and latency measurements with representative imports, 1/2/4 workers only if host budget allows, nested parallelism, edit/query soak, disk bill, physical footprint and contamination sentinels; compare retention/recomputation choices.","Report measured host and workload; do not infer large Mathlib or production concurrency from tiny fixtures.","Preflight free disk/RAM; bounded duration and hard kill limits.","Open"
L13,I120;I125;I150,"Prune prepared modules and test new import/tactic/macro/plugin/scratch operations; change native plugin identity and ABI in isolated consumers, recording loaded binary and failure stage.","Real Lean/Lake native and plugin behavior; implementation-level capability selection remains open.","Scratch copies only; no global plugin install.","Open"
L14,I123;I124,"On host APFS and already cached Linux overlayfs, extend path-alias, Unicode/case, mmap-open/rename/unlink/GC reader experiments with real Lean artifacts; record platform APIs and limits.","Native ext4/XFS, Windows, network filesystems and indexer interference remain conditional on available target.","Scratch filesystems only; never touch backup volumes.","Open"
L15,I126;I127;I128;I129;I130;I131;I132;I133;I134;I135;I136;I144;I159,"Expand negative acceptance controls: axiom/admission/helper/import/obligation substitutions, fresh import rebuild, comparator mutants, causal interrupted verification, and compatible Lean upgrade; preserve raw provenance and a second independent local driver.","Same machine and shared toolchain are not human, independent environment, or full Rust-to-proof acceptance.","Tiny proof modules and deterministic seeds.","Open"
L16,I001;I002;I003;I004;I005;I006;I007;I008;I142;I144;I159,"Complete pinned source/API comparison and synthetic one-shot/project/broker contract falsification, including virtual-document ambiguity and measured launch/reuse; map the result to concrete Anneal acceptance gates.","Read-only upstream/source review can run locally; new compiler/language-server installations need prior decision.","Source clones only where already present; tiny toy services.","Open"
L17,I011;I013;I014;I016;I018;I020;I021;I034;I045;I145;I147,"Extend identity/state-model mutation suite with multiple writers, reopened-version reset, A→B→A, independent source/artifact changes, source-subject aliases and cross-layer negative reuse controls.","Model verdicts are contract tests, not actual Anneal cache behavior.","Finite deterministic schedules and manifest hashes.","Open"
L18,I131;I132;I135;I136;I158;I159,"Run matched clean/prepared, batch/live and direct/Lake checks under cached Lean 4.29 and 4.30-rc2; document workaround deletion only when a compatible selected upgrade supports it.","Version comparison is local/pinned; newer or incompatible upgrade requires a selected toolchain.","Single version active per fixture; limited copies.","Open"
