segment,sample,label,elapsed_seconds,processes,rss_sum_bytes,footprint_summary_bytes,per_pid_phys_sum_bytes,free_percent,disk_files,disk_payload_bytes,disk_blocks_bytes,disk_distinct_inodes
1,0,segment-start,0.553,2,460013568,122085504,120758400,49,3,4634,16384,4
1,1,periodic,11.401,2,688717824,347956224,348021760,51,3,4634,16384,4
1,2,periodic,21.996,2,689029120,348267520,348333056,51,3,4634,16384,4
1,3,periodic,32.57,2,437452800,348316672,348382208,41,3,4634,16384,4
1,4,periodic,43.203,2,437698560,348415040,348480576,42,3,4634,16384,4
1,5,periodic,53.83,2,437764096,348415040,348480576,43,3,4634,16384,4
1,6,periodic,64.459,2,437911552,348431424,348496960,43,3,4634,16384,4
1,7,periodic,75.076,2,438026240,348496960,348562496,48,3,4634,16384,4
1,8,periodic,85.698,2,438550528,348791936,348857472,45,3,4634,16384,4
1,9,periodic,96.335,2,385122304,348791936,348857472,41,3,4634,16384,4
1,10,periodic,106.955,2,385384448,348791936,348857472,42,3,4634,16384,4
1,11,segment-end,112.1,2,385384448,348791936,348857472,42,3,4634,16384,4
2,0,segment-start,112.638,2,459915264,121937984,120610880,44,3,4659,16384,4
2,1,periodic,123.502,2,688865280,348070848,348136384,45,3,4659,16384,4
2,2,periodic,134.133,2,688930816,348136384,348201920,45,3,4659,16384,4
2,3,periodic,144.761,2,688963584,348169152,348234688,50,3,4659,16384,4
2,4,periodic,155.395,2,688963584,348169152,348234688,50,3,4659,16384,4
2,5,periodic,166.032,2,689176576,348415040,348480576,50,3,4659,16384,4
2,6,periodic,176.631,2,689291264,348529728,348595264,50,3,4659,16384,4
2,7,periodic,187.229,2,689291264,348529728,348595264,49,3,4659,16384,4
2,8,periodic,197.855,2,518553600,348546112,348611648,46,3,4659,16384,4
2,9,periodic,208.481,2,518717440,348578880,348644416,46,3,4659,16384,4
2,10,periodic,219.12,2,518946816,348726400,348791936,46,3,4659,16384,4
2,11,segment-end,224.273,2,518946816,348726400,348791936,47,3,4659,16384,4
3,0,segment-start,224.813,2,459915264,122200448,120889728,48,3,4659,16384,4
3,1,periodic,235.683,2,688455680,347907200,347972736,48,3,4659,16384,4
3,2,periodic,246.292,2,688766976,348218496,348284032,48,3,4659,16384,4
3,3,periodic,256.907,2,688914432,348382400,348447936,52,3,4659,16384,4
3,4,periodic,267.536,2,689012736,348480704,348546240,52,3,4659,16384,4
3,5,periodic,278.165,2,689012736,348480704,348546240,52,3,4659,16384,4
3,6,periodic,288.783,2,689061888,348546304,348611840,52,3,4659,16384,4
3,7,periodic,299.405,2,689078272,348562688,348628224,52,3,4659,16384,4
3,8,periodic,310.032,2,689094656,348579072,348644608,53,3,4659,16384,4
3,9,periodic,320.664,2,689111040,348595456,348660992,53,3,4659,16384,4
3,10,periodic,331.291,2,689111040,348595456,348660992,53,3,4659,16384,4
3,11,segment-end,336.435,2,689111040,348595456,348660992,53,3,4659,16384,4
