3730_id,suggestion,3731_destinations,remaining_delta
C11,Importing another live proof,I038;I039,"I038: A supported two-open-document unsaved-import design or explicit staged materialization protocol.; I039: Cross-annotation helper graph, model references, legal grouping, and cycle rejection beyond a simple Lake cycle."
D01,Saved Rust versus overlays,I073;I074,"I073: Compare actual unsaved Rust editor overlay extraction against saved source on identical bytes; R20 used private saved Rust and selected CLI barriers, no overlay API.; I074: Build and verify a faithful shadow workspace for unsaved edits including arbitrary build-script/proc-macro/env/path closure; R20 direct rustc/Charon cancellation fixture is narrower."
E10,External model changes without codegen changes,I050;I082;I147,"I050: Widen the executed transitive Base→Mid option/macro/native-plugin matrix to typeclass/notation and realistic generated imports, ABI changes and actual Anneal server launch; one tiny graph is insufficient for general freshness.; I082: Change and version the compiled Aeneas external-model registry and normalization settings with a second compatible binary; R09 only changed a separately supplied Lean model.; I147: Check source/artifact clock and identity perturbations against old/new workers across compatible versions and actual producer generations; R12 adds source reorder and external model swap with fixed generated source."
E11,Restricted finer-grained Aeneas prototype,I083,I083: Measure trait mutation and whole-crate versus fine-grained invalidation with a dependency graph and semantic oracle; R09 covered trait/reorder/shrink under one-shot whole-crate CLI.
F03,4.30 versus later Lake ownership,I094;I158,I094: Read-only prepared consumer behavior on a selected later compatible Lean/Lake tuple; current prepared fixture is 4.30-rc2 only.; I158: Replay full Rust/Charon/Aeneas/Lean golden across compatible revisions and delete each workaround; R12 uses one pinned cross-tool tuple and clean same-host rerun.
F04,Real-archive missing-manifest control,I089,"I089: R21 used one local two-package plugin fixture. Run actual Anneal prepared archive from empty home/cache with read-only dependencies, first-goal write tracing and producer removal."
G03,Long-running MCP tasks,I065;I071,"I065: Executable MCP revision/capability negotiation and fallback for handles, progress, cancellation, and retrieval.; I071: Actual asynchronous MCP progress/result lifecycle with expiry, cancellation, and partial-failure responses."
G15,Agent navigation Rust-to-Lean-and-back,I066;I140;I149,"I066: A typed minimal proof-tool API exercised on actual subject/snapshot selection and verification.; I140: Multiple controlled agent tasks with counterbalanced feedback order, matched cognitive budgets, and broader contracts.; I149: Produce authenticated Rust→Charon→Aeneas→Lean→obligation one-to-many links used for navigation and editing; R09 lexical ranges and R12 manual manifest remain unauthenticated."
H08,Workspace-folder/project switch,I004;I057;I153,"I004: Repeat the one-shot/per-project/broker comparison with actual Charon/Aeneas/Lean work, matched isolation, startup, restart and physical-resource measurements; the new timing rank is toy-only.; I057: Editor extension, LSP proxy, and separate-server prototypes for both Rust and embedded Lean features.; I153: Compare one-watchdog/N-server/MCP/scratch-pool topologies under realistic 1/2/4/8 documents, unique physical memory and capacity; R16 exercised one direct Lean watchdog at a time with 1/2/4 tiny file workers."
H09,Editor cancellation through scheduler,I007;I105;I107,"I007: A shared in-flight real backend with per-consumer cancellation and cache reuse ownership, beyond symbolic/fake stages.; I105: R26 forced four synthetic publisher process exits around scratch generation/pointer operations; earlier CLI cancellation controls remain selected only. Still cancel every real Cargo/Charon/Aeneas/Lake/Lean/Anneal phase with sustained descendant/lock tracing and product recovery.; I107: Shared actual build with multiple consumers, one cancellation and one failure plus reference-count/fan-out; synthetic ownership model alone is insufficient."
J02,Every copied byte classified,I113,"I113: Complete the per-consumer logical/allocated/inode/write/peak-space bill across Rust, LLBC, generated Lean, Lake caches and paths outside the workspace; the direct Lean soak measured only tiny local scratch bytes."
J05,Prewarmed scratch pool scaling,I116;I153,"I116: Classify sustained retention versus leak with hours/large imports and controlled worker lifecycle; R16 ran about 189 seconds with tiny imports and sampled RSS/footprint.; I153: Compare one-watchdog/N-server/MCP/scratch-pool topologies under realistic 1/2/4/8 documents, unique physical memory and capacity; R16 exercised one direct Lean watchdog at a time with 1/2/4 tiny file workers."
J06,Nested parallelism budget,I115,"I115: Outer/inner parallelism controls measured for Cargo/rustc, Aeneas, Lake, and Lean threads/processes."
J09,Failures under high concurrency,I105;I110;I139,"I105: R26 forced four synthetic publisher process exits around scratch generation/pointer operations; earlier CLI cancellation controls remain selected only. Still cancel every real Cargo/Charon/Aeneas/Lake/Lean/Anneal phase with sustained descendant/lock tracing and product recovery.; I110: R26 recovered a local immutable-pointer prototype after process exits before/after pointer replacement with manifest/hash/fresh-Lean oracle. Still force actual Anneal, server/watchdog and build-process restarts, reconcile authoritative imported state and test filesystem durability.; I139: Actual parallel Anneal generated-project tests combining model edit/scratch/restart/cleanup and host-budget limits; new two-Lake-consumer plus two-server samples are separate analogs."
J10,Long-lived daemon resource drift,I116;I122,I116: Classify sustained retention versus leak with hours/large imports and controlled worker lifecycle; R16 ran about 189 seconds with tiny imports and sampled RSS/footprint.; I122: Repeated crash/restart cleanup with durable owner identity and bounded orphan reclaim in an actual Anneal/Lake workspace; synthetic process fixture alone is insufficient.
J14,Filesystem-specific resource scaling,I119;I124,"I119: Whole prepared tree sharing strategy with actual consumer writes, APFS extent accounting, and load.; I124: Exercise mapped live Lean artifacts and worker cleanup on every supported native filesystem; APFS Lean and cached Linux overlayfs bytes do not cover native ext4/XFS, Windows or network shares."
L09,Direct Lean backend versus MCP delegation,I072,"I072: Scoped PATH/checkout search found no installed Lean MCP adapter. A toy two-client stdio bridge over real Lean LSP showed independent ID cancellation, stale-hash rejection and shared-proof refresh, but did not run an existing adapter under Anneal conditions. Select/install an approved adapter and test two real clients against an Anneal workspace; status remains not-run."
M03,Charon upgrade checklist,I158,I158: Replay full Rust/Charon/Aeneas/Lean golden across compatible revisions and delete each workaround; R12 uses one pinned cross-tool tuple and clean same-host rerun.
M04,Aeneas upgrade checklist,I158,I158: Replay full Rust/Charon/Aeneas/Lean golden across compatible revisions and delete each workaround; R12 uses one pinned cross-tool tuple and clean same-host rerun.
M06,Probes for deleting obsolete workarounds,I100;I142;I158,"I100: R21 retained exact unchanged hashes for one valid mix. Extend mtime/source-order/trace normalization and family mix controls to realistic generated graphs.; I142: Matched real-workload adoption gates for reuse, fine invalidation, incremental projection, shared broker and history; current toy topology gives mechanism/failure costs but no backend benefit.; I158: Replay full Rust/Charon/Aeneas/Lean golden across compatible revisions and delete each workaround; R12 uses one pinned cross-tool tuple and clean same-host rerun."
N08,Try generated Lean as canonical proof source,I159,I159: Run N01–N12 architecture alternatives in an integrated Anneal service; R12 hand-assembled acceptance controls reject weaker/missing/admitted/stale proof success.
