suite,ids,bounded_packages,disposition,residual_from_original_suite
L01,I033;I041;I048;I049;I050;I091;I092;I098;I147;I159,anneal-3730-lean-launch-refresh-matrix-v4-30-0-rc2,bounded component/model execution; integration and listed gates remain,Actual pinned Lean/Lake behavior; an Anneal worker policy remains implementation dependent.
L02,I009;I015;I016;I073;I074;I075;I076;I078;I079;I080,anneal-3730-charon-warm-target-controls-2026-09-29,bounded component/model execution; integration and listed gates remain,Real Cargo/Charon commands; no claim about an unimplemented Anneal overlay scheduler.
L03,I017;I018;I019;I020;I021;I022;I023;I024;I028;I035,anneal-3730-annotation-subject-boundary-matrix-2026-09-29,bounded component/model execution; integration and listed gates remain,A runnable independent fixture can test known annotation syntax; the actual Anneal parser/generator requires implementation.
L04,I025;I026;I027;I029;I030;I031;I032,anneal-3730-projection-macro-doccomment-patch-matrix-2026-09-29,bounded component/model execution; integration and listed gates remain,Projection model tests remain distinct from actual editor and Anneal source maps.
L05,I034;I035;I036;I037;I038;I039;I040;I055;I056,anneal-3730-lean-artifact-layouts-v4-30-0-rc2,bounded component/model execution; integration and listed gates remain,Real Lean/Lake semantics on synthetic generated modules; no Rust annotation integration.
L06,I041;I042;I043;I044;I045;I047,anneal-3730-lean-rpc-lifetimes-v4-30-0-rc2,bounded component/model execution; integration and listed gates remain,"Direct Lean protocol evidence, not a claim about Anneal envelopes or MCP."
L07,I051;I052;I053;I054;I055;I105;I106;I107;I108;I109;I110;I111;I112;I121;I122,anneal-3730-generation-recovery-2026-09-29;anneal-3730-charon-concurrency-interruption-2026-09-29;anneal-3730-lake-writer-recovery-2026-09-29,bounded component/model execution; integration and listed gates remain,Only real component-process behavior; a complete Anneal scheduler still requires implementation.
L08,I073;I076;I077;I078;I079;I080;I148,anneal-3730-charon-concurrency-interruption-2026-09-29,bounded component/model execution; integration and listed gates remain,"Actual pinned Charon CLI behavior, separate from future in-process API."
L09,I082;I083;I084;I085;I086;I087;I088;I148;I149,anneal-3730-aeneas-identity-manifest-2026-09-29,bounded component/model execution; integration and listed gates remain,Does not establish same-process worker reset or a registered external model without the gated OCaml toolchain.
L10,I089;I090;I091;I092;I093;I094;I095;I096;I100;I101;I104;I150;I158,anneal-3730-lake-prepared-contract-2026-09-29;anneal-3730-lean-cross-version-equivalence-v4-29-v4-30-rc2-2026-09-29,bounded component/model execution; integration and listed gates remain,Small Lake consumer and cached Lean toolchains; real Anneal archive still absent.
L11,I097;I098;I099;I102;I103;I151,anneal-3730-lake-writer-recovery-2026-09-29,bounded component/model execution; integration and listed gates remain,"Real Lake/cache behavior, but cross-product with Anneal generation identity awaits integration."
L12,I113;I114;I115;I116;I117;I118;I119;I139;I142;I146;I153;I154,anneal-3730-resource-economics-2026-09-29;anneal-3730-retention-economics-v4-30-0-rc2,bounded component/model execution; integration and listed gates remain,Report measured host and workload; do not infer large Mathlib or production concurrency from tiny fixtures.
L13,I120;I125;I150,anneal-3730-lake-plugin-artifact-identity-v4-30-0-rc2,bounded component/model execution; integration and listed gates remain,Real Lean/Lake native and plugin behavior; implementation-level capability selection remains open.
L14,I123;I124,anneal-3730-real-lean-filesystem-lifetimes-2026-09-29,bounded component/model execution; integration and listed gates remain,"Native ext4/XFS, Windows, network filesystems and indexer interference remain conditional on available target."
L15,I126;I127;I128;I129;I130;I131;I132;I133;I134;I135;I136;I144;I159,anneal-3730-acceptance-oracle-matrix-2026-09-29;anneal-3730-lean-cross-version-equivalence-v4-29-v4-30-rc2-2026-09-29,bounded component/model execution; integration and listed gates remain,"Same machine and shared toolchain are not human, independent environment, or full Rust-to-proof acceptance."
L16,I001;I002;I003;I004;I005;I006;I007;I008;I142;I144;I159,anneal-3730-architecture-contracts-2026-09-29;anneal-3730-upstream-api-projection-precedents-2026-09-29,bounded component/model execution; integration and listed gates remain,Read-only upstream/source review can run locally; new compiler/language-server installations need prior decision.
L17,I011;I013;I014;I016;I018;I020;I021;I034;I045;I145;I147,anneal-3730-identity-state-mutation-model-2026-09-29,bounded component/model execution; integration and listed gates remain,"Model verdicts are contract tests, not actual Anneal cache behavior."
L18,I131;I132;I135;I136;I158;I159,anneal-3730-lean-cross-version-equivalence-v4-29-v4-30-rc2-2026-09-29,bounded component/model execution; integration and listed gates remain,Version comparison is local/pinned; newer or incompatible upgrade requires a selected toolchain.
