pointer,ids,sha256
anneal-3730-aeneas-manifest-batch-oracle-2026-09-29/support/declaration-manifest.json,I148;I149,a3a20c859da78e1ecf0a893d674e2e7fa2f6e582ed1bb463cbca9915e1411f9c
anneal-3730-aeneas-manifest-batch-oracle-2026-09-29/support/probe.py,I148;I149,2ff31ce81b1a85295b34c3f9aaf80e2e9f36379b4a7da4d266030e34ccd8bb56
anneal-3730-aeneas-manifest-batch-oracle-2026-09-29/support/results.json,I148;I149,e5da18ed41a366760621b10a8bbfe0350104493706e997fb1633221e3fc1bba1
anneal-3730-aeneas-trait-output-shrink-matrix-2026-09-29/REPORT.md,I148;I149,6129ed7aa0153fedd6ee422c35d9f7329b16663d029a8c235187ed286d5abf59
anneal-3730-aeneas-trait-output-shrink-matrix-2026-09-29/support/check.py,I148;I149,34c689664d30556d8efe20b6a593c04cac401353983297ce754647362eb934ef
anneal-3730-aeneas-trait-output-shrink-matrix-2026-09-29/support/inputs/base/trait_probe.rs,I148;I149,ec429548f6180811c25863eedaf64ed03bbbc9b425e9c33df4025bfadc85eedc
anneal-3730-aeneas-trait-output-shrink-matrix-2026-09-29/support/outputs/base/Funs.lean,I148;I149,9e5e18b2557581fbfcc61fa60a1d73c3d7af4d91c8e5818bc8701ea08f5b18c7
anneal-3730-aeneas-trait-output-shrink-matrix-2026-09-29/support/outputs/error/Funs.lean,I148;I149,79c6eafcdf1b329c06ef3935a68a18350a5d6b664587e388e5fb4e129fea59ce
anneal-3730-aeneas-trait-output-shrink-matrix-2026-09-29/support/probe.py,I148;I149,a0dfa2475bd3645a8068ce4740b900b42ed957ef28b819269cdd101856d8997b
anneal-3730-aeneas-trait-output-shrink-matrix-2026-09-29/support/raw-results.json,I148;I149,d4891c9f4e990f817c4fceaeb2e7aaf316fdfd6d11cbb91e97266e804270d089
anneal-3730-apfs-overlayfs-resource-accounting-2026-09-29/REPORT.md,I113;I115;I119;I124,245cf606a7508c8f405d75a098c462828d8374901cc5848819e5dcc0a6796a95
anneal-3730-apfs-overlayfs-resource-accounting-2026-09-29/support/probe.py,I113;I115;I119;I124,5a3a9f4547dcdb451242c2cc708a3ca52fefd52906a11b0128e985698638a971
anneal-3730-apfs-overlayfs-resource-accounting-2026-09-29/support/results.json,I113;I115;I119;I124,aa3264d28a83d784d863983d01b62e33146961dfb04f32b970beeb979dc4c263
anneal-3730-apfs-overlayfs-resource-accounting-2026-09-29/support/verify.py,I113;I115;I119;I124,f28aee12b1b6e03e25ee7ec2b53ce0b4abb336227a21d8db90b4de5847bee992
anneal-3730-charon-shortname-aeneas-impact-2026-09-29/REPORT.md,I148,a5f93c2c9b203ec26fd398cbd2d83e61dea822d1d52a52a3b6aec4123fdf5815
anneal-3730-charon-shortname-aeneas-impact-2026-09-29/support/check.py,I148,b09e288633cbf41f6b692ddbe37b4085604b50e51ed8894793f99783a183175b
anneal-3730-charon-shortname-aeneas-impact-2026-09-29/support/probe.py,I148,42960a55cebe273a8a5b202df1f32a2ef541283013c2149806f44b78ed16e067
anneal-3730-charon-shortname-aeneas-impact-2026-09-29/support/results.json,I148,a7b4cf0e22d9c4d0cac69ab20a13a79fddf41354b7b0dfa995398e04a1f003a0
anneal-3730-charon-shortname-aeneas-impact-2026-09-29/support/work/run-1/generated/Funs.lean,I148,8d37f4df6657c7f9a8d6395d121296d593474d027b1f40f610e9a62e0f3aea12
anneal-3730-charon-shortname-aeneas-impact-2026-09-29/support/work/run-1/probe.llbc,I148,ec4dc523318d6e1ed34b0d82f3650fe68c69998d17bbd65a3552c19d0cbed1ba
anneal-3730-charon-shortname-aeneas-impact-2026-09-29/support/work/run-5/generated/Funs.lean,I148,8d37f4df6657c7f9a8d6395d121296d593474d027b1f40f610e9a62e0f3aea12
anneal-3730-charon-subject-output-phase-matrix-2026-09-29/support/artifacts/quota-partial.llbc,I148,4390037b0612ebba6ea815a004418de02c8a60d4e14cb0952ff47750203315aa
anneal-3730-charon-subject-output-phase-matrix-2026-09-29/support/manifests/test-repeat-1.json,I148,f8b41112ab0dd5297ebf70736848ef3f5a196b3761a9b809b936134b03f3326e
anneal-3730-charon-subject-output-phase-matrix-2026-09-29/support/manifests/test-repeat-2.json,I148,db3b56cbd782c538c3417f162cdb402cde2165f58fead901c535a7901e410b2e
anneal-3730-charon-subject-output-phase-matrix-2026-09-29/support/probe.py,I148,71f10e3745448d1da23af25c985688bdff7c7aff71f325b87e127b5ecda1e8fa
anneal-3730-charon-subject-output-phase-matrix-2026-09-29/support/raw-results.json,I148,153519e76c32aae9ebaf735eac748519deaec9023db9566f8d5e6d372fd9b56a
anneal-3730-charon-warm-noop-byte-diff-2026-09-29/REPORT.md,I148,d05936e8fda62ffc72e2edd0ea0b2d95c186465975bf36426fb5ef8a08bfd714
anneal-3730-charon-warm-noop-byte-diff-2026-09-29/support/artifacts/run-1.llbc,I148,ec4dc523318d6e1ed34b0d82f3650fe68c69998d17bbd65a3552c19d0cbed1ba
anneal-3730-charon-warm-noop-byte-diff-2026-09-29/support/artifacts/run-5.llbc,I148,d9559b90f96ee1a7608014db74b67d46c1725fb1a6e9132b7f467355a6faa752
anneal-3730-charon-warm-noop-byte-diff-2026-09-29/support/probe.py,I148,da7599de5f9b054f3d859ea075a6fbbbbb7da8bae499fca3e25b0d80ff1a7e7e
anneal-3730-charon-warm-noop-byte-diff-2026-09-29/support/results.json,I148,55a9237130254c5d457567fa5829230a7fdab4246808ad028605dea53b506181
anneal-3730-charon-warm-noop-byte-diff-2026-09-29/support/source-inspection.json,I148,b489159bd94520fa893384215c054d9a834f7e870c068348732197e165c762a2
anneal-3730-charon-warm-noop-byte-diff-2026-09-29/support/verify.py,I148,45ba5314c9379ff7ea9150f76dc87e7fe5cb2cd91bc4e7d752bf968e578249af
anneal-3730-cli-graceful-cancel-signals-2026-09-29/REPORT.md,I134,efd93bdbafc9471f84d09a53c9f7b1b25c7f82bfee26200138bd90f6fca7539d
anneal-3730-cli-graceful-cancel-signals-2026-09-29/support/check.py,I134,471adbd36386f0f4e8219b05071cb385aebbb497a5c318486c3a9e15e10aefbb
anneal-3730-cli-graceful-cancel-signals-2026-09-29/support/ignore_int_supervisor.py,I134,cb9818f5cde1f96685d285eadcec79964baa4e454dc66bd16fdfa65c6e436f3c
anneal-3730-cli-graceful-cancel-signals-2026-09-29/support/probe.py,I134,68daa08f2528954af611f94a4d75a0b730a9cf829a9d112a15ebbbe74944e8cf
anneal-3730-cli-graceful-cancel-signals-2026-09-29/support/results.json.gz,I134,dd4be3e7ebf689697ad390fcb399dca19e6bf47f4d77f38780476a70c19467bf
anneal-3730-cli-graceful-cancel-signals-2026-09-29/support/work/aeneas-graceful/Types.lean,I134,df05be71fc6ef865c6e89f91f0a2b5766f0264557931fd38d83785ac24725342
anneal-3730-cli-graceful-cancel-signals-2026-09-29/support/work/charon-graceful/input.llbc,I134,a6189624d431473c14ceb0e66c01184c6f6a90eba671af55e286570faae7812e
anneal-3730-combined-pipeline-concurrency-2026-09-29/REPORT.md,I115,4393456336aa03204032a558f45de43a56debb3cfe793c220940df28aeff5d8e
anneal-3730-combined-pipeline-concurrency-2026-09-29/support/check.py,I115,9e73e4dc70fc37bec6d51d6cec913c3a104c060b5b6262cadc9801d71b0fb511
anneal-3730-combined-pipeline-concurrency-2026-09-29/support/results-instrumented.json,I115,c545569d5e3f1c158cae24c1c8da18945fe3546cd194c3a70d8c86dc5e07450d
anneal-3730-combined-pipeline-concurrency-2026-09-29/support/results-uninstrumented.json,I115,d82e377414b01b1bb7002255e14846a08169c95057d0c763c2afbee69f992b82
anneal-3730-compatible-bundle-upgrade-golden-2026-09-29/REPORT.md,I126;I127;I131;I132;I135;I158,42ee64ad1661045768f61d9a770d43f9a1280aa626af1acccacd2b8f13c840f8
anneal-3730-compatible-bundle-upgrade-golden-2026-09-29/support/check.py,I126;I127;I131;I132;I135;I158,38203535845d7dc9197fc2788aa541fba13f43ee93d10978513bf9c234c2c8b5
anneal-3730-compatible-bundle-upgrade-golden-2026-09-29/support/results.json,I126;I127;I131;I132;I135;I158,dc95ef79a9e31d2f37ac48f5e73e05dc49b11cc15265be79225582347d1f73ef
anneal-3730-cross-layer-comparator-mutants-2026-09-29/REPORT.md,I126;I127;I128;I129;I130;I131;I132;I135;I147;I148;I149;I158;I159,098a1993f5fec83ebd838048396d8c9fc96cccffdfaaf6320d4d0960bafb9276
anneal-3730-cross-layer-comparator-mutants-2026-09-29/support/check.py,I126;I127;I128;I129;I130;I131;I132;I135;I147;I148;I149;I158;I159,fd2d73894e4de5225e8fe98b2d689ba38d0b8def72f2f1a05fa11042e93436a9
anneal-3730-cross-layer-comparator-mutants-2026-09-29/support/comparison-manifest.json,I126;I127;I128;I129;I130;I131;I132;I135;I147;I148;I149;I158;I159,4624390d86654cc626947374a6d768f5060b3b59475dacfdcba854ddf372b179
anneal-3730-cross-layer-comparator-mutants-2026-09-29/support/probe.py,I126;I127;I128;I129;I130;I131;I132;I135;I147;I148;I149;I158;I159,90bbca48554000d61e39da1a81c2f2f11e09071def60bb60bc727c47c28ef4ee
anneal-3730-cross-layer-comparator-mutants-2026-09-29/support/results.json,I126;I127;I128;I129;I130;I131;I132;I135;I147;I148;I149;I158;I159,31f31ee9ba00b6c1e18d00aac3a5d3f4619f889bfffded37d814d6660ccc403d
anneal-3730-cross-tool-active-cancellation-barriers-2026-09-29/REPORT.md,I134,442215a7968fd110b6cc9ab35489224d2a2a984755d2cb76e89351e565bdfb0b
anneal-3730-cross-tool-active-cancellation-barriers-2026-09-29/support/check.py,I134,d60e97f1ac16bb9a4a3d919c7eb8efa0bb6ba5f9ffa2a3c0247143164437557a
anneal-3730-cross-tool-active-cancellation-barriers-2026-09-29/support/probe.py,I134,0fb7856debb64c7a90d01cdf26fd49e49ddb796d7663dd92654c046862e45220
anneal-3730-cross-tool-active-cancellation-barriers-2026-09-29/support/results.json,I134,93f51402a9a39df70de60f5c87bcce6585f633778672910ef8eb8b316be4e314
anneal-3730-cross-tool-active-cancellation-barriers-2026-09-29/support/work/aeneas-cancel/Types.lean,I134,c1b1725c4f645f1e141103582d35007c7ef24ef66b5b3004298f55f5e2c08c5c
anneal-3730-cross-tool-active-cancellation-barriers-2026-09-29/support/work/charon/base.llbc,I134,1f37c5c32372e9557c65a5978ba90ec885b949be8308629008c1d201961e3f55
anneal-3730-cross-tool-active-cancellation-barriers-2026-09-29/support/work/charon/base.llbc.postcard,I134,b8529655252921928240cb0192cb5e094a84d4af57d3059fd66659134fef2c78
anneal-3730-cross-tool-active-cancellation-barriers-2026-09-29/support/work/lake/.lake/build/lib/lean/Cancel/A.olean,I134,0035dcfd8ef52a7e5423722eb0cf2cb0b0a845f04ffde139c9f38b85c2c12228
anneal-3730-cross-tool-stage-cancellation-cleanup-2026-09-29/REPORT.md,I134,c996aaff1f29f09b92ea5992e375ed07bc8d2f8f7993cb7a47f504ec32470d5e
anneal-3730-cross-tool-stage-cancellation-cleanup-2026-09-29/support/artifacts/charon-app.llbc,I134,93c8eb72a8bd96f4e53af8105dc65edcf8e34d1753526e086fe6eee378992c9f
anneal-3730-cross-tool-stage-cancellation-cleanup-2026-09-29/support/artifacts/lake-Probe.olean,I134,18a703e4243cf37110bb3f9ffc5b998793bb83f83f2bf482d3054d317b3ee861
anneal-3730-cross-tool-stage-cancellation-cleanup-2026-09-29/support/fence-results.json,I134,c66127990803f3dc0cfa992cf836d9a95b46c1cdeea7e6537e5eb6e58f5c36de
anneal-3730-cross-tool-stage-cancellation-cleanup-2026-09-29/support/fence_oracle.py,I134,70b4a615981e89eb44f039adf7dd20940cdf573cda78b4d7f66f6e80500df2b6
anneal-3730-cross-tool-stage-cancellation-cleanup-2026-09-29/support/probe.py,I134,116a7e46c9a44c0569920b06f34926b16b3b908671642e1da38f6ea3e12abd6e
anneal-3730-cross-tool-stage-cancellation-cleanup-2026-09-29/support/results.json,I134,a6807ef72366c483ab37f743090fafdf8c715f6ff9a14ec0f6316a1416721cab
anneal-3730-cross-tool-stage-cancellation-cleanup-2026-09-29/support/verify.py,I134,fc2810e92472ad05e2aeb16a60e74737555994c9154b8817c786c60486edeec6
anneal-3730-external-model-without-codegen-change-2026-09-29/REPORT.md,I147,48c4b0bd0acf6e7237e2e43b2aebf5e73e22731c8e5799ca5aa9f2c89c8c5388
anneal-3730-external-model-without-codegen-change-2026-09-29/support/check.py,I147,bf0cbe24eea97f9a91b280a4c434e6c6fa02a12e3ab7a57ab1dc6d7fa5a8dfba
anneal-3730-external-model-without-codegen-change-2026-09-29/support/probe.py,I147,aae698cefa28ab9cfd6a09b045c0154ff6fc48537c0606996833e7d9d4adb5a2
anneal-3730-external-model-without-codegen-change-2026-09-29/support/results.json,I147,086af0e06e92af6079942d0c9365ed1df45113e1ff2db35932f92a27b5b219e0
anneal-3730-full-lake-server-chain-2026-09-29/REPORT.md,I115;I153,2eb53ed235703aef1d096d36c1e15ca916676637bf2b939beb6058df6a43b931
anneal-3730-full-lake-server-chain-2026-09-29/support/check.py,I115;I153,f549dbaafb6d40d747242d8d92def4d3a0d104501b2c548020a5d3a058e44e48
anneal-3730-full-lake-server-chain-2026-09-29/support/logs/u0-batch.stdout.gz,I115;I153,588097df96f587d041783640dbe3da7a2cff98975474cbcfe04b773f4df94ff1
anneal-3730-full-lake-server-chain-2026-09-29/support/logs/u0-lake.stdout.gz,I115;I153,8ae638968b7662c5162c154a7da7ea9605f078245fb074abf51f6364ab847e4c
anneal-3730-full-lake-server-chain-2026-09-29/support/results.json,I115;I153,8bb8a9d61054e8a6550b102c8985fc1befdac325d701c2814bc9bdc414b50f1c
anneal-3730-generated-lean-canonical-source-challenge-2026-09-29/REPORT.md,I159,44976129b5582de79955b03c7972db92c1b73cbd2e2e815f7e69c191792a0b74
anneal-3730-generated-lean-canonical-source-challenge-2026-09-29/support/artifacts/final-HostView.rs,I159,0040b6c8e43e714451e76b7e8fa0c0530c91eadd67f99f0b7df3f24e217d8921
anneal-3730-generated-lean-canonical-source-challenge-2026-09-29/support/artifacts/final-Proof.lean,I159,ee3449eff1a1c5f2eb1fcdee44e5e762954c832a19bba7a89aec6380474873a0
anneal-3730-generated-lean-canonical-source-challenge-2026-09-29/support/check.py,I159,63c3e37450f16bdc361949bdfe4be95b3ef4c969ded0404cf5ddaabf1d8df49e
anneal-3730-generated-lean-canonical-source-challenge-2026-09-29/support/probe.py,I159,3375f64a145482db498ebaf0c4c2f4462392b568e33c2a32f8805e11671dc0ae
anneal-3730-generated-lean-canonical-source-challenge-2026-09-29/support/results.json,I159,1018c4b1ee6217a1dcfdb19dd63c4d3ed416261cc36c4c4d6a9e641aa046e6a7
anneal-3730-h08-project-switch-router-v4-30-0-rc2/REPORT.md,I153,33e7f2e46b08f9de781516a66690f1e8e0c8bfc2cd205ee5eac8f00f1c8bc1af
anneal-3730-h08-project-switch-router-v4-30-0-rc2/support/check.py,I153,f8330181495fe689b6a47f3eecf5836c738a1dbd10e54014790c8689b1bf19b1
anneal-3730-h08-project-switch-router-v4-30-0-rc2/support/results.json,I153,3c59f9b80cc93ad034792cf0614faa273209558c3a460444e28dd7f3faf9a7af
anneal-3730-h09-lsp-to-upstream-cancellation-boundaries-2026-09-29/REPORT.md,I107,ca2e010de57691949eba571a13f33f08f0a700b97ab4f46d21ea13a5be36174a
anneal-3730-h09-lsp-to-upstream-cancellation-boundaries-2026-09-29/support/check.py,I107,3abdb8c99a464e3e6d84a8c30180df83f9af17508e74a64f56c9a693383d050a
anneal-3730-h09-lsp-to-upstream-cancellation-boundaries-2026-09-29/support/results.json,I107,430a0df313a9ced2d2280c73efd87719b2bfc737ea78970f859218966f23b4aa
anneal-3730-human-freshness-study-protocol-2026-09-29/support/assignments.csv,I141,6df463c66307078814937fd84cf3e1112eaf5bdcc30713c10e6d41e79aa65b01
anneal-3730-human-freshness-study-protocol-2026-09-29/support/check.py,I141,f450d44a059ef2c16c139a7123b6eaa88739868e48b17447a49cd554715b5c83
anneal-3730-human-freshness-study-protocol-2026-09-29/support/stimuli.json,I141,e20a1c678c704af29040a45d83f0cd595cbcf3f9130984c6f6962749c50a72a6
anneal-3730-lake-cache-publication-atomicity-2026-09-29/support/artifacts/partial-output-map.json,I108;I109;I150;I151,02c91130c41608834ae358a017864d13285f30b71440dc877047a9d2ff4459bb
anneal-3730-lake-cache-publication-atomicity-2026-09-29/support/artifacts/truncated-olean.bin,I108;I109;I150;I151,44a98c92e903ee59f4cdea10d0a485ad7d91d141f6ad14ab69d64159a8aa820d
anneal-3730-lake-cache-publication-atomicity-2026-09-29/support/probe.py,I108;I109;I150;I151,b0402a686de8e3c8e880a8a888823ab04378b1475b5dd832deffe62cd7c94313
anneal-3730-lake-cache-publication-atomicity-2026-09-29/support/results.json,I108;I109;I150;I151,73a4cd35877b30d9dbf4256d6ff1b98fcd9578c8458a55764e169b51209b562a
anneal-3730-lake-dynamic-config-identity-2026-09-29/REPORT.md,I108;I109,8337fa8ef278c6b5d1515d7e3e3061aeb542b5889285d5697f349239c43f23bf
anneal-3730-lake-dynamic-config-identity-2026-09-29/support/artifacts/dynamic-a/trace,I108;I109,9b69466311dea44489eafb6eb41d1a14dd6366d910fd923c1dcc370c19915927
anneal-3730-lake-dynamic-config-identity-2026-09-29/support/artifacts/golden-source,I108;I109,15bbf60d162408dade43c6e618dd0d09b28c8fdeb7528c80e40329908f12b7a2
anneal-3730-lake-dynamic-config-identity-2026-09-29/support/artifacts/lean-option/setup,I108;I109,3a6480fda90a7319ae7684dcceb2fd8c8d376a64fb5a1bdf2345d555815c539f
anneal-3730-lake-dynamic-config-identity-2026-09-29/support/artifacts/toml-seven/trace,I108;I109,c70ca45ebba8b9f0c3af4c417f27a9596af35e87b54911dd4d76f301be77ec27
anneal-3730-lake-dynamic-config-identity-2026-09-29/support/check.py,I108;I109,6944bbd8bfebbf78d8cb47618e81b0dfe35e75e0128184a78aeef32f266b3459
anneal-3730-lake-dynamic-config-identity-2026-09-29/support/probe.py,I108;I109,38b625cd2674a414db2824b55470b4b89f576cdee2d1479e991dd47c1d166b69
anneal-3730-lake-dynamic-config-identity-2026-09-29/support/results.json,I108;I109,4c9adfcaae077c8a875165d6a87223818737ce089f712f9e66c2a8a9a332d8b0
anneal-3730-lake-key-artifact-family-matrix-2026-09-29/REPORT.md,I108;I109;I151,1158f5c20d3ae303d953405d1c5fe5512484d6ead902591f4107e104b076b625
anneal-3730-lake-key-artifact-family-matrix-2026-09-29/support/artifacts/retained/base/Dep.olean,I108;I109;I151,cebebbbc892381bd3920a0b12ab5e4d65f1804574357994ccb20f95f87f98f9b
anneal-3730-lake-key-artifact-family-matrix-2026-09-29/support/artifacts/retained/mixed-olean/Dep.olean,I108;I109;I151,fe893ce3c24d2c295ade06017eb859638f0e75aa29df7e9444f3026bfd7a7745
anneal-3730-lake-key-artifact-family-matrix-2026-09-29/support/artifacts/v1/plugin__probe_Plugin.dylib,I108;I109;I151,3f4a1cb3a67a0027f0c90e819afc20d009ddb921cb7f4c0e0095db074e085aa4
anneal-3730-lake-key-artifact-family-matrix-2026-09-29/support/artifacts/v2/plugin__probe_Plugin.dylib,I108;I109;I151,f7b4c875cb1c91a35259462b5034f48ad96f819e519d9414edc68975045f92a9
anneal-3730-lake-key-artifact-family-matrix-2026-09-29/support/check.py,I108;I109;I151,71b7380a0d6da9977e677088f0ad1de5acd89f7b700d96d0fbe68d6d30c133ad
anneal-3730-lake-key-artifact-family-matrix-2026-09-29/support/probe.py,I108;I109;I151,6e0f838f8717472a069476542a69edb75fa9e5577e692114bd0c2bd0822e4455
anneal-3730-lake-key-artifact-family-matrix-2026-09-29/support/results.json,I108;I109;I151,88a206b4c42a1072791c1d40c2c6c81faf6f8bcce70850c8af77932a88552981
anneal-3730-lake-plugin-combined-family-mix-2026-09-29/REPORT.md,I120;I125;I150,d7d03f9a339b8bff6f843be2317e949c94aab92d396240eb6b09a604564866c4
anneal-3730-lake-plugin-combined-family-mix-2026-09-29/support/artifacts/mix/c,I120;I125;I150,cddb20d2857b7998332e77a26aebac9123bbbec3f59814704fd4a6ed1a36ce18
anneal-3730-lake-plugin-combined-family-mix-2026-09-29/support/artifacts/mix/olean,I120;I125;I150,078123f009c35edce8716cda15d83568dfbcb60c8840a0b74c26d47213ae02f2
anneal-3730-lake-plugin-combined-family-mix-2026-09-29/support/artifacts/mix/plugin,I120;I125;I150,7e7f461e977f5f4cd22c6151ebeb3096fe40f08116e954527dce923ea6e01968
anneal-3730-lake-plugin-combined-family-mix-2026-09-29/support/artifacts/mix/setup,I120;I125;I150,661b56f25c6373114a18b14570d13f5c9c55b91ff27b02bbbdfd7977644661e7
anneal-3730-lake-plugin-combined-family-mix-2026-09-29/support/check.py,I120;I125;I150,96f610eb6feacacd0f08d753d3b81d45fe17255884458805b98359e172403cd2
anneal-3730-lake-plugin-combined-family-mix-2026-09-29/support/probe.py,I120;I125;I150,bee17a0df909f0a3dbbde0a29038d414a0568935c8a7661d9940fb00289fd23f
anneal-3730-lake-plugin-combined-family-mix-2026-09-29/support/transcript.json,I120;I125;I150,a94170f6d250cc7c167c6f9ea4033ba1b9974cf913ad55e63e5c75dd411663e9
anneal-3730-lake-same-key-artifact-writers-2026-09-29/REPORT.md,I108;I109;I151,d0e4fe2676101e832c3284d1dd01f06b6984be1032a777c1df17979af717da00
anneal-3730-lake-same-key-artifact-writers-2026-09-29/support/artifacts/partial-c.bin,I108;I109;I151,a7c45425a5cae73ac39d506b2fcd648789da9759c777af3553685e0c56f0b9eb
anneal-3730-lake-same-key-artifact-writers-2026-09-29/support/artifacts/partial-ilean.bin,I108;I109;I151,01ffb16a23b2fad2ee5d8ed1eaa2291af632fda65d6f356e2c8f213ce600c607
anneal-3730-lake-same-key-artifact-writers-2026-09-29/support/artifacts/partial-olean.bin,I108;I109;I151,32c689178e4726bcb20c1d7e14121e62f19daaee43aa78447ef71328a58e016f
anneal-3730-lake-same-key-artifact-writers-2026-09-29/support/check.py,I108;I109;I151,6ae2afef8fbe4eb620a1635ebe87a9f6250c44f345c0846d463616a6260ba0cc
anneal-3730-lake-same-key-artifact-writers-2026-09-29/support/probe.py,I108;I109;I151,e8b7eb99f91e168d4c43bd39bf85b44e89ab1559dab5b99f4d7cb73ddc53b280
anneal-3730-lake-same-key-artifact-writers-2026-09-29/support/results.json,I108;I109;I151,ee75af557ae4c39fe60a8fb73a83d2061b8f98ab7333931ff2e74343fc169b20
anneal-3730-last-good-model-signature-recovery-2026-09-29/REPORT.md,I134;I145,bf0b4e9718f2f47091b6dda1250d9416e0ae62b593f4b4fbe05fcecb563da484
anneal-3730-last-good-model-signature-recovery-2026-09-29/support/check.py,I134;I145,852f74a41a7506e3a96096d14d7e056bd34b7ed0080b1a57f14551137e8def4d
anneal-3730-last-good-model-signature-recovery-2026-09-29/support/probe.py,I134;I145,8b5b7e2ac41e2297bea6b69436d3fa6eedb02e9512a061c679252ed3737692c4
anneal-3730-last-good-model-signature-recovery-2026-09-29/support/results.json,I134;I145,0db16e4a09277c4dcb159a718b68b677a6020421d3c98c2ce0eb4a344178b9e2
anneal-3730-last-good-model-signature-recovery-2026-09-29/support/work/current.llbc,I134;I145,f598fb22509761d98b877e8e6523bdc3fb6d4e0efb6874ad66dfd471c4819896
anneal-3730-last-good-model-signature-recovery-2026-09-29/support/work/recovery.llbc,I134;I145,098fab5d0730ef4bd0cbbe8aa29a543d21eece93b6703253cb0cbda48fb0b14f
anneal-3730-lean-multiminute-restart-resource-soak-2026-09-29/REPORT.md,I116;I117;I118;I153;I154,632e32e04f4599c295cea5bfb8327787197ef4cfbb518d92b2a5d1f4af344b35
anneal-3730-lean-multiminute-restart-resource-soak-2026-09-29/support/check.py,I116;I117;I118;I153;I154,d790f7d2b868c35d07698915c4971ff6cdf4e1c390979ba0b05dc6b3631192e5
anneal-3730-lean-multiminute-restart-resource-soak-2026-09-29/support/pilot-id-collision.json,I116;I117;I118;I153;I154,e1c9f08bdd6b4d63e07017b074ecf90168b97271b0faea5407c3ee7c0da32a3e
anneal-3730-lean-multiminute-restart-resource-soak-2026-09-29/support/probe.py,I116;I117;I118;I153;I154,64ea6982653f41e0be7050d41f7135e28f76f2e2712f5f2f580086bff351029d
anneal-3730-lean-multiminute-restart-resource-soak-2026-09-29/support/transcript.json,I116;I117;I118;I153;I154,fef3401ba4ebf5a5a684d36e8c0d8a595a9945bd28471bc2cd4638ec96d8caaa
anneal-3730-lean-multiminute-restart-resource-soak-2026-09-29/support/work/A/Proof0.lean,I116;I117;I118;I153;I154,57d5b55889db098a84a8b5dabf4aebc4504033127343ef0c0a10229e0c4b512e
anneal-3730-lean-pool-failure-isolation-2026-09-29/REPORT.md,I110;I139,9ed2de3c8a099b1eb1bda350918dc8967fc926b8015ed13864009fb325913224
anneal-3730-lean-pool-failure-isolation-2026-09-29/support/probe.py,I110;I139,4f9e9ea1231b0c6c6210cd4d298fa01ca1b98af395dac2677ceadd73be0b019e
anneal-3730-lean-pool-failure-isolation-2026-09-29/support/transcript.json,I110;I139,4cd6c5becb743aa96c796b6ee0d0b9a7b6d8deffd31b3b918487b74e8fd03fe7
anneal-3730-lean-pool-failure-isolation-2026-09-29/support/verify.py,I110;I139,2fd8986ff497c5b83361e4067b273517a53c39e1fa8cad82ef36783e8777985b
anneal-3730-lean-server-resource-drift-soak-2026-09-29/REPORT.md,I116;I122,8dd9fc4f63edfc86c460c355b7d70f1539e88d2cbeec6160b0d84b758baeb3c7
anneal-3730-lean-server-resource-drift-soak-2026-09-29/support/check.py,I116;I122,3c0dc6bfc4488eecf6dda0fefb42e66083b5e7d67e002fd7f3ab8fc37490fffa
anneal-3730-lean-server-resource-drift-soak-2026-09-29/support/probe.py,I116;I122,4b4365bbf721dabcd8aec4d13f81c4b09419c9a6a1ef7a230e71acebbdf8e32f
anneal-3730-lean-server-resource-drift-soak-2026-09-29/support/results.json,I116;I122,ff40a0ece8726d5966182aae2ad02e3b6e4f00c155b228d9283a69f1ebb3924c
anneal-3730-lean-server-resource-drift-soak-2026-09-29/support/sample-ledger.csv,I116;I122,9a1b888ac4a62e9bd5425ab38c64aa4e09ce1bc639400011b351e9d7e6495195
anneal-3730-lean-server-soak-context-rpc-2026-09-29/REPORT.md,I113;I114;I115;I116;I117;I118;I119;I139;I153;I154,df16ba9296c1d30e2cac0ba03af23a26a2924c643331e6ce500e82df28894c63
anneal-3730-lean-server-soak-context-rpc-2026-09-29/support/check.py,I113;I114;I115;I116;I117;I118;I119;I139;I153;I154,be554c194b64020791c1817b6a8d947a3abbea3b6de18bffccb65227d99cc844
anneal-3730-lean-server-soak-context-rpc-2026-09-29/support/probe.py,I113;I114;I115;I116;I117;I118;I119;I139;I153;I154,ca1cfede5f46103417671350fc0dcc19fdd6f1746c766e358f60a27d7bfe8ced
anneal-3730-lean-server-soak-context-rpc-2026-09-29/support/transcript.json,I113;I114;I115;I116;I117;I118;I119;I139;I153;I154,e0e91b44b61f7f6ef5b1ed684fc2748bb31359660e1a7d48528767b0c0ed65aa
anneal-3730-lean-server-soak-context-rpc-2026-09-29/support/work/A/Proof.lean,I113;I114;I115;I116;I117;I118;I119;I139;I153;I154,57d5b55889db098a84a8b5dabf4aebc4504033127343ef0c0a10229e0c4b512e
anneal-3730-lean-server-soak-context-rpc-2026-09-29/support/work/B/Proof.lean,I113;I114;I115;I116;I117;I118;I119;I139;I153;I154,29568d72507e628c7a5669aa6128d813e32e138964600d059bba371c580daadb
anneal-3730-lean-transitive-import-rpc-matrix-2026-09-29/support/probe.py,I147,54d4478ab58cbb5665e19d41ef632c0a1ae79094f6dae6b0bfa32a71b2c1117e
anneal-3730-lean-transitive-import-rpc-matrix-2026-09-29/support/summary.json,I147,9475ab5104130800337c12607466f1541be66487fed2362cdea72238fec1e43e
anneal-3730-lean-transitive-import-rpc-matrix-2026-09-29/support/transcript.json,I147,08085a13121b013e9663b2407bce8e2954cd16609113b4041107597b5aa9889a
anneal-3730-m06-generated-lake-source-order-trace-2026-09-29/REPORT.md,I142,ec5e5f1888f243888996767c0711432a06278c34a26726cc2902d23d5398a49f
anneal-3730-m06-generated-lake-source-order-trace-2026-09-29/support/check.py,I142,c9e299d4d03bbf2607937a1caed0704e03e444d5861197264a1d4ad96c7dd669
anneal-3730-m06-generated-lake-source-order-trace-2026-09-29/support/results.json,I142,438fdf4e5f851a6e7f83705e8aecacd76f2222a7bd06db40aebe7ff5e1e739e1
anneal-3730-nested-parallelism-budget-2026-09-29/REPORT.md,I115,8dd9813b20282cc5ef010bacc621ea91d04f1ead851af1e3dee6d7d3c73dae1a
anneal-3730-nested-parallelism-budget-2026-09-29/support/check.py,I115,09fe79f861476951c6ec6099e84598fff80a2d9696b985ff9cb9cc490ee8d773
anneal-3730-nested-parallelism-budget-2026-09-29/support/probe.py,I115,8be7fc33b967d4a92955fbb818ede818a3ee2ef1dd36dda7dec0b5754f9ae84c
anneal-3730-nested-parallelism-budget-2026-09-29/support/results.json,I115,243e9c29de447c37f1663aef274e9082f7499c0f0b8d99e83d25c0264bd3ec2f
anneal-3730-per-worker-copied-byte-inventory-2026-09-29/REPORT.md,I113;I114,f207f037ab7cb5b82d64fcafb5dff194d50a545b81426c60ba1c3f0b0f66e3c0
anneal-3730-per-worker-copied-byte-inventory-2026-09-29/support/check.py,I113;I114,7a0458076fe43c26ceda12682341a612d138b1eaf78f2dbef11e9c553da19bfb
anneal-3730-per-worker-copied-byte-inventory-2026-09-29/support/inventory.csv,I113;I114,5cf3398f5eec38d68f2142817a57f4ea566fcf6dd0be9e99ad64b598770cc462
anneal-3730-per-worker-copied-byte-inventory-2026-09-29/support/probe.py,I113;I114,587d5f967a2b2b6f949e5883fd58a4896e7668ca889931ffafdad892fb42e778
anneal-3730-per-worker-copied-byte-inventory-2026-09-29/support/results.json,I113;I114,846e5d263a90e1ff866d609d9f0a54d8fba54d34f5648049592ae2fdb736176f
anneal-3730-pinned-cross-layer-navigation-boundary-2026-09-29/REPORT.md,I149,ae0effa2c81ad9629bf32c808f60ab30034a41e3f9d4edd61dd927f446d36fb9
anneal-3730-pinned-cross-layer-navigation-boundary-2026-09-29/support/check.py,I149,5a7e94917c1185850247e90e3810c3731ea96632b7135a3af50fdac557d3a9f4
anneal-3730-pinned-cross-layer-navigation-boundary-2026-09-29/support/extra-manifest.json,I149,4a903e94ede9668f2d734fa0fe5597c2fc15e108730b71fdffbf3b16260a8942
anneal-3730-pinned-cross-layer-navigation-boundary-2026-09-29/support/extra-results.json,I149,b62ca058430cdad046cc64707ea3314b5eb51f7369a3a436bf1583aba521ec22
anneal-3730-pinned-cross-layer-navigation-boundary-2026-09-29/support/helper-manifest.json,I149,9c0655062bc22faf3d8670fe1e9d0b5fa13c70564f6544e202fc72f71e44394c
anneal-3730-pinned-cross-layer-navigation-boundary-2026-09-29/support/helper-results.json,I149,1723b6361f795cac1a6960a0a4c3768ce1263a210ddea04a0d5dcb22b300374c
anneal-3730-pinned-cross-layer-navigation-boundary-2026-09-29/support/manifest.json,I149,c897830c70cd75c9c1e036fd8ef4f12cb0732d8748eadde402e09f73bbed6c37
anneal-3730-pinned-cross-layer-navigation-boundary-2026-09-29/support/results.json,I149,12e9c1b75df8db3c59837baaa84b526b3c22703af5176f1941190c25bcd886af
anneal-3730-resource-soak-contamination-2026-09-29/support/check.py,I113;I114;I116;I117;I118;I139;I153;I154,8b2a42de9ef71ccb32ca3526740f30c8c25d7011d409ba4f5a10dd006c2f3f6b
anneal-3730-resource-soak-contamination-2026-09-29/support/probe.py,I113;I114;I116;I117;I118;I139;I153;I154,4b721610dc0ab4a9058ecefa4f836616c3b78eb14d1dd44037382ab337db89ba
anneal-3730-resource-soak-contamination-2026-09-29/transcript.json,I113;I114;I116;I117;I118;I139;I153;I154,80b63975d220f3610136eac6a71dd7933033cb24c43ee0fbb1818e924f51a522
anneal-3730-rust-charon-aeneas-lean-golden-vertical-2026-09-29/support/probe.py,I126;I127;I129;I130;I131;I132;I135;I136;I158;I159,a09a11988be827b35fc300a55d960a9e9419353366a3a37da871f81e28486430
anneal-3730-rust-charon-aeneas-lean-golden-vertical-2026-09-29/support/results.json,I126;I127;I129;I130;I131;I132;I135;I136;I158;I159,34d5048c24639ffbd64d7b809c22bdaf8f74fd1616bbea3677047c9d0227f8e5
anneal-3730-rust-charon-aeneas-lean-golden-vertical-2026-09-29/support/work/base-cold/current.llbc,I126;I127;I129;I130;I131;I132;I135;I136;I158;I159,7032ef983ec41624dc31c6380414c4be6b8807ca6605c13686861e98da86790a
anneal-3730-rust-charon-aeneas-lean-golden-vertical-2026-09-29/support/work/mutated-clean/current.llbc,I126;I127;I129;I130;I131;I132;I135;I136;I158;I159,f26a590b0ad5f3359ab6d4c17173607ed872cfbdcbf935675dad61a2c420d569
anneal-3730-scratch-pool-scaling-2026-09-29/REPORT.md,I114;I116;I153,46d05cf816991e1b7b956b2a22cb8b108be900b9b75bb3b1eff5be83e34216b4
anneal-3730-scratch-pool-scaling-2026-09-29/support/check.py,I114;I116;I153,d5c814842d8e462cb33681905d2794857207a4ce867100546b176496507e3320
anneal-3730-scratch-pool-scaling-2026-09-29/support/probe.py,I114;I116;I153,f161ef1eb5823cb63770e5586b6ad58ad2a2b1715dcc03c81d7865975ac25eef
anneal-3730-scratch-pool-scaling-2026-09-29/support/results.json,I114;I116;I153,bd6934bbb78e66c0fc9c7395a544455ed9501264d0822d484bbeb59c485a0fa9
anneal-3730-scratch-tactic-concurrency-crash-2026-09-29/REPORT.md,I110;I121;I134,480cd37f8e2e2863c3c6110b7f9d3d4017f38f6ac6f49c6a2a622c63b0454995
anneal-3730-scratch-tactic-concurrency-crash-2026-09-29/support/artifacts/final-MANIFEST.json,I110;I121;I134,cd2e9d957d85f2ec336de855e196d175ff21064096952616509e994482865918
anneal-3730-scratch-tactic-concurrency-crash-2026-09-29/support/artifacts/final-Proof.lean,I110;I121;I134,3a493db6a8f376ec42816aa3b31de10b55da7fe83baa0d233a94d28a45bfd6d4
anneal-3730-scratch-tactic-concurrency-crash-2026-09-29/support/artifacts/orphan-MANIFEST.json,I110;I121;I134,f5cd3f3147adfa3b1865efad7345874c1409469936faba5ecf3f1d51fcccd021
anneal-3730-scratch-tactic-concurrency-crash-2026-09-29/support/probe.py,I110;I121;I134,0655ef02a442130f2ec8165d43913660244afbbe2b8bfdea3e834121944c6acf
anneal-3730-scratch-tactic-concurrency-crash-2026-09-29/support/results.json,I110;I121;I134,067e50deedc29cab80367c590640f1f38dd7af9b65b8fce3097fa21af2068d61
anneal-3730-scratch-tactic-concurrency-crash-2026-09-29/support/verify.py,I110;I121;I134,fa47109a20cdd4817da6a2fddf259b3879efc044d62de2928e3ec4f90c17bd2a
anneal-3730-shared-cargo-consumer-ownership-2026-09-29/REPORT.md,I107,21dab7ce5f3cc0a38e7525ba5200bca3a55c2cad70765acb7f6640e102753851
anneal-3730-shared-cargo-consumer-ownership-2026-09-29/support/check.py,I107,373bb28a4f533edea29428e345b286fa00df9e9f11f1c6019dcd032b872e9a17
anneal-3730-shared-cargo-consumer-ownership-2026-09-29/support/fixture/build.rs,I107,2936b0a40b91ab74e9853cacd2ba086023c2505a78caf145e06de8b4dd72ca0c
anneal-3730-shared-cargo-consumer-ownership-2026-09-29/support/results.json,I107,aa60824511f524a9719448b001983294a2f190abb829e6faa292729aa03dcfe8
reports/anneal-3730-claim-relative-import-taint-2026-09-29/REPORT.md,I130,695eea6ce097f102a0919c122a35fc4aa697c802cd63dfe028cad3fa0387f01b
reports/anneal-3730-five-original-packages-rereview-2026-09-29/REPORT.md,I133;I134;I135;I145;I151,ccfbbb96c14c3a68ee29ddee6e9b64919db669a6186d4e4383b2dd4600b6fcf6
reports/anneal-3730-five-original-packages-rereview-2026-09-29/support/check.py,I133;I134;I135;I145;I151,1e78e0bc6ec4be80c1f43134c28a955bbd3fa94174a1aeb5bcfa8702d0279fd9
reports/anneal-3730-five-original-packages-rereview-2026-09-29/support/review.json,I133;I134;I135;I145;I151,6c357313dca9cd72370ca46adb2767a6b2bd2955c3adaa1ea0300298139cb350
reports/anneal-3730-generated-history-retention-economics-2026-09-29/REPORT.md,I146,e72a48db2ff0d0219db8857a2f9e7b8bade66f4d24b7147d4f78114a3d301d06
reports/anneal-3730-lake-shared-tree-conflicting-writers-2026-09-29/REPORT.md,I151,76dbfcaf851d5b7950b571ecb6fd246e93e0c331f0025106aa532cf040886d31
reports/anneal-3730-lean-three-document-edit-storm-2026-09-29/REPORT.md,I111;I112,382db3673c8765a28093cb82da893d1e2d146d6576ecdff1444bdb23b295ac28
reports/anneal-3730-live-lean-artifact-unlink-2026-09-29/REPORT.md,I121,e39588ce4fdf69e4b6d2df2bbc1b41f02860eb78d860a77f6bcf07ec7c4d116c
reports/anneal-3730-os-lock-fd-recovery-controls-2026-09-29/REPORT.md,I108;I109,343045bc010d2f48a440f6e51479e8b437235a7e796c69014f2c16017218604b
reports/anneal-3730-plugin-reversal-worker-order-2026-09-29/REPORT.md,I125;I154,c137739e144ad3518112a75eb69b44d72989eea79934535aaad1a515bf6c0f67
reports/anneal-3730-pruned-lake-interactive-extension-v4-30-0-rc2/REPORT.md,I120;I150,9cccbd3e435dd591b8c79f44411c16002f63ea488c05459afce5a96458a59cd2
reports/anneal-3730-retained-full-chain-byte-timing-inventory-2026-09-29/REPORT.md,I113;I118,7c93e44a03fc73a476f1c2f85c2f5f601341872e527af42ae65927e43af468d5
reports/anneal-3731-embedded-proof-generated-model-vertical-v4-30-0-rc2/REPORT.md,I129;I131;I132;I134;I135;I137;I138;I145;I147;I149,469f9820f25127577148f614a54821a0c247c036881278aa85f831f2193b9cf6
reports/anneal-3731-embedded-proof-generated-model-vertical-v4-30-0-rc2/support/check.py,I129;I131;I132;I134;I135;I137;I138;I145;I147;I149,d446e184fa814189b00fe9785fef53e9f0fee463183c4d9949c47e0a67019722
reports/anneal-3731-embedded-proof-generated-model-vertical-v4-30-0-rc2/support/full-model-change-transcript.json,I129;I131;I132;I134;I135;I137;I138;I145;I147;I149,b59a025717577ce36b995a7dcce9b1402dc09aed43302304cbd35012f1a1073e
reports/anneal-3731-embedded-proof-generated-model-vertical-v4-30-0-rc2/support/transcript.json,I129;I131;I132;I134;I135;I137;I138;I145;I147;I149,579a4dc3dd288d8be4bb321f98df9d6a8e622e60f47ed72c3d88071997931d06
reports/anneal-3731-reader-owned-generation-lease-v4-30-0-rc2/REPORT.json,I121;I122,a610efc4ccf65defa043503455d0c031f84650bdb917b9f1866a414c3e224702
reports/anneal-3731-reader-owned-generation-lease-v4-30-0-rc2/REPORT.md,I121;I122,f82efa54a044ef7deff62b95bdb47c367ac8b21a39cdd5e18c786a1c5e15bdc8
reports/anneal-3731-reader-owned-generation-lease-v4-30-0-rc2/support/check.py,I121;I122,498686c9e33a3b063e41425f3230f77903cb7c95f1603c1dbc6e4009d475a12f
reports/anneal-3731-reader-owned-generation-lease-v4-30-0-rc2/support/probe.py,I121;I122,7ad4f5c28b1252022b31bf5c2cb639dd8cc11b2139aa28e535e91f356161293c
reports/anneal-3731-reader-owned-generation-lease-v4-30-0-rc2/support/results.json,I121;I122,2bf92764dc78ccd82b5d6da2a30ce7be57379ab851b13832c93995f265886754
reports/anneal-3731-real-generation-gc-lease-v4-30-0-rc2/REPORT.md,I121,efcf5c3b43015e50db105d89ec4137515b7e5409ba79529d48826f1b45372209
reports/anneal-3731-real-generation-gc-lease-v4-30-0-rc2/support/check.py,I121,2d48b6a69a71c8937b7230e213b4d3a42d9704a60385468d9e7a6b34dea0c99e
reports/anneal-3731-real-generation-gc-lease-v4-30-0-rc2/support/inputs/A/current.llbc,I121,7032ef983ec41624dc31c6380414c4be6b8807ca6605c13686861e98da86790a
reports/anneal-3731-real-generation-gc-lease-v4-30-0-rc2/support/inputs/B/current.llbc,I121,f3d266ebbcb327ea6c450bc7d97dc3baef0c61cf1b382fa6ec197bf645d41e78
reports/anneal-3731-real-generation-gc-lease-v4-30-0-rc2/support/results.json,I121,f13e4f85c77944f184e87f0606adbaa66b39f8dd13a4d23f7eb292c2bf0dd6fd
reports/anneal-3731-real-generation-publication-v4-30-0-rc2/REPORT.md,I121;I131;I132;I134;I135;I145;I147;I149;I151,c99fdcf0ee509cd868039070f264cce3f97629ead090b73ccbfc320ff5b36097
reports/anneal-3731-real-generation-publication-v4-30-0-rc2/support/check.py,I121;I131;I132;I134;I135;I145;I147;I149;I151,b9fc1a6bb8a06c3db299df3a00193efeeb122c447a8531b91df5050beb43b0bc
reports/anneal-3731-real-generation-publication-v4-30-0-rc2/support/inputs/A/current.llbc,I121;I131;I132;I134;I135;I145;I147;I149;I151,7032ef983ec41624dc31c6380414c4be6b8807ca6605c13686861e98da86790a
reports/anneal-3731-real-generation-publication-v4-30-0-rc2/support/inputs/B/current.llbc,I121;I131;I132;I134;I135;I145;I147;I149;I151,f3d266ebbcb327ea6c450bc7d97dc3baef0c61cf1b382fa6ec197bf645d41e78
reports/anneal-3731-real-generation-publication-v4-30-0-rc2/support/results.json,I121;I131;I132;I134;I135;I145;I147;I149;I151,2a4e62188c7d36845f6e530a2493bd8bde301e0a1a2cba8527eb619bc775a5ec
reports/anneal-v2-current-source-surface-main-bd0956b-2026-09-29/REPORT.json,I107;I108;I123;I129;I130;I137;I138;I145;I149;I150;I157;I159,ebe8d135aafcd0a193bb826cb343e37bd0d43f5940d3ae6d84a19da46a4f824a
reports/anneal-v2-current-source-surface-main-bd0956b-2026-09-29/REPORT.md,I107;I108;I123;I129;I130;I137;I138;I145;I149;I150;I157;I159,8277543f99c36f099158038dbee22f1300d47e5cb067e2163625376106edc6f2
