package,ids,report_md_sha256,report_json_sha256,checker_sha256
aeneas-generated-function-signatures-nightly-2026-06-03,I149,8d147f077012c001a313c5b56a27c5f42ea70e68a0c83aeb1bd178ca5a9880b8,0d71990327d0d1ad834d3ac1acb1624ad9bb31299b3e947703efffa1efb31455,
aeneas-generated-source-determinism-nightly-2026-06-03,I148,4a005fb521793dcca258e9c44301901ebcd03f9fa5004841381cd1cfd091825e,493064494f7fba9bdc8a65fc3704ee86a1875c00026fb58e89acf881b5c380b7,
aeneas-generated-source-repeat-run-probe-nightly-2026-06-03,I148,2c47d9080aa3037d4eda766ff029cb157616b88905fedd195057b1e4ef16b5ec,12e6936f0d2bac781bf821b210293524e3a2038d66a6f1df134a7c167d970ec8,
aeneas-release-upgrade-checklist-nightly-2026-06-03,I156;I158,d1329b912401c0527b90741aa075fed3e7cea9921595cf6b822b01076ca50be1,7268aa4e0d917bb52ef58928f80a510c7790987e9e2211d1aab6f8c897d4dfd1,
anneal-3725-recommendation-coverage-audit-2026-09-28,I129;I130;I131;I132;I133;I134;I135;I136;I137;I138;I139;I140;I141;I142;I143;I144,04b77e2f6d3ae7e938d63a9230a78a86e0066799234ef4edd81e3b26b35ce821,50eb9763f7a037de572561c848043728bc838df875de7a5ef3cd9ec46ffc2bcb,
anneal-3730-acceptance-oracle-matrix-2026-09-29,I126;I127;I128;I129;I130;I131;I132;I134;I135;I144;I159,621554fc1b54fc2c477549e7a40b4fa1c5aa4cc88a3601adb1b720c0c93c1caa,c9d149ffc2a3dbe003b0548ff4895000fe11223e8f5a454e5c30f3d24347dc86,
anneal-3730-aeneas-identity-manifest-2026-09-29,I148;I149;I156;I158,f73fc593ab77cbbbf1647f242cf6a2d8c58441ea8120e1c4b9820b04c667e929,810d2fa8020cb569c8a8dc2e96484ca84bb7e842fe2b60a144009c48e18c313e,
anneal-3730-aeneas-manifest-batch-oracle-2026-09-29,I148;I149,3a1ff104ec1995bbd2704235fa3604483c245f0c7d4d03c04edd53b407157e1b,75d85e26d78ce02cde5d426d9ccf32329509488913ee43d531f2009107cfc307,
anneal-3730-aeneas-process-contract-2026-09-29,I148;I158,731eb1cabe176e1838ac1eb41313cc281651f1cc468a1623bb4b931fb91dcdb8,37c23a44339d59cf3bc362fa8faf43f9f50b80e05243ddcf7b7b30f5c47135c5,
anneal-3730-aeneas-trait-output-shrink-matrix-2026-09-29,I148;I149,6129ed7aa0153fedd6ee422c35d9f7329b16663d029a8c235187ed286d5abf59,3764188cae5451277e7af5f358cb4771d88d91b65ed34ad95c32d534669ffba7,34c689664d30556d8efe20b6a593c04cac401353983297ce754647362eb934ef
anneal-3730-agent-workflow-evaluation-v4-30-0-rc2,I140;I141,1c5806c68010259e1341be59c51e7311df64ef56636ba8fc27f9be4463b19173,106bcfcb129a0be0fe004dca043a4e08541edd276a48466fd71b440c5e30fcc0,
anneal-3730-apfs-overlayfs-resource-accounting-2026-09-29,I113;I115;I119;I124,245cf606a7508c8f405d75a098c462828d8374901cc5848819e5dcc0a6796a95,51b91844557531f2638636d2e8da176142cb7cba7b170acd23467802ebf295a4,
anneal-3730-architecture-contracts-2026-09-29,I142;I144;I159,e6b24d6a92f946e5eca41611d3565987e61c49675dd777ef5b8148fab51bef0a,1714adfae161128dad683f195cfe5a85d759393ee2e85e064451821910cab12c,
anneal-3730-charon-aeneas-boundary-2026-09-29,I148;I149;I156,598230160c55cb3865740b6463778b572223419bb842754af9b6031918a3533d,44926ab33db054469a2e7f62324c55d277bfaea1ab03169b40f28e9322417546,
anneal-3730-charon-concurrency-interruption-2026-09-29,I148,8ff7a0289cd99a7d0d9e3343c9e6464f7244f8108999f8ac29e38a31f6bcdcea,a31e8450072c454222dafb40a88eb9e73c7aa765b560163257e2e17a4cace959,
anneal-3730-charon-shortname-aeneas-impact-2026-09-29,I148,a5f93c2c9b203ec26fd398cbd2d83e61dea822d1d52a52a3b6aec4123fdf5815,95672163c08b58c48eeb2593cd688f67105540c07cc481e0886eca477ed79e26,b09e288633cbf41f6b692ddbe37b4085604b50e51ed8894793f99783a183175b
anneal-3730-charon-subject-output-phase-matrix-2026-09-29,I148,abe5b8cba9289b64209b2ae546f5f6522d41f1da7068421c775c1537a5c36e71,817c20b6e46ae70f565dad1bd01a2405e706f5b5283e1d58f702e1c0c6fa4182,
anneal-3730-charon-warm-noop-byte-diff-2026-09-29,I148,d05936e8fda62ffc72e2edd0ea0b2d95c186465975bf36426fb5ef8a08bfd714,f03bef812bc4ff7590b9de6e1e425918785270865c84a4fb337590eacc50af7d,
anneal-3730-claim-relative-import-taint-2026-09-29,I130,695eea6ce097f102a0919c122a35fc4aa697c802cd63dfe028cad3fa0387f01b,7d10d50fb1f3a1f7e4c20c618732bc54fb6eb37e7f74279cb85809d66c4780c7,092af63bdd5cd1dc45bee26de43f60dbf20529aa6ac0709fe0e32dae7b0fcbf6
anneal-3730-cli-graceful-cancel-signals-2026-09-29,I134,efd93bdbafc9471f84d09a53c9f7b1b25c7f82bfee26200138bd90f6fca7539d,2511e4ec2ce66cb83fd6c56f1d3fc3c87d8bfc24f66fcacf277804241116c899,471adbd36386f0f4e8219b05071cb385aebbb497a5c318486c3a9e15e10aefbb
anneal-3730-combined-pipeline-concurrency-2026-09-29,I115,4393456336aa03204032a558f45de43a56debb3cfe793c220940df28aeff5d8e,184ae074293efcce3a6b27abfdb4a9ddc9e877e6d72e37c6dcc092159dcd1a96,9e73e4dc70fc37bec6d51d6cec913c3a104c060b5b6262cadc9801d71b0fb511
anneal-3730-compatible-bundle-upgrade-golden-2026-09-29,I126;I127;I131;I132;I135;I158,42ee64ad1661045768f61d9a770d43f9a1280aa626af1acccacd2b8f13c840f8,cfb9b5a712f91f25e0a911ba38dc707998a64bd1ba6ea2db02b2ca879bdd721d,38203535845d7dc9197fc2788aa541fba13f43ee93d10978513bf9c234c2c8b5
anneal-3730-cross-layer-comparator-mutants-2026-09-29,I126;I127;I128;I129;I130;I131;I132;I135;I147;I148;I149;I158;I159,098a1993f5fec83ebd838048396d8c9fc96cccffdfaaf6320d4d0960bafb9276,0563ed8feaf38201d0a411635fe2a0540a3db5716ee5c77cfa0caec87656b0b8,fd2d73894e4de5225e8fe98b2d689ba38d0b8def72f2f1a05fa11042e93436a9
anneal-3730-cross-tool-active-cancellation-barriers-2026-09-29,I134,442215a7968fd110b6cc9ab35489224d2a2a984755d2cb76e89351e565bdfb0b,dea74d3d3776a8813b815b48a2f698b0ccd4dcd0c824db91d69be98914e3f15a,d60e97f1ac16bb9a4a3d919c7eb8efa0bb6ba5f9ffa2a3c0247143164437557a
anneal-3730-cross-tool-provenance-2026-09-29,I149,7c1b01926e0251de7834020deb2d48c7e82594517f5441a4fae1896a77f5e097,9b2cfd8a2c59f0e449d82d890e82816c1cb9988ebc1099803fd1fe2f27ae50d1,
anneal-3730-cross-tool-stage-cancellation-cleanup-2026-09-29,I134,c996aaff1f29f09b92ea5992e375ed07bc8d2f8f7993cb7a47f504ec32470d5e,005e7f9b0d5eb52ab92ccb1c50066dd3ecfb6b2ebeb3a183f5652ddb1c03a704,
anneal-3730-editor-mcp-shadow-authority-v4-30-0-rc2,I152;I155,c702bfefb58845a3613658b2354ec84a11ab12ac4249d3d6d39ce8e1a825bb56,dfcd18a687b5b64f5c8adf644b215c6856e454f551f96889605d54b4f01cb7f7,
anneal-3730-external-model-without-codegen-change-2026-09-29,I147,48c4b0bd0acf6e7237e2e43b2aebf5e73e22731c8e5799ca5aa9f2c89c8c5388,f25a63b7e9921b798a17135318d5ff529e80da006c7c53cd01b833b5ed384f03,bf0cbe24eea97f9a91b280a4c434e6c6fa02a12e3ab7a57ab1dc6d7fa5a8dfba
anneal-3730-fault-model-2026-09-29,I107;I108;I109;I110;I111;I112;I133;I134;I135;I159,c0e9296c6bbcc8b2ff021f0c6be3001266cbe38ec0456fbf4c02a46b32499041,ca166be36a05aa43e6115ece7a81428ba30ee27ffc4aa93a738fcca4e1150252,
anneal-3730-filesystem-sharing-apfs-v4-30-0-rc2,I119;I123;I124,8c953b0572551055973b7d16c6f0910eebe86a2e04760f567ca9a2f3aa3f7523,00dd3b9820996fb3888c28c9d7ee6c531d066b109cd73629f6586857569da633,
anneal-3730-five-original-packages-rereview-2026-09-29,I133;I134;I135;I145;I151,ccfbbb96c14c3a68ee29ddee6e9b64919db669a6186d4e4383b2dd4600b6fcf6,d721e4324558720c4d6f5f633f33c714a58b0d846302c6d6f00c7b621165a8a0,1e78e0bc6ec4be80c1f43134c28a955bbd3fa94174a1aeb5bcfa8702d0279fd9
anneal-3730-full-lake-server-chain-2026-09-29,I115;I153,2eb53ed235703aef1d096d36c1e15ca916676637bf2b939beb6058df6a43b931,406c726b81ccccf546e984fb62e62ad1a60c1f8221e50ebac7f0ccbd06725f03,f549dbaafb6d40d747242d8d92def4d3a0d104501b2c548020a5d3a058e44e48
anneal-3730-generated-history-retention-economics-2026-09-29,I146,e72a48db2ff0d0219db8857a2f9e7b8bade66f4d24b7147d4f78114a3d301d06,e169ab0770e5126ea06619f5801cec39a252660eb9e19e6ce49e022ad2828569,bf12530ff2ddd40dd169ad175826462a8986215b7b0577f43714c82011aa9226
anneal-3730-generated-lean-canonical-source-challenge-2026-09-29,I159,44976129b5582de79955b03c7972db92c1b73cbd2e2e815f7e69c191792a0b74,7bd0b6eb9165828f76bc2562bdbfae5a4bdda5db9f7cd18f9f1db351c5546e2c,63c3e37450f16bdc361949bdfe4be95b3ef4c969ded0404cf5ddaabf1d8df49e
anneal-3730-generation-recovery-2026-09-29,I107;I108;I109;I110;I111;I112;I121;I122,5761cd810ba4f84751bb5cd9c4fc0c06926dec87bb694ac2003d332520879da3,eedc765b5a373e023697b2c0fc8ea9a677c7037b587fd5e9657b924448dceef8,
anneal-3730-h08-project-switch-router-v4-30-0-rc2,I153,33e7f2e46b08f9de781516a66690f1e8e0c8bfc2cd205ee5eac8f00f1c8bc1af,85b96040ae771512f195af19db8d5fd7b929e339b3ee83cf64cad3df0240fbdc,f8330181495fe689b6a47f3eecf5836c738a1dbd10e54014790c8689b1bf19b1
anneal-3730-h09-lsp-to-upstream-cancellation-boundaries-2026-09-29,I107,ca2e010de57691949eba571a13f33f08f0a700b97ab4f46d21ea13a5be36174a,08d54eac64aa75fe651e8225bb012e109de6b6e9d75aedbe822ada4f1790d591,3abdb8c99a464e3e6d84a8c30180df83f9af17508e74a64f56c9a693383d050a
anneal-3730-human-freshness-study-protocol-2026-09-29,I141,68c7ad57a5461793b697ea0ff57896f3ff3a68186c7bb68ea26953c95618e687,cda126e4aec1305bbe2bf41f8c901708e7adb1be4fa91b76cf8e89b47f8c9d93,f450d44a059ef2c16c139a7123b6eaa88739868e48b17447a49cd554715b5c83
anneal-3730-identity-state-mutation-model-2026-09-29,I145;I147,e87b400faf50528ba988419907b559cf335e28b9f37955eda88b84a38d70d31b,3bce424cd8d54a453232d48389c7e68d39f5fba4d68dee90ef73e472a2465bf5,54aa3601eca5afb6550466efb368d0f4b67267c6cee948618f5b01f67b388a28
anneal-3730-independent-vertical-reproduction-2026-09-29,I136,86ce78a8839f28a86c0efcd1bf90b2ce6ff0d7cb4dc2fc9ef602c3ea025fb924,b63c8e02cdb94d4c26efe74c5300d9cc59d3535dc97a9f11364674b87f6feeb8,
anneal-3730-lake-cache-publication-atomicity-2026-09-29,I108;I109;I150;I151,d6accdfeb4cd3de04fe1a890a76ddb9e130090a9375961208f8d51e4c6fd8808,55790e493de0fc61a2510260a9c912a19b124da642de503c0f83d7e17907a019,
anneal-3730-lake-concurrency-preparation-v4-30-0-rc2,I114;I150,78bc5416c10b8778ad38ed4b21e92e500317e55ef5f5c05f8254a70733b85c99,3bd5fe519bd87b864e56e78634b792935ca24306284274dfd3984633aecad7cf,
anneal-3730-lake-dynamic-config-identity-2026-09-29,I108;I109,8337fa8ef278c6b5d1515d7e3e3061aeb542b5889285d5697f349239c43f23bf,7fbe3cd6a85cd2adf9db8e4acbd55ed20e7b809731b31dc959e4978bfa22852c,6944bbd8bfebbf78d8cb47618e81b0dfe35e75e0128184a78aeef32f266b3459
anneal-3730-lake-identity-matrix-v4-30-0-rc2,I123;I150,e2134b169ac2050f8a5d1fda4fcf7a04ff2a664c05ddf35d7bb272c5b20ba878,5f51f325abb778151601c88b49201f047b1904747b49b365c654a2ba045cd1ce,
anneal-3730-lake-key-artifact-family-matrix-2026-09-29,I108;I109;I151,1158f5c20d3ae303d953405d1c5fe5512484d6ead902591f4107e104b076b625,ce4d40d5b3764f3c98edf42aa61b897ccd695c2d39ca38f951019e6f026cb68b,71b7380a0d6da9977e677088f0ad1de5acd89f7b700d96d0fbe68d6d30c133ad
anneal-3730-lake-plugin-artifact-identity-v4-30-0-rc2,I120;I125;I150,d1bb5b697b3754ac26b027b85f7c43fdb2177d851a300a83a79afbcb0de63047,9cf95bc9b6b0cf2519f5e5075cc19cb4dd9157cdb7a2bcd08fe752f95dcbd140,
anneal-3730-lake-plugin-combined-family-mix-2026-09-29,I120;I125;I150,d7d03f9a339b8bff6f843be2317e949c94aab92d396240eb6b09a604564866c4,24124b70c726c6db415be5340203448e6d731782d1aff0985de5d458e2a28876,96f610eb6feacacd0f08d753d3b81d45fe17255884458805b98359e172403cd2
anneal-3730-lake-prepared-contract-2026-09-29,I120;I125;I150;I151,5315c9f8ac039511e54f3433fc6b93711d3f725c46ffee517d943c2d8625df5a,eff382be61fe96d63df649e2eb26afa5845be52a27cc214025fcf454afc0bb2e,
anneal-3730-lake-same-key-artifact-writers-2026-09-29,I108;I109;I151,d0e4fe2676101e832c3284d1dd01f06b6984be1032a777c1df17979af717da00,0d8e6b4ddb2abde4083d4dfbcf1769c9dd3cf5031819e88b8dad087a0356f903,6ae2afef8fbe4eb620a1635ebe87a9f6250c44f345c0846d463616a6260ba0cc
anneal-3730-lake-shared-tree-conflicting-writers-2026-09-29,I151,76dbfcaf851d5b7950b571ecb6fd246e93e0c331f0025106aa532cf040886d31,d45991c33cc5a5ab4b4a5e5b86cc906a231526a9f2022e90ce6aac00fdf296eb,0a12b09f30975a1e48acc427e705d6de85063f1ae14244fc70ee4a996d00b302
anneal-3730-lake-writer-recovery-2026-09-29,I108;I109;I151,344df196e0795230bf8935714ee69a11025a647a12f04c34b3f1762573e7ea47,15c7e45279c6f51721773ac7385f0950139e6c8236ec582c0b1d2220231f6f43,
anneal-3730-lake-writer-scale-v4-30-0-rc2,I109;I113;I114;I151;I154,b299e780a00389b2172746a0b7f08481e2599d63a69fef935309cf9b09f6db6e,b2179dc0c1ddcec1f475b9469c3879b1ba5bb1cf20459e0ee1e6e0ec9202aade,
anneal-3730-last-good-model-signature-recovery-2026-09-29,I134;I145,bf0b4e9718f2f47091b6dda1250d9416e0ae62b593f4b4fbe05fcecb563da484,8e9699f39092f3e68cd20b99db83355c7291b0dd7c3aa230b550b518fe4d61a4,852f74a41a7506e3a96096d14d7e056bd34b7ed0080b1a57f14551137e8def4d
anneal-3730-lean-cross-version-equivalence-v4-29-v4-30-rc2-2026-09-29,I131;I132;I135;I136;I147;I158;I159,75cc09a5d1852e43e45cb69a49c24fb6b6e3574e4602a8061a84873548a368be,8b3c38ba72377ca217fc64b79228fc9ffb90f2737d2ea7537872dd476345b596,
anneal-3730-lean-launch-refresh-matrix-v4-30-0-rc2,I147;I159,d605f66dd1b245f777ecaf704e239f32fbf88973c8a4fbe2beb280771f1bb178,3d1c3fbf2aa26ad5965c56d8eeaa35d7033c232a20e24895322a99361f16f0b1,
anneal-3730-lean-multiminute-restart-resource-soak-2026-09-29,I116;I117;I118;I153;I154,632e32e04f4599c295cea5bfb8327787197ef4cfbb518d92b2a5d1f4af344b35,d660f81e4c05051b6928c8da7c6c9205ffa22ed3b292a1d52b6f905e01f148d4,d790f7d2b868c35d07698915c4971ff6cdf4e1c390979ba0b05dc6b3631192e5
anneal-3730-lean-pool-failure-isolation-2026-09-29,I110;I139,9ed2de3c8a099b1eb1bda350918dc8967fc926b8015ed13864009fb325913224,c2398f3684a4b6724f8b26bb8941f916b21428371d4355d109f260c9f36e7727,
anneal-3730-lean-protocol-import-deletion-v4-30-0-rc2,I129,54d3b2cbb5003c200a04b0936af27fc8c62072847c4405bf7cdb986544990b7b,8fcf491b22c8a3ecbcf0bbe748409b21abde6c1b8e60d56073e4c0743e931957,
anneal-3730-lean-protocol-races-v4-30-0-rc2,I129;I134,a62580cbc900f4b76e587062ffb209720bdb5bcae4a2d5af12930df7635cdd7d,da42d82b5c305fc939ffb571ac3b7266fdee93269e995028638b380533cdc87e,
anneal-3730-lean-server-resource-drift-soak-2026-09-29,I116;I122,8dd9fc4f63edfc86c460c355b7d70f1539e88d2cbeec6160b0d84b758baeb3c7,792baed4223c792008f1ff13a0a76f593b78c43d1962b156d118e9b2e8540a22,3c0dc6bfc4488eecf6dda0fefb42e66083b5e7d67e002fd7f3ab8fc37490fffa
anneal-3730-lean-server-soak-context-rpc-2026-09-29,I113;I114;I115;I116;I117;I118;I119;I139;I153;I154,df16ba9296c1d30e2cac0ba03af23a26a2924c643331e6ce500e82df28894c63,d660f81e4c05051b6928c8da7c6c9205ffa22ed3b292a1d52b6f905e01f148d4,be554c194b64020791c1817b6a8d947a3abbea3b6de18bffccb65227d99cc844
anneal-3730-lean-three-document-edit-storm-2026-09-29,I111;I112,382db3673c8765a28093cb82da893d1e2d146d6576ecdff1444bdb23b295ac28,c2a59a8fec32b4bed4252a078899ba811639e8f3601a82a59a0200b43a109dca,af4a674bf42749ae2e0572d4b1a679b14194bd5053d0b9eb001d055ce0d05803
anneal-3730-lean-transitive-import-rpc-matrix-2026-09-29,I147,0bff5986f511faf4fec14941f14f92957082e96f935c08dae93228aabd8a485f,c6f50de7ae9015c532f5a9e5380e0d5130b4eb3e54d3989047aa9d32fac88c59,6939b8470ff994c69b729c21aa8f96aa26bc582eaab60c5651143a12e91e5f66
anneal-3730-live-lean-artifact-unlink-2026-09-29,I121,e39588ce4fdf69e4b6d2df2bbc1b41f02860eb78d860a77f6bcf07ec7c4d116c,a2c390ff030bb45037c44b5fe151379bb1fd993481f17cb55d58dc1658874021,778ec8c06743f7c067ddc8a50b6a540cfc2e690b09cbc8d04f154f8d39502813
anneal-3730-m06-generated-lake-source-order-trace-2026-09-29,I142,ec5e5f1888f243888996767c0711432a06278c34a26726cc2902d23d5398a49f,5546e9fdfbcc8b9e56f5fd0ca417140495f5064cf9be7205f54c3399d9246fd0,c9e299d4d03bbf2607937a1caed0704e03e444d5861197264a1d4ad96c7dd669
anneal-3730-multiclient-editor-contract-2026-09-29,I152;I155;I156;I157,7bfc17cc32ba61c02eb6c964dbe7f5da025de86e54afc889460a32b57a4ba2d0,81ec330f0fa7e7cf91f6fa43dda2a0cb382bb19960058792956b09998eafee71,
anneal-3730-nested-parallelism-budget-2026-09-29,I115,8dd9813b20282cc5ef010bacc621ea91d04f1ead851af1e3dee6d7d3c73dae1a,8e38ba364fe494845062babbeb24e7796d805705a7ec8103a619d11bc8e667fd,09fe79f861476951c6ec6099e84598fff80a2d9696b985ff9cb9cc490ee8d773
anneal-3730-os-lock-fd-recovery-controls-2026-09-29,I108;I109,343045bc010d2f48a440f6e51479e8b437235a7e796c69014f2c16017218604b,1a5fe4d1940a78b5016a85199095a6c74f46624f6a404463a53223fccfaf59b3,b392f52f6ff511a75a254adb3652e982c325f682aa13dc34337d5019d4bead7a
anneal-3730-partial-elaboration-queries-v4-30-0-rc2,I129,6a50fb62a855b2f65caa776c44cd5b19baa7b14e08564e1ae74a3b1cd8d2772f,468f69b56d11175d4070303b30c478b8c5c016d4239522a83eefb2661a28f21a,
anneal-3730-per-worker-copied-byte-inventory-2026-09-29,I113;I114,f207f037ab7cb5b82d64fcafb5dff194d50a545b81426c60ba1c3f0b0f66e3c0,52bf5e5f5d53adfe044fd94644387079bf4f21079000773dcd19f2dee55adf24,7a0458076fe43c26ceda12682341a612d138b1eaf78f2dbef11e9c553da19bfb
anneal-3730-pinned-cross-layer-navigation-boundary-2026-09-29,I149,ae0effa2c81ad9629bf32c808f60ab30034a41e3f9d4edd61dd927f446d36fb9,bc74e75c3e8ef7141365b4d9e65fc6222f2a61712af920215998093d5c6323e0,5a7e94917c1185850247e90e3810c3731ea96632b7135a3af50fdac557d3a9f4
anneal-3730-platform-filesystem-boundary-2026-09-29,I124,8e2ebeae92853f461f3e08fd6deef6593b46830488d44c629721ec629ae19f23,0d649a7d8134b1a12653f391803f3577a80d32401a180dfda6f2d263f391a044,
anneal-3730-plugin-reversal-worker-order-2026-09-29,I125;I154,c137739e144ad3518112a75eb69b44d72989eea79934535aaad1a515bf6c0f67,49b6453e416bd5778e1c4a65e400e45e25998dd3b359bf844db7749820468690,8784bfa61a0ffb2d1cff118b0efd1a7f84adf4043485d663cc3ff4585fca89d4
anneal-3730-pruned-lake-interactive-extension-v4-30-0-rc2,I120;I150,9cccbd3e435dd591b8c79f44411c16002f63ea488c05459afce5a96458a59cd2,c40126a196edbd33b52d4ae435029f63e965931af1ffa46d855ff0a62d5a6d37,e6af691af002348b794d29f6479d84fd0d982519937a5fc0c425a559ea42a696
anneal-3730-real-lean-filesystem-lifetimes-2026-09-29,I123;I124,05ac972e20bb9822a0f298e9bb82238e0dbad2d65e02484f37f15d129e8ef36b,a3b9ec6525a515c62d9cb5de35c63bd0a9353fbc8b92ec643c97a5d83e5d89c2,
anneal-3730-resource-economics-2026-09-29,I113;I114;I115;I116;I117;I118;I119;I139;I146;I153;I154,68ef124930909d43b5d347ae1e0b60c2a340bd414227156c4aba2fa7bfc7ee41,1e7a1f3dedea2ae2bb5473e99c73b22bcdba735344dbdbfef5763f81e579945b,
anneal-3730-resource-soak-contamination-2026-09-29,I113;I114;I116;I117;I118;I139;I153;I154,886c145b6bcd7bb6d1229b424920ce74be4b884e51dd1b79867eb29ad863fc10,6f815152107d3c9f2d47da4d4f0067b63d443e140e5797767148434ccd2c1de1,8b2a42de9ef71ccb32ca3526740f30c8c25d7011d409ba4f5a10dd006c2f3f6b
anneal-3730-retained-full-chain-byte-timing-inventory-2026-09-29,I113;I118,7c93e44a03fc73a476f1c2f85c2f5f601341872e527af42ae65927e43af468d5,cdfc954f193c80bc6edcc0f18aaca8ac50170f836307710e5c3e9dea4bf9fbf8,f1d1c804d51a1c6122f85ead23bda7095541190740afdaa6999854d2ca90aa99
anneal-3730-retention-economics-v4-30-0-rc2,I113;I116;I121;I122;I146,b67d38b89614dd643d840e4b65c500bc8fa8e21f995a2e04ba1301fde01a9f54,1df50cf05af91eaca66e05ae4eaf92cc2705e243c966bc831ab5e1fb1697b402,
anneal-3730-rust-charon-aeneas-lean-golden-vertical-2026-09-29,I126;I127;I129;I130;I131;I132;I135;I136;I158;I159,0c5dd932959d7babd3ce7c5f006d5ccf5451929992462f79f2236003e1cfb926,005c119503bb66d849a3979190e850257f6da168135161d0fcc3062c657a3df7,
anneal-3730-scratch-pool-scaling-2026-09-29,I114;I116;I153,46d05cf816991e1b7b956b2a22cb8b108be900b9b75bb3b1eff5be83e34216b4,115f22018300b3cf9430ae348eac1982531f2915fc8af92f95e3579a520e1a59,d5c814842d8e462cb33681905d2794857207a4ce867100546b176496507e3320
anneal-3730-scratch-tactic-concurrency-crash-2026-09-29,I110;I121;I134,480cd37f8e2e2863c3c6110b7f9d3d4017f38f6ac6f49c6a2a622c63b0454995,9a77566f295b77ffc4286f62844389cebad39ccddb2abc26e8709afa74a5b530,
anneal-3730-server-topology-v4-30-0-rc2,I153,69dc3ae07431936ac3c02a0db9d805cba7bda1f38d7f7dee23121728a530a564,a86fc17bce56adbbc13f341a1482735d404335cd5407a4eacac6d20d4cdb9866,
anneal-3730-shared-cargo-consumer-ownership-2026-09-29,I107,21dab7ce5f3cc0a38e7525ba5200bca3a55c2cad70765acb7f6640e102753851,8300c2181592b38edc3f4565f696e11c9847b99e15403635236cf651e3f3bb86,373bb28a4f533edea29428e345b286fa00df9e9f11f1c6019dcd032b872e9a17
anneal-3730-snapshot-capture-jobs-2026-09-29,I145;I157,1822e364cf154734907230cb07f53cf9d7ee7b384d88a985d9771470c12a8ee0,9fb25bed97bc5c1fae516fb8f271fa0a2a5ed48937305eb792f6b27f46598b1e,
anneal-3730-trust-evidence-boundary-2026-09-29,I126;I127;I128,4a33445ba0de5136cf3feea642defe25e3e08d2cf234210e5ab0faa8486acb40,c06e9f9913495ff481b3377aac82a6766e88e7b3a53797bae40fcbe23b439321,
anneal-3730-vertical-acceptance-v4-30-0-rc2,I129;I131;I132;I137;I138;I140;I144;I157;I159,8ec34505ae7c3bad9f9840788a6d17ddf60293e2b5060f54e033336833acf409,b29422b70877ffe3473df4e7ad973ce1fe588d7c00f9ab5e9a3a9ed5d41dd6a9,
anneal-3731-embedded-proof-generated-model-vertical-v4-30-0-rc2,I129;I131;I132;I134;I135;I137;I138;I145;I147;I149,469f9820f25127577148f614a54821a0c247c036881278aa85f831f2193b9cf6,d1058e9cfdcd4f733ccd938da14c8e2b8ec2831bd707eb220f8dce83ee20729c,d446e184fa814189b00fe9785fef53e9f0fee463183c4d9949c47e0a67019722
anneal-3731-reader-owned-generation-lease-v4-30-0-rc2,I121;I122,f82efa54a044ef7deff62b95bdb47c367ac8b21a39cdd5e18c786a1c5e15bdc8,a610efc4ccf65defa043503455d0c031f84650bdb917b9f1866a414c3e224702,498686c9e33a3b063e41425f3230f77903cb7c95f1603c1dbc6e4009d475a12f
anneal-3731-real-generation-gc-lease-v4-30-0-rc2,I121,efcf5c3b43015e50db105d89ec4137515b7e5409ba79529d48826f1b45372209,2324fc9af97684fec9eff4e3dd82e8c769cc92f4393139f541fc1d1b949b901e,2d48b6a69a71c8937b7230e213b4d3a42d9704a60385468d9e7a6b34dea0c99e
anneal-3731-real-generation-publication-v4-30-0-rc2,I121;I131;I132;I134;I135;I145;I147;I149;I151,c99fdcf0ee509cd868039070f264cce3f97629ead090b73ccbfc320ff5b36097,7d205c595f026b8ba10d1be3ba9f349eabeb93ffa57389b16afca56489eaffae,b9fc1a6bb8a06c3db299df3a00193efeeb122c447a8531b91df5050beb43b0bc
anneal-interactive-pipeline-invalidation-graph-main-41f5b37,I145;I159,8e89118498fb3ec2d63e537adc347fbb7d0e198d5d6b56a084fc6e649d562161,e2c2c6137991217bf8accf03cca7cd5d1754bdbb6fa670a39986fbe4a6553f18,
anneal-v1-contract-mutation-adequacy-2026-09-28,I129;I130;I131;I132;I133;I134;I135;I136,83567fd75f750c12681419ac72e2eb2121ea5047a3358b588690fe4cc21afbe8,d8494099c8eb8cef87da0039c3c9ff90dde3bc8cbd3fea9a0b149378ce29c776,
anneal-v1-end-to-end-pipeline-41f5b37,I137;I138;I139;I140;I141;I142;I143;I144;I157,77ffeb63fe0a20230a1896cca1f86b2b9294f920c5a3fbfa02f5a306f469e3ac,e6cbbd2331e0b8af03872fb37d1600397680b3e76ed84c65f4b1301118d36cb3,
anneal-v1-integration-test-disk-amplification-f98458e,I107;I108;I109;I110;I111;I112;I113;I114;I115;I116;I117;I118;I119;I120;I146;I154,0d7e1302bac8a88aca7b7ddce86a3d968b34dda9f5bd463930bf4fb7da84ae2b,2e2437fcca15304549bcff13730dea641736fd6fe37ef359e2847435a53c0b6d,
anneal-v1-interactive-dependency-invalidation-2026-09-28,I145;I147,fefafe0043a3a6beb2426587112e54830c9983b8dbb8175aa22c4b81f530999a,462c13e05e7b31f940bdc9d1e8eaaecede586f40963e968f56a832fcbeb7f4b7,
anneal-v2-current-source-surface-main-bd0956b-2026-09-29,I107;I108;I123;I129;I130;I137;I138;I145;I149;I150;I157;I159,8277543f99c36f099158038dbee22f1300d47e5cb067e2163625376106edc6f2,ebe8d135aafcd0a193bb826cb343e37bd0d43f5940d3ae6d84a19da46a4f824a,
cargo-rust-charon-anneal-coverage-matrix-2026-09-28,I154,c0e5052c8fefc2ecc6be309d4abc463a201c2cc67c8769aef85be1c714a27002,a2e0a49e9cebb2c1cc66a111addff6a5f50aef3895c088aa5d55e5d302d9c5e6,
charon-item-identity-spans-comments-nightly-2026-06-03,I149,f148701d98c369049798c6f0013d75c9e76ce22bc0dc2b486c98f65cff271f3c,c881117dec432f85835d3f40646fbfe92a2b3a7cede4676b77029e598b72b71b,
charon-performance-and-revision-probes-2026-09-28,I113;I114;I115;I116;I117;I118;I119;I120;I148,24574c015feda522ae22fe87b03f8d4028011b355d2279e3d62d6386913cc883,2cc667dfa2d5d64b1359374c56fe6001058388642ff9f706d1b542e9e97350e8,
charon-release-upgrade-checklist-0-1-210,I158,8bbaec091ead68c4f4e13105e6afa2cfcb916f47c13492f745125008b648b52d,0b90d084d4e135b5e77795b5cb78c17925603b3c18a65013b73323f0d0ab30c3,
charon-toolchain-contract-0-1-210,I156,af3debe3760ad23c200fa31e674e04dd8ec75d913459df2794b7460a7c09de86,2e1dd22606c870459bdbe5100158eaa8987b0abe38e805c9a1cb8c7607c3e606,
lake-artifact-cache-architecture-v4-30-0-rc2,I150,2077d62f7dc7f6c36ecfadcc3c37fff30895b9addbb321db191e4c1db26d3cd7,97335a59acb1dd356fe44b7c16f754eded0b0a345acab00334d0684697b47642,
lake-artifact-cache-key-semantics-v4-30-0-rc2,I147,0d99023d45176bb2a7a069aa84a9595642802b33250fa67b48f7758b82c5d965,2451e6d9c6bccd8717f7d4e91d2fb5e2f8457ad81c2be9e9c75cbff815767de5,
lake-artifact-cache-publication-restoration-v4-30-0-rc2,I107;I108;I109;I110;I111;I112;I151;I159,eb4eda18f10186bfeb346ec2f0fe546460bea3e4a7e5d91c31cb2cf764d7d870,415393453425aa8cb97a5667a72bd9cb418863fb38d9c2690c64dbcb9d650a3c,
lake-behavior-upgrade-checklist-v4-30-0-rc2,I156;I158,6289b86061260905e94bc966f74a080b4c6dda0b4c92fcf070f62e5cc501a244,ac149f67d4460e96e3f841d77f3b9f28245b7323792c5577954314971472fce1,
lake-cache-concurrency-execution-probe-v4-30-0-rc2,I151,67578bf617007f0a76368514bba5b4711f884267c4297ea3f10832ae402326f0,14d92779c542514b163c3e08321afdc84ff8ffde643702200d1d116713d4187e,
lake-olean-invalidation-v4-30-0-rc2,I147,058707d092a64bdce2ee34b195ab31d8a889220791c6797797d9c72cb829d397,973e9117e5987843f8aaabfb6c7b0d30994ef825c80122c1f34680fc5bb48b11,
lake-readonly-relocation-offline-concurrency-v4-30-0-rc2,I121;I122;I123;I124;I125;I126;I127;I128;I150,51c661651406f0113a6689190d17aedda611db6f8102d1b9af05bb73ba1c12ae,af4945b6213f74a681b4e4e5149eab22c5fee9b4bc09e701bf4f2d15a0756824,
lake-server-preparation-v4-30-0-rc2,I150,b836ee067c25c982d89024d6539698ba4ec02f89f4d425c58547acb0618c489a,e4298e1d88d2d2c9b1bca17479890f09ef8c40d43b997e6ea1a4a67adc7791b8,
lake-workspace-package-mutable-state-v4-30-0-rc2,I151,eb5125c9bae5db97fbf97abeea1f2589b2bc7d225e92e0cbb33659fd3ed36f58,a1e84f5628ee30bdcd1933e1cb950368420b1f7913eb7c62d9a0bb9a9092c35a,
lean-batch-diagnostic-normalization-oracle-v4-30-0-rc2,I129;I130;I131;I132;I133;I134;I135;I136;I159,ebc75fa732c3c385f3167791ae66986550093423701c98020d8d96b7c3842b22,c096c4fa140e8eb068d76fd971759292ae1f099638d79e7059d629800de6b244,
lean-generated-file-interactive-workflows-v4-30-0-rc2,I146;I155,2a9cf00d94aabab6bc203d05bbd5ce0f3820323f36ea4d915dff8c71203e63c5,07b82665f4cb2b7361eccb275b4039f6b51cfbf9f16358bc67dc2271b86c64ce,
lean-lake-cross-platform-artifact-portability-v4-30-0-rc2,I121;I122;I123;I124;I125;I126;I127;I128,cc413619b92ba20b0ed17d2c2f041b503362936ab557c53004279c7eb5dd4fc0,3774ee95b6e84484a5d4c7204beaaf26582aa300a6c91a8d937106a497323150,
lean-lsp-old-version-wait-race-v4-30-0-rc2,I159,937ac615b9242772da83901279ba93089f8c9a95417c720af24e237993b70caf,1971347053772ee391ea5df5257dbc23659b0dd27139b25473961b88e10f8f03,
lean-mcp-implementations-2026-09-27,I152,ea8137d178cf136e832c0ab04a91c3a22f5f7b2203e6c91d57d44d13e995ac2d,dff98db27d87de25e6847ca53e437b72eb346e533e7cb80bc89865923c967545,
lean-server-concurrency-experiment-v4-30-0-rc2,I153,075ed4546d91053da2a6db2dc2fa8273e7ff266e7ee038149ed0a1849f04c8f7,75cb982abf5eb6cea5375d9945840936c5ca1684e9e9e92d90a05e14d607d265,
lean-server-memory-and-protocol-concurrency-v4-30-0-rc2,I107;I108;I109;I110;I111;I112;I113;I114;I115;I116;I117;I118;I119;I120;I146;I153,bab0cdde7bff77a87e6849ac1fb7b3cd7f6595118ea23be0c936cc92c9ed0d8c,0ddda2f6e3cca0fc898c661c9b0449c01064d9eb9cda39eefbfb7b3eed0807b9,
lean-server-multi-workspace-isolation-v4-30-0-rc2,I121;I122;I123;I124;I125;I126;I127;I128;I153,ab4fdd29c8b765d85c96ce53178c2e9cd5603815d2bd10a9be84f082b0b54a0c,c65ed81db1fadca2c457873b0b2384bc2898886e13968eeb30843fa6d2853f0b,
lean-server-tactic-state-v4-30-0-rc2,I145;I155;I158,c0497bb1a4ddace18d41c60dd3c875db2fbf1f0bbd1c1c8a36d1bd85261c3680,173b5563cc2cf19b76ce7f193d1fc30c978e9b457a72596c09be3e8844709f2b,
lsp-proof-assistant-architecture-2026-09-27,I137;I138;I139;I140;I141;I142;I143;I144;I155;I157,336b92f85e2e1536f16d6118e92a8bce04ba387f073ff00bd07365c872aca066,d20cfc2ac341a0aa7d939fff2e06f7a7aec0f694524702d12aea9095c3267eb9,
mcp-proof-assistant-architecture-2026-07-28,I152;I153,4bbd9beab3ac4c41a60ab81540597b7c72407abf521654132c5ea7f9d10a6e55,658bfb9ec278911dd33dfc58ae923c5ec78b4a7bb920040148d07b2b0ecf1ece,
rust-source-span-provenance-nightly-2026-05-31,I149,6a0f2c3e75aa27d40393241db76b6db4cbf6f46044ad4b0b1346643f7322c222,975861126f619db353c5b58c899506b03391d3df94a69b2f142f28801ed86f1a,
