id,title,exact_requested_scope,review_status,review_gate_categories,review_remaining_delta,next_prerequisite,new_cached_local_cell,v22_status_changed
I107,Single-flight builds with several consumers,"Let multiple proofs request the same dependency generation, then cancel or fail individual consumers. Compare shared in-flight jobs with redundant isolated builds. Test ownership, reference counts, retries, and fan-out of failure so one requester neither corrupts nor indefinitely blocks others.",partial,product,R47 already ran the actual two-owner Cargo process with cancellation/retry; durable Anneal single-flight ownership and cache fan-out require the service.,"Implemented Anneal V2 pipeline, archive or service with the item's stated integration contract.",No distinct cached-only cell identified beyond cited component evidence and stated prerequisite.,false
I108,Lock ordering and publication deadlocks,"Combine environment preparation, generation publication, cache insertion, worker restart, and garbage collection. Inject pauses after lock acquisition and crashes while waiting. Identify ordering cycles and unbounded waits; compare coarse locks with a simpler ownership model before adding fine-grained coordination.",partial,product,"A two-lock OS cycle, ordered control and SIGKILL recovery are new in anneal-3730-os-lock-fd-recovery-controls-2026-09-29; Anneal prepare/cache/publish/restart/GC lock graph is unavailable.","Implemented Anneal V2 pipeline, archive or service with the item's stated integration contract.",No distinct cached-only cell identified beyond cited component evidence and stated prerequisite.,false
I109,Timeouts and resource exhaustion,"Use bounded fixtures that exhaust time, memory, disk, file descriptors, or process slots. Distinguish proof failure from incomplete checking and infrastructure failure. Verify cleanup and recovery while preserving the previous usable generation; do not let empty diagnostics after termination imply success.",partial,product,"Child-only RLIMIT_NOFILE=32 produced actual EMFILE before synthetic pointer replacement, with last-good/retry check; Anneal exhaustion handling and memory/disk/process cases remain.","Implemented Anneal V2 pipeline, archive or service with the item's stated integration contract.",No distinct cached-only cell identified beyond cited component evidence and stated prerequisite.,false
I110,Restart reconstruction under forced failures,"Kill the worker, watchdog, Anneal process, and build subprocess separately at recorded states. Reconstruct from authoritative inputs without inherited memory. Compare results to fresh checks and distinguish a restartable partial workspace from a generation whose publication never completed.",partial,product,R38 already killed/restarted one direct Lean peer and reconstructed a saved proof; authoritative Anneal imported generations and durable outputs need its restart owner.,"Implemented Anneal V2 pipeline, archive or service with the item's stated integration contract.",No distinct cached-only cell identified beyond cited component evidence and stated prerequisite.,false
I111,Interactive fairness and edit storms,"Combine expensive batch checks with rapid proof edits, many agents, and a slow document. Compare debouncing, prioritization, bounded queues, and cancellation strategies. Measure tail latency, useful completed work, and starvation; latest-only correctness must not make the interface permanently unresponsive.",partial,product,One direct Lean server held a slow document while another received an edit burst and fresh batch ran; final wait/goal tail was measured under a hard RSS cap. Actual Anneal multi-agent fairness and realistic slow imports remain.,"Implemented Anneal V2 pipeline, archive or service with the item's stated integration contract.",No distinct cached-only cell identified beyond cited component evidence and stated prerequisite.,false
I112,Lost filesystem and transport events,"Drop, duplicate, and reorder watcher notifications and disconnect transports while work proceeds. Compare event-only invalidation with explicit state reconciliation. Determine how the system detects missed changes and restores freshness without requiring every watcher or client connection to deliver events exactly once.",partial,product,A direct Lean LSP sequence sent skipped/duplicate/late version numbers and reached final v5 state; it does not reveal each intermediate handling or test dropped watcher/MCP delivery/reconnect.,"Implemented Anneal V2 pipeline, archive or service with the item's stated integration contract.",No distinct cached-only cell identified beyond cited component evidence and stated prerequisite.,false
I113,Per-consumer disk bill of materials,"Attribute logical bytes, allocated blocks, inode counts, bytes written, and peak temporary space to Rust products, LLBC, generated Lean, local `.lake` state, dependencies, caches, and logs. Include writes outside the workspace. Identify every term that scales with workers rather than shared inputs.",partial,product,"Read-only inventory of the retained R48 full chain now accounts for 54 worker-local files, one symlink and allocated blocks; transient/outside writes and exclusive shared bytes remain unmeasured.","Implemented Anneal V2 pipeline, archive or service with the item's stated integration contract.",No distinct cached-only cell identified beyond cited component evidence and stated prerequisite.,false
I114,Safe concurrency scaling sweep,"Increase independent consumers and active proof documents under explicit host limits, with cold and warm environments. Measure correctness, throughput, tail latency, CPU, memory, and disk before further increases. Test the intended high-worker workload without assuming that two successful consumers extrapolate or deliberately exhausting an uncontrolled host.",partial,product;resource,R35 already admitted 1/2/4/8 tiny direct Lean workers; representative import and Anneal safe shared mutation need larger memory and service scheduling.,"Implemented Anneal V2 pipeline, archive or service with the item's stated integration contract. Guarded representative workload and sufficient measured RAM/disk/headroom; this host has 8 GiB physical RAM.",No distinct cached-only cell identified beyond cited component evidence and stated prerequisite.,false
I115,Nested parallelism actually enforced,"Sweep outer job count and supported inner controls for Cargo/rustc, Aeneas, Lake, and Lean. Observe real threads/processes and peak resource use. Determine where one global budget can be enforced and where independently reasonable defaults cause oversubscription or misleading benchmarks.",partial,product;resource,R48 ran one full Lake/server chain but rejected two-worker admission at the safe memory cap; actual nested Anneal budget is absent.,"Implemented Anneal V2 pipeline, archive or service with the item's stated integration contract. Guarded representative workload and sufficient measured RAM/disk/headroom; this host has 8 GiB physical RAM.",No distinct cached-only cell identified beyond cited component evidence and stated prerequisite.,false
I116,Sustained edit/query soak,"Run long sessions with proof edits, model changes, opened/closed files, scratch attempts, and worker restarts. Track retained environments, generations, handles, and processes. Distinguish bounded warm caches from monotonic leaks and find the conditions under which recycling workers is useful or necessary.",partial,product;resource,R39 gave 5.6 minutes/63 edits on tiny direct Lean; hours-long realistic import and daemon retention exceed this safe fixture and need Anneal lifecycle.,"Implemented Anneal V2 pipeline, archive or service with the item's stated integration contract. Guarded representative workload and sufficient measured RAM/disk/headroom; this host has 8 GiB physical RAM.",No distinct cached-only cell identified beyond cited component evidence and stated prerequisite.,false
I117,Physical memory versus summed RSS,"Measure platform-appropriate physical/proportional footprint and shared-page behavior alongside per-process RSS. Separate Lean workers, watchdogs, native plugins, and file cache. Establish a resource model suitable for scheduling; summing RSS must not be treated as unique physical memory consumption.",partial,platform;resource,Sequential macOS phys_footprint and summed RSS already retained; unique process-tree physical/PSS requires suitable OS accounting or representative Linux Lean workers.,A permitted complete OS-level tracing or independent target filesystem/host surface appropriate to the item. Guarded representative workload and sufficient measured RAM/disk/headroom; this host has 8 GiB physical RAM.,No distinct cached-only cell identified beyond cited component evidence and stated prerequisite.,false
I118,End-to-end latency decomposition,"Measure capture, projection, extraction, translation, import preparation, elaboration, and query response separately. Compare proof-only, Rust-model, import-header, and toolchain changes at several realistic sizes. Identify whether startup, serialization, generation churn, or actual proof work dominates before choosing an optimization.",partial,product,"R48 retained 17.068s direct, 12.045s Lake, 7.256s fresh batch in 54.754s wall; new inventory labels the 18.385s remainder unattributed, not server latency. Real edit/query decomposition remains.","Implemented Anneal V2 pipeline, archive or service with the item's stated integration contract.",No distinct cached-only cell identified beyond cited component evidence and stated prerequisite.,false
I119,Sharing strategies without mutable aliasing,"Compare direct read-only consumption, symlinks, hardlinks, reflinks, and copies on relevant filesystems. Attempt expected consumer writes in owned fixtures and inspect the producer. Measure disk savings and correctness together; copy-on-write appearance or identical paths do not establish isolation.",partial,product,R40 APFS/overlayfs copy/clone/hardlink counters exist; actual prepared-tree consumer writes and immutable sharing policy need Anneal workspace implementation.,"Implemented Anneal V2 pipeline, archive or service with the item's stated integration contract.",No distinct cached-only cell identified beyond cited component evidence and stated prerequisite.,false
I120,Module pruning versus interactive extensibility,"Extend proofs with new imports, tactics, macros, plugins, and scratch documents after preparing a pruned dependency universe. Detect missing closure and compare demand preparation with full installations. Quantify space saved against supported interactions and failure clarity rather than optimizing archive size alone.",partial,product,"The new cached Lake pruning report measures missing optional import/macro/plugin failures, base proof, scratch serve rebuild and bytes; full Anneal archive and extensibility policy remain.","Implemented Anneal V2 pipeline, archive or service with the item's stated integration contract.",No distinct cached-only cell identified beyond cited component evidence and stated prerequisite.,false
I121,Garbage collection with live readers,"Retire generations while workers, pending queries, scratch forks, and replay records still reference them. Test imported memory maps and later file opens, not just open handles. Determine the safe reclamation condition and whether explicit leases, references, or isolated worker lifetimes provide it.",partial,product,"Independent reader-owned cooperative flock leases and a SIGKILL lifetime now protect a later fresh Lean import through a three-defer-then-remove GC sequence. Actual Anneal-owned lease acquisition and GC, pending-query and scratch-fork retention, replay identity, supervisor restart reconciliation, power-loss durability, and cross-platform lock behavior remain untested.","Implemented Anneal V2 pipeline, archive or service with the item's stated integration contract.",No distinct cached-only cell identified beyond cited component evidence and stated prerequisite.,false
I122,Bounded retention across crashes,"Interrupt cleanup and leave orphan workspaces, incomplete stages, expired RPC objects, and cancelled scratch files. Restart repeatedly and measure reclaimed versus retained space. Separate a live consumer from abandoned state without deleting another process's current generation or losing evidence promised to the user.",partial,product,R39 and R38 cover direct Lean orderly restart and peer kill; durable Anneal owner identities/orphan leases and repeated crash reconciliation require the engine.,"Implemented Anneal V2 pipeline, archive or service with the item's stated integration contract.",No distinct cached-only cell identified beyond cited component evidence and stated prerequisite.,false
I123,Filesystem identity and path aliases,"Exercise case-insensitive names, Unicode filenames, symlinks, hardlinks, relative paths, and the same tree reached through different roots. Test module identity, document routing, and cache keys. Preserve distinct intentional workspaces while detecting accidental aliases that bypass ownership or freshness checks.",partial,product,Direct APFS/Lean path and URI histories are already probed; two intentional Anneal workspace/module/cache routing decisions are not implemented.,"Implemented Anneal V2 pipeline, archive or service with the item's stated integration contract.",No distinct cached-only cell identified beyond cited component evidence and stated prerequisite.,false
I124,"Rename, locking, and open-file semantics by platform",Repeat publication and cleanup probes on supported operating systems/filesystems; treat Windows or network filesystems as conditional until in scope. Include open mapped artifacts and antivirus/indexer interference where relevant. Do not generalize one platform's atomic rename or deletion behavior to another.,partial,platform;product,"APFS and cached Ubuntu overlayfs publication/copy observations exist; native ext4/XFS, Windows/network filesystem and actual Anneal worker cleanup are outside current host scope.","A permitted complete OS-level tracing or independent target filesystem/host surface appropriate to the item. Implemented Anneal V2 pipeline, archive or service with the item's stated integration contract.",No distinct cached-only cell identified beyond cited component evidence and stated prerequisite.,false
I125,Native plugin and dynamic-library identity,"Vary library lookup paths, plugin revisions, initialization state, and ABI-compatible-looking replacements. Observe loaded binaries and restart needs. Determine whether read-only `.olean` sharing is sufficient when executable extensions retain process state or access additional runtime files.",partial,product,R22 tested forward v1→v2 plugin replacement; the new v1→v2→v1 same watchdog/fresh restart sentinel adds loaded-order evidence. Search collisions/ABI/product routing remain.,"Implemented Anneal V2 pipeline, archive or service with the item's stated integration contract.",No distinct cached-only cell identified beyond cited component evidence and stated prerequisite.,false
I126,Workspace trust and code execution boundary,"Inventory execution by build scripts, proc macros, Lake configuration, Lean commands/tactics, and native extensions. Test local containment and resource limits with benign controlled fixtures. Determine what inspection requires execution and what user authorization is needed before opening an untrusted project.",partial,product,"The retained trust-boundary fixture already distinguishes source hashing/Cargo metadata from execution: Cargo build scripts and proc macros, and Lean run_cmd, wrote owned out-of-workspace markers, spawned a child, and used owned loopback. R44 separately covers selected cross-tool proof/trust controls. Lake configuration, native-extension execution, enforced containment/resource limits, and Anneal trust-entry policy remain.","Implemented Anneal V2 pipeline, archive or service with the item's stated integration contract.",No distinct cached-only cell identified beyond cited component evidence and stated prerequisite.,false
I127,Reproducible evidence without private-source leakage,"Capture diagnostic logs, protocol transcripts, generated files, and replay packages from private test workspaces. Identify source, path, credential, and environment exposure. Compare local full evidence with shareable minimized fixtures, preserving the ability to validate conclusions without publishing user data.",partial,product,Report corpus uses selected tiny synthetic sources and hashes; reproducible private-source sanitization and complete product golden corpus need the real evidence pipeline. A filename scan would not validate leakage controls.,"Implemented Anneal V2 pipeline, archive or service with the item's stated integration contract.",No distinct cached-only cell identified beyond cited component evidence and stated prerequisite.,false
I128,Untrusted source text versus tool authority,"Place synthetic misleading instructions in comments, generated text, diagnostics, and retrieved proof context. Test that agent tooling treats them as data, not authorization to edit another workspace, change trust policy, or execute unrelated actions. Evaluate both interface safeguards and agent interpretation.",partial,human;product,Untrusted text interface safeguards require an implemented agent/editor/tool authority boundary and controlled independent user/agent trials; prior local prototypes are not that interface.,"A frozen interface/protocol and consenting independent participants or operators. Implemented Anneal V2 pipeline, archive or service with the item's stated integration contract.",No distinct cached-only cell identified beyond cited component evidence and stated prerequisite.,false
I129,Goal status versus verification status,"Distinguish no tactic at the cursor, no remaining local goals, incomplete elaboration, admitted declarations, checked obligations, and a covered Rust-level result. Test machine classifications and user/agent interpretation. Include stale model contexts so a locally solved goal cannot imply a current whole-program claim.",partial,human;product,"The prototype labels old-selected guidance stale during failed and pending generations, then distinguishes a newly selected proof and cross-model failures. A complete Anneal machine status lattice across admissions, obligations and covered Rust claims remains; the requested user/agent interpretation also needs controlled evaluation.","Implemented Anneal V2 pipeline, archive or service with the item's stated integration contract.",No distinct cached-only cell identified beyond cited component evidence and stated prerequisite.,false
I130,Claim-relative trust and taint through reuse,"Change axioms, admissions, native evaluation, external models, and development-only options while reusing otherwise identical artifacts. Track the affected theorem and callers. Test that cached success does not drop assumptions or launder a tainted result when displayed through a different adapter.",partial,product,"Pinned Lean caller/import experiment adds axiom, sorry and independent-claim control plus stale compiled artifact reuse; native/external-model/adapter taint remains outside the fixture.","Implemented Anneal V2 pipeline, archive or service with the item's stated integration contract.",No distinct cached-only cell identified beyond cited component evidence and stated prerequisite.,false
I131,A genuinely independent batch oracle,Check exact captured proof bytes and intended imported artifacts in a fresh controlled process. Distinguish re-elaborating local source from importing previously compiled dependencies and from independent kernel rechecking. State which shared dependencies and translators remain trusted so the oracle is not described as stronger than it is.,partial,product,Fresh Lean old/new proof and axiom oracles checked each selected and mixed gate against exact retained imports; independent host/operator and full trust/obligation oracle remain untested.,"Implemented Anneal V2 pipeline, archive or service with the item's stated integration contract.",No distinct cached-only cell identified beyond cited component evidence and stated prerequisite.,false
I132,Semantic and diagnostic comparator calibration,"Define separate comparisons for text, declaration identity, proposition, assumptions, obligations, and diagnostic classes. Insert changes each comparator must detect, including a weaker theorem with the same proof status. Retain raw evidence; normalization must not erase the discrepancy under investigation.",partial,product,"The control labels mixed seven-file inventories explicitly; old proof passed under four mixed states while new proof first passed at exact B, and entry Current.olean remained unchanged. Full semantic/diagnostic comparator matrix remains untested.","Implemented Anneal V2 pipeline, archive or service with the item's stated integration contract.",No distinct cached-only cell identified beyond cited component evidence and stated prerequisite.,false
I133,Fault-injection state-machine harness,"Model the engine with controllable fake stages and enumerate bounded schedules of edits, publications, failures, cancellation, and restarts. Check explicit invariants and save minimal counterexamples. Replay selected schedules against real tools; a passing model alone does not establish implementation conformance.",partial,product,The fake process/state model already has crash schedules and replay; comparing it with an actual Anneal engine is impossible in this checkout.,"Implemented Anneal V2 pipeline, archive or service with the item's stated integration contract.",No distinct cached-only cell identified beyond cited component evidence and stated prerequisite.,false
I134,Real concurrency transcripts with causal barriers,"Use controllable handshakes or instrumentation to place edits and rebuilds inside actual in-flight requests. Preserve ordering evidence and request/worker identities. Separate deterministic sequential demonstrations from genuine races, then repeat and minimize failures rather than relying only on nondeterministic sleeps.",partial,product,"The gated writer paused after every real generated file copy and at validation/move/publish, with reader and fresh Lean results retained; actual Anneal worker/request races, parallel publishers and restart matrix remain untested.","Implemented Anneal V2 pipeline, archive or service with the item's stated integration contract.",No distinct cached-only cell identified beyond cited component evidence and stated prerequisite.,false
I135,Interaction matrix and negative controls,"Cover pairwise combinations of source changes, import changes, cache states, launch modes, and lifecycle events, adding higher-order cases suggested by failures. Seed stale outputs, missing obligations, wrong subjects, and changed assumptions. Verify the harness detects them before trusting green runs.",partial,product,"The new report adds seven per-file in-place gates, staged-selected controls and two kill boundaries with fresh old/new proof outcomes; full source/import/cache/launch/lifecycle higher-order matrix in Anneal remains untested.","Implemented Anneal V2 pipeline, archive or service with the item's stated integration contract.",No distinct cached-only cell identified beyond cited component evidence and stated prerequisite.,false
I136,Independent reproduction and cross-version boundaries,"Reproduce the highest-consequence findings with an independent environment/operator and exact pins, then compare deliberately selected compatible toolchain upgrades. Classify fixes, regressions, unsupported tuples, and untested cells separately. Preserve old findings about old subjects rather than marking them obsolete because a new version differs.",partial,external,Independent-machine reproduction and an upgraded compatible cross-tool tuple cannot be supplied by another same-host temp copy; two cached pairs already tested locally.,"An independent host, later compatible release or remote environment as the item requires.",No distinct cached-only cell identified beyond cited component evidence and stated prerequisite.,false
I137,Minimal embedded-proof vertical slice,"Build one disposable prototype that opens an unsaved Lean annotation, projects it, queries goals, applies a version-checked edit, and checks the captured result in batch. Use a prepared generated model and retain all context identities. This tests the scaffolding seam without requiring interactive Charon or Aeneas.",complete,,"No remaining delta for the explicitly requested disposable embedded-proof prototype. Product Anneal annotation parsing, editor authority, MCP delivery and batch/live engine equivalence remain outside this narrow item.",None for the requested disposable prototype; broader product work is tracked by other open items.,No distinct cached-only cell identified beyond cited component evidence and stated prerequisite.,false
I138,Full model-change vertical slice,"Extend the prototype with a Rust edit that changes the generated model, including a failing intermediate generation and a late obsolete result. Query before/during/after publication and compare fresh checks. Require explicit old/new/provisional states and no accidental mixture of source or imports.",complete,,"No remaining delta for the explicitly requested disposable model-change prototype. Product scheduler, crash durability, multiple publishers and cancellation remain outside this narrow item.",None for the requested disposable prototype; broader product work is tracked by other open items.,No distinct cached-only cell identified beyond cited component evidence and stated prerequisite.,false
I139,Real parallel-test acceptance scenario,"Run isolated generated projects against the actual shared read-only toolchain, with model edits, scratch trials, forced restarts, and cleanup. Combine the disk inventory and concurrency sweep. Define acceptable bounds from measurements and host budgets, not a promise of zero overhead or a fixed universal worker count.",partial,product;resource,R38 isolated four direct Lean workers and denied eight by admission; actual parallel generated-project acceptance needs Anneal plus representative imports under a measured budget.,"Implemented Anneal V2 pipeline, archive or service with the item's stated integration contract. Guarded representative workload and sufficient measured RAM/disk/headroom; this host has 8 GiB physical RAM.",No distinct cached-only cell identified beyond cited component evidence and stated prerequisite.,false
I140,Agent proof-edit correctness and maintenance,"Give controlled authoring and repair tasks with known contracts and allowed assumptions. Compare exact goal/context access with simpler batch feedback under matched budgets. Score intended-statement preservation, stale-query errors, conflicts, intervention, and resource use—not just accepted Lean or tool-call count.",partial,product,Prior V1 concat_slices agent trial and protocol controls exist; matched counterbalanced tasks over the intended V2 agent interface require its implementation and controlled evaluation.,"Implemented Anneal V2 pipeline, archive or service with the item's stated integration contract.",No distinct cached-only cell identified beyond cited component evidence and stated prerequisite.,false
I141,Human understanding of freshness and failure,"Evaluate presentation of stale models, pending imports, cancelled work, unsupported translation, approximate locations, and expired goal handles. Test whether readers choose the intended subject and a sound repair. Improve the interface without weakening result semantics or forcing ordinary Rust users into generated Lean internals.",conditional,human;product,"The validated scenario/assignment protocol has no frozen Anneal UI, consented participants or responses; this cannot be replaced with synthetic participants.",Freeze the Anneal V2 interface and recruit consenting independent participants under the retained protocol.,No distinct cached-only cell identified beyond cited component evidence and stated prerequisite.,false
I142,Measured adoption gates for optional optimizations,"Use prior results to compare subprocess reuse, finer-grained invalidation, incremental projection, shared brokers, and historical snapshot retention with their simpler baselines. Record benefits, added invariants, and failure cases. Reject or defer optimizations whose complexity is not justified by measured workloads.",partial,product,M06 gives small real Lake replay; matched workload economics and a chosen optional optimization/workaround decision need the actual V2 workflow and representative jobs.,"Implemented Anneal V2 pipeline, archive or service with the item's stated integration contract.",No distinct cached-only cell identified beyond cited component evidence and stated prerequisite.,false
I143,"Remote and durable execution, only if needed","Test a small versioned proof job across an isolated remote/local boundary, including retries, authentication, cancellation, artifact identity, and result validation. Determine which local contracts already suffice. Do not introduce distributed orchestration or persistent sessions unless an actual workflow justifies them.",conditional,decision;external,"Remote durability is conditional on a measured local need; no remote service, deployment or user authorization is implied by current component evidence.","First measure a local durability or capacity need; if justified, select and authorize a specific remote environment and policy.",No distinct cached-only cell identified beyond cited component evidence and stated prerequisite.,false
I144,Decision and regression synthesis,"For each tested hypothesis, record supporting evidence, counterexamples, untested stronger claims, chosen fallback, and the smallest regression probe. Identify the v2 interfaces that must change now versus later options. Keep factual reports in `reference` and adopted design in its proper authority; this synthesis must not silently adopt every prototype.",partial,decision;product,Existing decision ledgers specify candidate invariants; adopting a final V2 design/regressions depends on remaining integrated service/workload evidence and owner choice.,"A selected architecture/workaround policy and acceptance threshold. Implemented Anneal V2 pipeline, archive or service with the item's stated integration contract.",No distinct cached-only cell identified beyond cited component evidence and stated prerequisite.,false
I145,Minimum cross-layer identity by ablation,"Prototype an identity tuple containing Cargo subject, exact source snapshot, Charon tool/configuration, LLBC digest, Aeneas tool/configuration, generated-tree digest, prepared Lake environment, import traces/hashes, projected URI/version/hash, server generation, file-worker incarnation, and RPC-session incarnation. Remove one dimension at a time and seek a counterexample. Keep locators constant while changing payloads at every stage; compare A→B→A, byte-identical output from different upstream histories, semantically equivalent but byte-different output, and unchanged proof text with changed imports. Distinguish monotonic causality from reusable content identity. Test a thin-adapter response envelope carrying workspace/generation, source/projected positions, current/stale status, actual environment, goal/diagnostic payload, and separately optional verification status.",partial,product,The report uses a complete seven-file source/artifact manifest and distinct A/B IDs; entry OLean alone stayed byte-identical while Funs changed. Full Cargo→Charon→Aeneas→Lake→Lean→MCP identity ablation and product freshness policy remain untested.,"Implemented Anneal V2 pipeline, archive or service with the item's stated integration contract.",No distinct cached-only cell identified beyond cited component evidence and stated prerequisite.,false
I146,Retention versus recomputation economics,"Compare retaining source only; source plus projection; generated Lean; workspace-local Lake state; compiled generated modules; and live workers. Sweep 1/2/4/8/16 retained generations within host budgets. Measure disk, memory, reconstruction latency, and correctness of historical goals against old imports. Compare retained worker, reconstructed projection, fresh worker over retained artifacts, and refusal. Determine when a revision handle should expire rather than implying durable historical-query support.",partial,product,"A bounded 1/2/4 tier sweep of four retained Aeneas-generated generations measures source/artifact bytes, historical goals, one reconstruction, restarts and sampled RSS. Real Anneal workloads and 8/16 concurrent retention economics remain.","Implemented Anneal V2 pipeline, archive or service with the item's stated integration contract.",No distinct cached-only cell identified beyond cited component evidence and stated prerequisite.,false
I147,Source/artifact changes decoupled from each other,"Replace an imported `.olean` while leaving source unchanged, varying relevant timestamps; separately change source but obtain byte-identical rebuilt semantic artifacts. Include changed external models with unchanged Aeneas output. Query existing and refreshed workers and compare fresh batch controls. Determine when artifact identity forces reload, when restart is merely conservative, and which additional options/native/setup identities prevent byte equality from establishing an equivalent environment.",partial,product,"The cited three-launch-mode matrix already changed a valid OLean while source stayed fixed; E10 already changed an external Lean model while Aeneas output stayed byte-identical. This review adds a direct same-nanosecond-mtime OLean replacement with old/new/reopened/fresh consumers and a comment-only source change whose rebuilt OLean is byte-identical. Broader timestamp schedules, semantic-equivalent noncomment changes, options/native/setup identities, and Anneal freshness policy remain.","Implemented Anneal V2 pipeline, archive or service with the item's stated integration contract.",Same-mtime valid OLean replacement and byte-identical comment-only rebuild executed in this report; repeat under other launch modes or broader source/options only if a product decision needs it.,false
I148,Translation determinism and harmless textual instability,"Repeat identical Charon extractions and Aeneas generations sequentially and concurrently at Anneal's intended flags, split-file layout, and parallel settings. Preserve raw LLBC and Lean and separately compare justified semantic relationships. Investigate ordering/comment/formatting changes that leave the intended model equivalent but invalidate raw hashes, Lake traces, or Lean command-prefix reuse. Measure downstream cost before normalizing keys; retain source/provenance differences that matter to editing or evidence.",partial,representativeness,"Pinned Charon and Aeneas repeat/concurrent process controls, CLI flag/file-set variants, and paired bundle outputs exist. The current V2 producing flags and representative workload are not established; harmless textual instability's downstream Lake/Lean cost and semantic comparator remain. Arbitrary unselected flags or releases are not an item-completion requirement.",A larger matched corpus or actual product workload with protected resource budget.,No distinct cached-only cell identified beyond cited component evidence and stated prerequisite.,false
I149,Cross-layer declaration and generation manifest,"Prototype one machine-readable handoff manifest with subject/tool/configuration identities, source LLBC digest, complete generated file list, module/import graph, declaration identities, and coarse source provenance. Relate compiler-resolved Rust items through Charon declarations and Aeneas pure declarations to generated Lean declarations and Anneal obligations, including one-to-many helpers. Keep exact editable proof ranges separate. Test navigation, deletion, and invalidation consumers; establish what Anneal must supply at its selected Aeneas pin without assuming newer `translation.json` support.",partial,product,The report retains a machine-readable exact seven-file generation manifest and source/LLBC hashes; compiler-authenticated declaration/range/import/obligation provenance and a full Anneal handoff remain untested.,"Implemented Anneal V2 pipeline, archive or service with the item's stated integration contract.",No distinct cached-only cell identified beyond cited component evidence and stated prerequisite.,false
I150,Prepared-environment contract by operation,"Enumerate required inputs/artifacts/configuration for batch build, `lake env lean --json`, `lake serve`, per-file `setup-file`, InfoView/RPC, and native plugin/dynamic-library use. Classify producer-owned immutable state, consumer-owned mutable state, and any explicitly permitted shared-writable cache. Test the minimum source/control-plane material plus artifact cache as a reconstruction candidate and identify missing classes. Derive the identity under which pooling is valid rather than using a single unqualified “prepared” flag.",partial,product,R21 covered tiny batch/setup/serve/plugin and new I120 probes pruned no-build versus normal serve; actual immutable prepared archive operation matrix and InfoView/RPC inputs need product packaging.,"Implemented Anneal V2 pipeline, archive or service with the item's stated integration contract.",No distinct cached-only cell identified beyond cited component evidence and stated prerequisite.,false
I151,Shared writable build-tree counterexample study,"In owned disposable fixtures, compare consumers sharing one writable package directory or generated-module build directory with isolated consumers over a frozen producer. Run identical and conflicting builds and interrupt writers at controlled publication points. Check cache maps, partial outputs, subsequent reads/retries, and cross-consumer definitions. Seek the strongest valid shared-writer contract or preserve a minimal failure—not a preselected negative result. Keep artifact-cache publication distinct from shared package-directory mutation.",partial,product,"The cited shared-tree report already ran two conflicting Lake processes in one writable package/build tree, with reverse killed-writer schedules, fresh Lean, no-build, and repair checks. Separate same-key artifact-cache pairs and selected generated-tree in-place mixes cover different surfaces. A matched isolated-versus-shared comparison, interruption during shared build-tree artifact/trace writes, a general ownership contract, and Anneal policy remain.","Implemented Anneal V2 pipeline, archive or service with the item's stated integration contract.","A more exact shared-tree artifact/trace write interruption is locally possible with cached Lake, but earlier two-writer runs sampled 3.6 GiB RSS and already establish a bounded conflict/crash cell; no additional run was needed to preserve partial status.",false
I152,MCP subscriptions versus polling,"On explicitly supported protocol revisions, prototype subscriptions/change streams for generation changes, diagnostics, proof readiness, and verification completion; compare polling and explicit state reconciliation. Drop or delay notifications, disconnect clients, and retry result retrieval. Determine whether subscriptions improve responsiveness while polling/reconciliation remains the correctness path, and provide a capability fallback rather than presuming every MCP client supports the same mechanism.",partial,adapter;product,Local event model and MCP wire/Tasks toy bridges already cover drop/reconnect controls; no real Lean MCP adapter and Anneal subscription implementation is installed.,"A real protocol adapter/client rather than a standard-library model. Implemented Anneal V2 pipeline, archive or service with the item's stated integration contract.",No distinct cached-only cell identified beyond cited component evidence and stated prerequisite.,false
I153,"Server, MCP, and scratch-pool topology","For one prepared environment, compare N open proof files under one watchdog with N independent servers. Compare one MCP process serving many sessions, environments, or repositories with per-workspace adapters and an external broker. Sweep 1/2/4/8/... prewarmed scratch documents and compare fresh scratch creation, prefix reuse, teardown, memory, latency, and process ownership. Use conflicting definitions/options/plugins to detect cross-workspace reuse; do not pool independently configured projects merely because document APIs accept their URIs.",partial,product;resource,One full Lake/server chain passed R48 and two-worker cell was refused by 8-GiB host cap; actual editor/MCP scratch topology and representative capacity need service plus more headroom.,"Implemented Anneal V2 pipeline, archive or service with the item's stated integration contract. Guarded representative workload and sufficient measured RAM/disk/headroom; this host has 8 GiB physical RAM.",No distinct cached-only cell identified beyond cited component evidence and stated prerequisite.,false
I154,Fixture sharing and contamination sentinels,"Compare one workspace per test, one per fixture with multiple phases, and one per logical suite. Give each test a unique model definition or option that makes accidental reuse observable; include conflicting plugins where supported. Run phases in different orders and parallel schedules, interrupt selected workers, then rerun subsequent tests. Measure disk/setup savings against required reset/isolation guarantees rather than replacing heavyweight sandboxes with untested shared mutable state.",partial,product,New direct Lean plugin v1→v2→v1 worker-order/restart sentinel adds contamination evidence; real fixture-scoping over imported models and Anneal test runner remains.,"Implemented Anneal V2 pipeline, archive or service with the item's stated integration contract.",No distinct cached-only cell identified beyond cited component evidence and stated prerequisite.,false
I155,Shadow files and hidden Lean-document lifecycle,"If Lean/Lake requires physical paths, distinguish internal file-backed URIs from editor-facing logical documents. Independently of backing choice, open/change/save/rename/close a Rust host and trace hidden document creation, workers, updates, and cleanup. Keep unsaved source authoritative while deliberately stale or missing shadow files exist; crash/restart and reconstruct without treating mirrors as canonical. Test whether custom URIs require shadow paths, and whether model regeneration can preserve authored proof identity while changing the environment generation.",partial,product,Invented Rust-host broker controls cover lifecycle shape; actual editor host and Anneal hidden-document cleanup are absent.,"Implemented Anneal V2 pipeline, archive or service with the item's stated integration contract.",No distinct cached-only cell identified beyond cited component evidence and stated prerequisite.,false
I156,Explicit backend capability negotiation,"Prototype versioned descriptors for accepting unsaved inputs, filesystem materialization requirements, concurrent requests, cancellation, deterministic output, persistent process support, and fine-grained invalidation. Test descriptors against actual implementations and unsupported combinations. Distinguish a documented promise from measured behavior; choose conservative fallback or explicit failure when capabilities are absent rather than letting a uniform logical API imply uniform implementation guarantees.",partial,adapter;product,Pinned CLI/version/source inventories and toy broker capability checks exist; real Charon/Aeneas/Lean adapter negotiation and fallback need an implemented adapter.,"A real protocol adapter/client rather than a standard-library model. Implemented Anneal V2 pipeline, archive or service with the item's stated integration contract.",No distinct cached-only cell identified beyond cited component evidence and stated prerequisite.,false
I157,Batch and transport-free live shells over one engine,"Build a small batch shell and an in-process repeated edit/query driver over the same structured engine. Compare the batch shell with current CLI behavior where implemented and the live driver with fresh checks on identical captured inputs. Include model changes, cancellation, and reconstruction before adding an LSP/MCP transport. Identify divergence caused by the engine separately from adapter protocol bugs; the prototype does not claim the current CLI already implements every stage.",partial,product,"V2 currently exposes setup and unconnected helpers, but no verify command or shared Anneal engine. The existing batch CLI and Python live prototypes do not share one product engine.","Implemented Anneal V2 pipeline, archive or service with the item's stated integration contract.",No distinct cached-only cell identified beyond cited component evidence and stated prerequisite.,false
I158,Minimal interactive upgrade suite and workaround deletion probes,"Derive a small retained replay suite for compatible toolchain tuples. For Lean/Lake, cover configuration ownership, workspace isolation, dependency refresh, goal versioning, server setup, and artifact families. For Charon, cover LLBC schema, span units, process lifecycle, determinism, and subject identity. For Aeneas, cover mutable globals, package layout, naming, provenance, determinism, and library/incremental APIs. Associate every manifest/trace/mtime/rewrite workaround with the exact behavior requiring it and a probe that would justify removal. Compare the examined 4.30 pin with 4.31 or another explicitly selected compatible candidate; retain accurate old-version findings and do not create a competing mutable corpus lifecycle.",partial,external;product,R44 replayed two compatible cached Charon/Aeneas bundles and Lean acceptance; later Lean/Lake or independent host and Anneal workaround deletion need unavailable pins/product.,"An independent host, later compatible release or remote environment as the item requires. Implemented Anneal V2 pipeline, archive or service with the item's stated integration contract.",No distinct cached-only cell identified beyond cited component evidence and stated prerequisite.,false
I159,Deliberately challenge the proposed architecture,"Run the following as falsification controls in the relevant existing harnesses, not twelve duplicate surveys. Build the strongest plausible simple alternative; record the smallest counterexample or exact successful preconditions. Do not assume the leading design must win.",partial,product,R41 synthetic canonical-Lean challenge and N01-N12 component falsifications exist; matched alternatives inside one implemented Anneal service remain unavailable.,"Implemented Anneal V2 pipeline, archive or service with the item's stated integration contract.",No distinct cached-only cell identified beyond cited component evidence and stated prerequisite.,false
