id,kind,status,exact_blocker_or_input,specific_remaining_delta
I072,investigation,not-run,An existing real Lean MCP adapter and two independent clients sharing an implemented Anneal workspace; only toy bridges are cached.,No installed existing Lean MCP adapter was exercised. The current-wire plus actual Lean goal bridge is still standard-library toy code with a raw test client; two real clients sharing an Anneal workspace remain unrun.
I081,investigation,conditional,"User-approved OCaml/Dune/opam installation or a supplied callable same-process Aeneas library environment, then a concrete same-process versus CLI acceptance decision.",OCaml/Dune/opam toolchain not installed; same-process Aeneas needs user-approved non-local dependency scope.
I141,investigation,conditional,Freeze the Anneal V2 interface and recruit consenting independent participants under the retained protocol.,"The validated scenario/assignment protocol has no frozen Anneal UI, consented participants or responses; this cannot be replaced with synthetic participants."
I143,investigation,conditional,"First measure a local durability or capacity need; if justified, select and authorize a specific remote environment and policy.","Remote durability is conditional on a measured local need; no remote service, deployment or user authorization is implied by current component evidence."
E01,suggestion,conditional,"OCaml/Dune/opam or supplied callable same-process Aeneas runtime, followed by a matched Anneal latency study.","I081: OCaml/Dune/opam toolchain not installed; same-process Aeneas needs user-approved non-local dependency scope.; I118: Decompose complete Rust extraction, Aeneas, Lake, Lean and query latency under realistic edits; R16 measured direct warm Lean request medians only."
E02,suggestion,conditional,"OCaml/Dune/opam or supplied callable same-process Aeneas runtime, followed by repeated same-process failure and reset controls.",I081: OCaml/Dune/opam toolchain not installed; same-process Aeneas needs user-approved non-local dependency scope.; I088: Test warning/crash/cancellation and repeated same-process translation error reset with structured cross-tool provenance; R09 one-shot unsupported-pointer exit 1 still emitted sorryAx-bearing Lean.
E03,suggestion,conditional,OCaml/Dune/opam or supplied callable same-process Aeneas runtime before selecting a one-shot or resident architecture.,I081: OCaml/Dune/opam toolchain not installed; same-process Aeneas needs user-approved non-local dependency scope.
F03,suggestion,not-run,A locally available later compatible Lean/Lake release tuple; none beyond 4.30.0-rc2 is cached for this prepared-consumer comparison.,"Later-than-4.30 compatible Lean/Lake pin not cached; R44 changes Charon/Aeneas pairs under the same 4.30.0-rc2 Lean, so it cannot answer later Lake ownership."
F04,suggestion,not-run,A built Anneal omnibus archive with complete producer state and first-goal consumer run; no such archive exists in this checkout.,"Scoped inventory found no built Anneal omnibus archive. One-module read-only Lake missing-manifest control ran, but actual archive, server first goal and producer removal at target scope remain."
G03,suggestion,not-run,"A real MCP SDK/client and Anneal task broker/adapter to test actual async task lifecycle and cancellation, beyond standard-library wire models.","The stdlib 2026-07-28 wire model now has a real pinned Lean goal composition, including stale source, pre-start cancellation and forwarded in-flight Lean -32800; both bridges remain toy raw-client code with no existing MCP SDK/adapter, independent client interoperability or Anneal task service."
G15,suggestion,not-run,Producer-authenticated Rust→Charon→Aeneas→Lean item/range mapping and an Anneal navigation client; current names/hashes are manually joined.,"Hash-gated manually joined navigation covers reorder, ambiguous names, and actual generated-helper fanout; no producer-authenticated mapping, actual Anneal workspace or agent usability trial."
L09,suggestion,not-run,An actual Lean MCP adapter and at least two real clients against an implemented Anneal workspace; current raw client/stdio bridge is synthetic.,"No existing Lean MCP adapter was found; stdlib wire/Lean LSP bridge is a toy, not the real two-client adapter."
L10,suggestion,conditional,"OCaml/Dune/opam or a supplied same-process Aeneas runtime to make the optional library route executable, then an architecture decision.",Same-process Aeneas library route is conditional; OCaml/Dune/opam is not installed and the existing one-shot CLI already supplies component controls.
