package,relative_path,bytes,sha256
anneal-3730-five-original-packages-rereview-2026-09-29,REPORT.json,754,e267ecbdd5cfc42eb4a5ab9646a09fb094d927ad4d0723f9444fe7bee8c23307
anneal-3730-five-original-packages-rereview-2026-09-29,REPORT.md,4084,034d420795eb23e7d52a08a8fb6997cab968283b0baca0f00c0363971e6b9db1
anneal-3730-five-original-packages-rereview-2026-09-29,support/check.py,1220,e62f1515974eff0d9625ea53d581aab7be15fe722061f117425749ffe1c6e0f6
anneal-3730-five-original-packages-rereview-2026-09-29,support/review.json,4191,d6cd66025ce8653e79bf25aa6a203a8a86eac771a532788b56c11045e3c4d216
anneal-3730-lake-unprivileged-file-event-observability-2026-09-29,REPORT.json,773,6009095da1c03657a3e6e2dbd4f02e6de448f3044d15fafc73afcdba4be6234f
anneal-3730-lake-unprivileged-file-event-observability-2026-09-29,REPORT.md,6138,201003ba4e430c9f3a5bf648d77bda0d8028d835a7157a025aa7dce9cbb0271e
anneal-3730-lake-unprivileged-file-event-observability-2026-09-29,support/check.py,3207,3b00a950dedb796f5815faea0c29ef780f2115dcb95dad43a29a7b0bac822dc9
anneal-3730-lake-unprivileged-file-event-observability-2026-09-29,support/observe.c,4451,cd94f96fbec7749fc71be8f24dc497276588af53490c0b891f681624f09d2a04
anneal-3730-lake-unprivileged-file-event-observability-2026-09-29,support/probe.py,5382,e1cdeea0ebbf00a970b477e1b88cb262485dadd5bc2b0ea01fee39c034474fa6
anneal-3730-lake-unprivileged-file-event-observability-2026-09-29,support/results.json,32650,8decc9cbcc1a4cb6087f0376975f983e7b284bbee8bcafa667b957f27ab69d9d
