inventory_id,cohort,report_md,report_json
R179,Rust/Cargo/rustc nightly-2026-05-31,reports/anneal-3730-last-good-model-after-rust-failure-2026-09-29/REPORT.md,reports/anneal-3730-last-good-model-after-rust-failure-2026-09-29/REPORT.json
R229,Rust/Cargo/rustc nightly-2026-05-31,reports/anneal-3730-rust-input-snapshot-2026-09-29/REPORT.md,reports/anneal-3730-rust-input-snapshot-2026-09-29/REPORT.json
R231,Rust/Cargo/rustc nightly-2026-05-31,reports/anneal-3730-saved-vs-private-rust-overlay-2026-09-29/REPORT.md,reports/anneal-3730-saved-vs-private-rust-overlay-2026-09-29/REPORT.json
R240,Rust/Cargo/rustc nightly-2026-05-31,reports/anneal-3730-trust-evidence-boundary-2026-09-29/REPORT.md,reports/anneal-3730-trust-evidence-boundary-2026-09-29/REPORT.json
R517,Rust/Cargo/rustc nightly-2026-05-31,reports/rust-aggregate-layout-nightly-2026-05-31/REPORT.md,reports/rust-aggregate-layout-nightly-2026-05-31/REPORT.json
R518,Rust/Cargo/rustc nightly-2026-05-31,reports/rust-allocation-deallocation-nightly-2026-05-31/REPORT.md,reports/rust-allocation-deallocation-nightly-2026-05-31/REPORT.json
R519,Rust/Cargo/rustc nightly-2026-05-31,reports/rust-atomics-memory-orderings-nightly-2026-05-31/REPORT.md,reports/rust-atomics-memory-orderings-nightly-2026-05-31/REPORT.json
R520,Rust/Cargo/rustc nightly-2026-05-31,reports/rust-auto-trait-coinduction-nightly-2026-05-31/REPORT.md,reports/rust-auto-trait-coinduction-nightly-2026-05-31/REPORT.json
R521,Rust/Cargo/rustc nightly-2026-05-31,reports/rust-box-raw-conversions-nightly-2026-05-31/REPORT.md,reports/rust-box-raw-conversions-nightly-2026-05-31/REPORT.json
R522,Rust/Cargo/rustc nightly-2026-05-31,reports/rust-conditional-compilation-nightly-2026-05-31/REPORT.md,reports/rust-conditional-compilation-nightly-2026-05-31/REPORT.json
R523,Rust/Cargo/rustc nightly-2026-05-31,reports/rust-const-eval-const-functions-nightly-2026-05-31/REPORT.md,reports/rust-const-eval-const-functions-nightly-2026-05-31/REPORT.json
R524,Rust/Cargo/rustc nightly-2026-05-31,reports/rust-correctness-termination-terminology-nightly-2026-05-31/REPORT.md,reports/rust-correctness-termination-terminology-nightly-2026-05-31/REPORT.json
R525,Rust/Cargo/rustc nightly-2026-05-31,reports/rust-drop-elaboration-nightly-2026-05-31/REPORT.md,reports/rust-drop-elaboration-nightly-2026-05-31/REPORT.json
R526,Rust/Cargo/rustc nightly-2026-05-31,reports/rust-dst-slice-layout-nightly-2026-05-31/REPORT.md,reports/rust-dst-slice-layout-nightly-2026-05-31/REPORT.json
R527,Rust/Cargo/rustc nightly-2026-05-31,reports/rust-extern-foreign-items-nightly-2026-05-31/REPORT.md,reports/rust-extern-foreign-items-nightly-2026-05-31/REPORT.json
R528,Rust/Cargo/rustc nightly-2026-05-31,reports/rust-initialization-padding-nightly-2026-05-31/REPORT.md,reports/rust-initialization-padding-nightly-2026-05-31/REPORT.json
R529,Rust/Cargo/rustc nightly-2026-05-31,reports/rust-inline-global-assembly-nightly-2026-05-31/REPORT.md,reports/rust-inline-global-assembly-nightly-2026-05-31/REPORT.json
R530,Rust/Cargo/rustc nightly-2026-05-31,reports/rust-layout-rustc-nightly-2026-05-31/REPORT.md,reports/rust-layout-rustc-nightly-2026-05-31/REPORT.json
R532,Rust/Cargo/rustc nightly-2026-05-31,reports/rust-lifetimes-charon-aeneas-nightly-2026-05-31/REPORT.md,reports/rust-lifetimes-charon-aeneas-nightly-2026-05-31/REPORT.json
R534,Rust/Cargo/rustc nightly-2026-05-31,reports/rust-local-nested-items-nightly-2026-05-31/REPORT.md,reports/rust-local-nested-items-nightly-2026-05-31/REPORT.json
R535,Rust/Cargo/rustc nightly-2026-05-31,reports/rust-maybe-uninit-nightly-2026-05-31/REPORT.md,reports/rust-maybe-uninit-nightly-2026-05-31/REPORT.json
R536,Rust/Cargo/rustc nightly-2026-05-31,reports/rust-module-file-resolution-nightly-2026-05-31/REPORT.md,reports/rust-module-file-resolution-nightly-2026-05-31/REPORT.json
R537,Rust/Cargo/rustc nightly-2026-05-31,reports/rust-nightly-upgrade-checklist-nightly-2026-05-31/REPORT.md,reports/rust-nightly-upgrade-checklist-nightly-2026-05-31/REPORT.json
R538,Rust/Cargo/rustc nightly-2026-05-31,reports/rust-nonnull-nightly-2026-05-31/REPORT.md,reports/rust-nonnull-nightly-2026-05-31/REPORT.json
R539,Rust/Cargo/rustc nightly-2026-05-31,reports/rust-panic-primitives-nightly-2026-05-31/REPORT.md,reports/rust-panic-primitives-nightly-2026-05-31/REPORT.json
R540,Rust/Cargo/rustc nightly-2026-05-31,reports/rust-panic-unwind-abort-divergence-nightly-2026-05-31/REPORT.md,reports/rust-panic-unwind-abort-divergence-nightly-2026-05-31/REPORT.json
R541,Rust/Cargo/rustc nightly-2026-05-31,reports/rust-pointer-arithmetic-nightly-2026-05-31/REPORT.md,reports/rust-pointer-arithmetic-nightly-2026-05-31/REPORT.json
R542,Rust/Cargo/rustc nightly-2026-05-31,reports/rust-pointer-casts-provenance-apis-nightly-2026-05-31/REPORT.md,reports/rust-pointer-casts-provenance-apis-nightly-2026-05-31/REPORT.json
R543,Rust/Cargo/rustc nightly-2026-05-31,reports/rust-pointer-copy-nightly-2026-05-31/REPORT.md,reports/rust-pointer-copy-nightly-2026-05-31/REPORT.json
R544,Rust/Cargo/rustc nightly-2026-05-31,reports/rust-ptr-read-write-nightly-2026-05-31/REPORT.md,reports/rust-ptr-read-write-nightly-2026-05-31/REPORT.json
R545,Rust/Cargo/rustc nightly-2026-05-31,reports/rust-raw-pointer-validity-provenance-alignment-nightly-2026-05-31/REPORT.md,reports/rust-raw-pointer-validity-provenance-alignment-nightly-2026-05-31/REPORT.json
R546,Rust/Cargo/rustc nightly-2026-05-31,reports/rust-raw-slice-pointer-construction-nightly-2026-05-31/REPORT.md,reports/rust-raw-slice-pointer-construction-nightly-2026-05-31/REPORT.json
R547,Rust/Cargo/rustc nightly-2026-05-31,reports/rust-reference-creation-from-raw-pointers-nightly-2026-05-31/REPORT.md,reports/rust-reference-creation-from-raw-pointers-nightly-2026-05-31/REPORT.json
R548,Rust/Cargo/rustc nightly-2026-05-31,reports/rust-safety-boundary-completeness-nightly-2026-05-31/REPORT.md,reports/rust-safety-boundary-completeness-nightly-2026-05-31/REPORT.json
R549,Rust/Cargo/rustc nightly-2026-05-31,reports/rust-size-align-nightly-2026-05-31/REPORT.md,reports/rust-size-align-nightly-2026-05-31/REPORT.json
R550,Rust/Cargo/rustc nightly-2026-05-31,reports/rust-source-span-provenance-nightly-2026-05-31/REPORT.md,reports/rust-source-span-provenance-nightly-2026-05-31/REPORT.json
R551,Rust/Cargo/rustc nightly-2026-05-31,reports/rust-transmute-nightly-2026-05-31/REPORT.md,reports/rust-transmute-nightly-2026-05-31/REPORT.json
R552,Rust/Cargo/rustc nightly-2026-05-31,reports/rust-type-alias-lowering-nightly-2026-05-31/REPORT.md,reports/rust-type-alias-lowering-nightly-2026-05-31/REPORT.json
R553,Rust/Cargo/rustc nightly-2026-05-31,reports/rust-ub-and-operational-models-nightly-2026-05-31/REPORT.md,reports/rust-ub-and-operational-models-nightly-2026-05-31/REPORT.json
R554,Rust/Cargo/rustc nightly-2026-05-31,reports/rust-unreachable-unchecked-nightly-2026-05-31/REPORT.md,reports/rust-unreachable-unchecked-nightly-2026-05-31/REPORT.json
R555,Rust/Cargo/rustc nightly-2026-05-31,reports/rust-unsafe-fields-nightly-2026-05-31/REPORT.md,reports/rust-unsafe-fields-nightly-2026-05-31/REPORT.json
R556,Rust/Cargo/rustc nightly-2026-05-31,reports/rust-unsafe-trait-invariants-nightly-2026-05-31/REPORT.md,reports/rust-unsafe-trait-invariants-nightly-2026-05-31/REPORT.json
R557,Rust/Cargo/rustc nightly-2026-05-31,reports/rust-unsafecell-interior-mutability-nightly-2026-05-31/REPORT.md,reports/rust-unsafecell-interior-mutability-nightly-2026-05-31/REPORT.json
R558,Rust/Cargo/rustc nightly-2026-05-31,reports/rust-validity-well-defined-execution-nightly-2026-05-31/REPORT.md,reports/rust-validity-well-defined-execution-nightly-2026-05-31/REPORT.json
R559,Rust/Cargo/rustc nightly-2026-05-31,reports/rust-volatile-memory-access-nightly-2026-05-31/REPORT.md,reports/rust-volatile-memory-access-nightly-2026-05-31/REPORT.json
R560,Rust/Cargo/rustc nightly-2026-05-31,reports/rust-wide-pointer-metadata-nightly-2026-05-31/REPORT.md,reports/rust-wide-pointer-metadata-nightly-2026-05-31/REPORT.json
R562,Rust/Cargo/rustc nightly-2026-05-31,reports/rustc-diagnostic-width-format-nightly-2026-05-31/REPORT.md,reports/rustc-diagnostic-width-format-nightly-2026-05-31/REPORT.json
R563,Rust/Cargo/rustc nightly-2026-05-31,reports/rustc-mir-before-charon-nightly-2026-05-31/REPORT.md,reports/rustc-mir-before-charon-nightly-2026-05-31/REPORT.json
R564,Rust/Cargo/rustc nightly-2026-05-31,reports/rustc-mir-unsafe-operations-nightly-2026-05-31/REPORT.md,reports/rustc-mir-unsafe-operations-nightly-2026-05-31/REPORT.json
R565,Rust/Cargo/rustc nightly-2026-05-31,reports/rustc-name-resolution-stable-item-identity-nightly-2026-05-31/REPORT.md,reports/rustc-name-resolution-stable-item-identity-nightly-2026-05-31/REPORT.json
R581,Rust/Cargo/rustc nightly-2026-05-31,reports/zerocopy-rust-intrinsics-nightly-2026-05-31/REPORT.md,reports/zerocopy-rust-intrinsics-nightly-2026-05-31/REPORT.json
