id,extension
I006,"Include Lake's preparation/build calls explicitly. The result contract should be tested with output identity, diagnostics, provenance, timing/resource metadata, progress, cancellation, and stale status. Inventory every backend write in an instrumented environment; compare native structured progress with safely derived progress without embedding UI policy."
I009,"Mutate body, module, feature, target, profile, `cfg`, build-script output, proc-macro implementation, dependency version, and toolchain separately; record which compilation subjects change."
I014,"Include two editors with different unsaved buffers and two agents racing read-only queries, proof patches, and verification starts. Compare separate snapshot forks with shared-current-document semantics rather than presuming one current buffer fits both."
I016,Destroy every live process and reconstruct one retained generation; compare goals and diagnostics as well as imported identities and fresh batch checking.
I017,"When delimiter corruption makes a payload temporarily undiscoverable, determine explicitly which previous queries and diagnostics remain usable, stale, or unavailable."
I018,Run positive annotation-only controls through rustc/Charon and compare both byte-level and justified semantic LLBC equality. Test import/configuration-affecting annotation edits separately: skipping Charon does not imply skipping Lake setup.
I019,"Include `cfg_attr`, attribute/procedural macros, `include!`, and generated files. Determine whether each transformed annotation supports exact editing, only read-only inspection, or no reliable attachment."
I021,"Include whitespace-only movement, file/module rename, and deletion of the owning range during an in-flight query; trace source maps, generated import names, and worker reuse, not just item lookup. Determine when correspondence can be retained without broad rediscovery."
I025,"Preserve an exact Rust-byte-range sidecar before compilation. Test ASCII, wide characters, and positions before/inside/after surrogate pairs; compare Rust bytes, projected bytes, Lean raw positions, LSP UTF-16, and returned goal/diagnostic locations. Round-trip every valid authored position; classify invalid or ambiguous positions rather than forcing a bijection."
I026,"Inventory doc/block-comment prefixes, indentation, fence removal, escaped doc strings/documentation attributes, concatenation, line-ending normalization, and inserted imports/namespaces/scaffolding. Classify each transformation as lossless, invertible, partially invertible, or synthetic. Include nested Markdown fences and Lean comments containing fence-like text; test accepted/split/rejected edits across authored, Anneal-generated, and Aeneas-generated regions."
I031,"Induce failures in generated theorem names, binders, and tactics as distinct responsibility-anchor cases. Evaluate candidate Rust-facing blame anchors without presenting synthetic text as directly editable source."
I032,"Compare full-content `didChange` with range-local updates for correctness, emitted ranges, Lean reuse, latency, and implementation complexity. Include host-only edits and rustfmt reflow that shift Rust coordinates while projected Lean stays unchanged; test safe remapping versus rejection of in-flight results."
I035,"Include one document per Rust item, alongside per-annotation, per-file, and per-Cargo-target layouts."
I041,"Prototype the wrapper over both `plainGoal` and rich interactive goals, recording request-start text/hash/version, environment, worker, and response-time state. Query many positions simultaneously while editing, and observe ordering, cancellation, and completion."
I042,"Compare `waitForDiagnostics`, file-progress completion, RPC-specific readiness, command-snapshot completion, and a candidate custom RPC that returns current document/environment identities."
I043,"Include term proofs and compare the simple and rich surfaces across syntax errors, incomplete elaboration, restart, and RPC reconnect before selecting an internal API."
I044,"Add environment swaps and idle timeout. Test stale RPC references, session IDs, and MCP handles after replacement or collection; expired identifiers must not be silently rebound."
I047,"Compare retaining an old worker, reconstructing an old projection with old imports, restarting against retained old artifacts, and refusing the query. Decide whether revision handles are retained snapshots or optimistic current-state guards."
I049,"Test notification only, proof-text resend only, close/reopen, supported dependency refresh, file-worker restart, entire-server restart, and a new workspace/server generation. Seek the minimum reliable barrier, not a predetermined restart policy."
I050,Include an external user model changed while Aeneas output is byte-identical. Use several independently edited proof documents importing one model and verify affected-worker fan-out while unrelated workers remain valid.
I051,"Include direct overwrite, temp-directory generation, and an atomic generation-pointer swap as explicit alternatives; test interrupted split-file Aeneas emission as well as compiled-artifact publication."
I057,Keep the editor connected while switching workspace folders or moving files across Cargo/Lake boundaries; verify routing to the correct independently configured server.
I058,"Include stale diagnostics with fresh goals and the converse, so distinct streams cannot be combined into an apparently current result."
I059,"Test signature help and inlay hints as well as hover, completion, semantic tokens, references, and navigation; determine whether each needs feature-specific projection rules."
I063,Test save when the projection already reflects the same or newer unsaved buffer: no duplicate generation or version reversal. Include rustfmt changing host indentation while preserving Lean payload.
I065,"Prototype explicit open/create, snapshot publication/update, current-generation lookup, goal/check, and close/release operations. Compare synchronous tools with task-backed long work on supported protocol revisions; retain application identities independently of transport sessions."
I066,"Evaluate navigation from Rust annotation through projected proof, Aeneas declaration, and imported model back to the owning Rust item. Test the result envelope in I145 rather than exposing brittle paths."
I069,"Classify queries, diagnostics, scratch trials, proof edits, ordinary Rust edits, generated-file edits, regeneration, verification, environment rebuilding, and toolchain setup separately. Instrument supposedly read-only tools for hidden source/shared-environment mutations; execution permission is not write permission."
I070,Exercise the complete loop: goal at G → candidate → compare-and-swap patch → readiness for G+1 → re-query. Inject unrelated edits between every step and measure scratch prefix reuse and cleanup without touching canonical source.
I071,"Cancel before start, during Lean queries/Lake setup/Aeneas work, and immediately after completion; cover task result retrieval and late completion separately."
I072,"Compare Anneal speaking Lean LSP/RPC directly with delegating to an existing Lean MCP bridge, including state identity, cancellation, projections, environment ownership, and observability."
I074,"Vary workspace location, symlinks, `CARGO_MANIFEST_DIR`, `OUT_DIR`, relative include/build-script paths, and path-sensitive proc macros explicitly."
I077,"Include a retained wrapper that launches fresh rustc processes, distinct from in-process extraction, and measure startup costs without conflating process reuse with semantic reuse."
I080,"Measure whether isolated materialized overlays can share Cargo/rustc incremental products safely and cheaply, including later retries after interrupted extraction."
I081,"Measure warm whole-crate calls that retain only initialization, not old semantic results. Vary backend/options, namespace, output directory, crate name, and failures. Execute the available library repeatedly and compare parallel requests in one process, serialized requests, and separate processes against fresh executable controls."
I083,"Include a restricted body-only prototype that reuses unaffected function translations, validated against clean whole-crate output; report the metadata and restrictions it requires."
I089,Use rich RPC goals and dependency refresh as well as first open/query. Add a genuinely missing-manifest negative control against the real archive before testing pre-seeding. Rebuild only consumer-generated modules and verify zero dependency-universe writes.
I090,"Add `-K` options, server options, platform, and Lean executable/hash differences to the consumer-identity matrix."
I091,"Test user-authored imports/options competing with generated headers. Immediately open/query after a successful batch build and observe extra setup or rebuilds; track unsaved import changes through dependency building, worker restart, and cache behavior."
I092,"Exercise the dependency-build-never path using `--no-build --no-cache` in a real generated workspace, and verify explicit failure for deliberately stale or missing imports."
I095,"Distinguish local reuse, cache restoration, compilation, reconfiguration, dependency resolution, network access, and shared writes. Where no structured status exists, evaluate the reliability of filesystem/process inference."
I098,"Omit `.olean`, `.olean.server`, `.olean.private`, `.ilean`, native plugins, dynamic libraries, and trace/hash sidecars individually; compare batch acceptance with interactive setup."
I099,"Compare `ModuleSetup`, imported artifact paths/hashes, server options, diagnostics, goals, and navigation/references, in addition to compiled-artifact and declaration checks."
I100,"Perturb source, configuration, and artifact mtimes independently of bytes; compare normal and `--old` builds, `setup-file`, and server startup."
I101,"After complete server preparation, relocate consumer only, toolchain only, and both together. Check interactive diagnostics/navigation and source-map identity so normalized paths cannot conceal wrong origins or become brittle persistent handles."
I102,Run many identical and different writers; kill them during publication and verify subsequent readers and cache-map integrity.
I104,"Compare empty HOME/XDG, populated unrelated Lake/Mathlib caches, and deliberately incompatible caches under actual network denial."
I105,"Map one logical cancellation request to child kill, process-group kill, Lean JSON-RPC cancellation, and task cancellation. Follow editor cancellation through projection and shared upstream jobs without over-cancelling other consumers."
I107,"Create a high-parallel identical-cache-miss storm. Compare shared cache writers, a serialized producer build, and isolated builds followed by publication, with individual consumer cancellation and producer failure."
I109,Include inode exhaustion independently of byte-capacity exhaustion.
I110,"Force a file-worker crash after unsaved edits and check reconstruction from watchdog/client text, with the correct generation; distinguish this from graceful restart. Crash and retry the identical request for each backend to test replaceability without hidden history."
I113,"Classify every per-worker byte as necessary mutable state, generated fixture state, shareable immutable input, or accidental duplicate product/cache; instrument hidden writes outside temporary roots."
I114,Use guarded 1/2/4/8/16/32-consumer disk/throughput sweeps and 1/2/4/8/16-server memory sweeps where host budgets permit; smaller runs do not establish unexecuted cells.
I115,"Count Cargo jobs, Charon parallelism, Aeneas domains, actual Lake jobs, Lean file workers, and concurrent MCP scratch trials against the same measured budget."
I116,"Run hundreds or thousands of edits/generations where budgets permit, recording file descriptors, temporary files, cache growth, and all Anneal/MCP/Lean descendants as well as memory."
I118,"Separate workspace construction, generated-module build, server launch, `setup-file`, first goal, and later proof-edit/goal latency in cold and warm runs."
I124,"Where supported, compare APFS, ext4, container/overlay filesystems, and remote/networked CI runners for the sharing and publication strategies; keep unsupported environments conditional."
I129,"Include solved-local/later-file-error, failing sibling theorem, stale imports, admitted dependency, warning-only acceptance, and unsupported upstream translation. Trace verified G → edited G+1 → new projection with old model → prepared new model/incomplete proof → fully checked G+1."
I130,Vary toolchain and plugin identities while proof text stays fixed; check that TCB-relevant changes invalidate cached results and remain visible in the trust account.
I131,"Run valid/invalid proofs through batch, fresh/warm servers, edited servers, and dependency-changed/restarted servers. Check both directions: live acceptance followed by fresh same-generation batch verification, and batch acceptance followed by cold interactive goals without unexpected prerequisite rebuilding. Record actual imports/options/plugins in each mode. In the tested agent workflow, fresh-check every interactively accepted proof and classify all mismatches."
I134,"Force overlap at every handoff: Rust changes during Charon, LLBC replacement during Aeneas, generated publication during Lake, Lake rebuilding during Lean elaboration, proof edits during model publication, and MCP queries during any upstream advance."
I139,"Inject controlled, recorded worker kills during high concurrency; check producer immutability, cache integrity, orphan cleanup, subsequent tests, and disk leaks. Include reproducibly seeded random failure schedules."
I141,"Compare retaining stale diagnostics, hiding them, showing a rebuilding banner, and showing old-model proof feedback with explicit generation identity."
I144,"After sufficient execution evidence, synthesize ten linked contracts: (1) state machine with legal transitions/invariants for source, model, environment, projections, workers, verification, and stale/tainted states; (2) change matrix distinguishing unchanged, reusable, invalidated, rebuilt, restarted, and reverified; (3) stable/ephemeral identities for workspace, subject, snapshots, model, environment, document, worker, and result; (4) canonical/generated/projected source ownership, editable versus responsibility maps, persistence, and regeneration; (5) setup-once versus per-consumer state, immutable versus permitted shared-writable state, and fail-closed operations; (6) exact goal-at-Rust-position semantics; (7) MCP semantic API; (8) editor/LSP lifecycle API; (9) measured integration-test sharing/isolation and resource envelope; (10) batch/live agreement, intentional differences, and fresh/clean oracles. These are design proposals until adopted in the proper authority; factual reports remain in `reference`."
