package,report_md_sha256,report_json_sha256,file_count,checker_status,checker_note
aeneas-generated-source-determinism-nightly-2026-06-03,4a005fb521793dcca258e9c44301901ebcd03f9fa5004841381cd1cfd091825e,493064494f7fba9bdc8a65fc3704ee86a1875c00026fb58e89acf881b5c380b7,4,none,
aeneas-generated-source-repeat-run-probe-nightly-2026-06-03,2c47d9080aa3037d4eda766ff029cb157616b88905fedd195057b1e4ef16b5ec,12e6936f0d2bac781bf821b210293524e3a2038d66a6f1df134a7c167d970ec8,41,none,
aeneas-incremental-translation-feasibility-nightly-2026-06-03,018bd170fb909ef58cd9f5307da343cc3d3954085e294cf2d6647db1330f5eca,f201e4f8158879ff411e131eb832f8c31f54c0642a3f4af9e3593b4efb1f0cad,4,none,
anneal-3730-aeneas-handoff-memory-vs-files-2026-09-29,b8f7dd5b714ea288d65544e108e9a243bc863d3e546fe9151ec9d94d2f6de06d,57f80a105bd026b613687a6b456d8cda0ad6b53f5f114da74040f71204a07d5f,54,passed_read_only,
anneal-3730-aeneas-identity-manifest-2026-09-29,f73fc593ab77cbbbf1647f242cf6a2d8c58441ea8120e1c4b9820b04c667e929,810d2fa8020cb569c8a8dc2e96484ca84bb7e842fe2b60a144009c48e18c313e,73,none,
anneal-3730-aeneas-manifest-batch-oracle-2026-09-29,3a1ff104ec1995bbd2704235fa3604483c245f0c7d4d03c04edd53b407157e1b,75d85e26d78ce02cde5d426d9ccf32329509488913ee43d531f2009107cfc307,60,none,
anneal-3730-aeneas-namespace-move-proof-context-2026-09-29,03fda3f09b7126379dda2c4e03104cc143c5ce4eb4ebfc5e0adf12fb92f46c93,2996228da934073917701c479c0a7c9c0fa7b85840aafd0181e843143ff3c020,30,passed_read_only,
anneal-3730-aeneas-process-contract-2026-09-29,731eb1cabe176e1838ac1eb41313cc281651f1cc468a1623bb4b931fb91dcdb8,37c23a44339d59cf3bc362fa8faf43f9f50b80e05243ddcf7b7b30f5c47135c5,52,none,
anneal-3730-aeneas-restricted-reuse-2026-09-29,6ca521f7649bad1958b037f5cc4fbac96c0fc2ef926143f65d4598d0400872d0,a91f33547b95d9f5c91625298beb68dfebc9381ffb8528fcd60d28ed218526c2,71,passed_read_only,
anneal-3730-aeneas-trait-output-shrink-matrix-2026-09-29,6129ed7aa0153fedd6ee422c35d9f7329b16663d029a8c235187ed286d5abf59,3764188cae5451277e7af5f358cb4771d88d91b65ed34ad95c32d534669ffba7,77,passed_read_only,
anneal-3730-charon-aeneas-boundary-2026-09-29,598230160c55cb3865740b6463778b572223419bb842754af9b6031918a3533d,44926ab33db054469a2e7f62324c55d277bfaea1ab03169b40f28e9322417546,36,none,
anneal-3730-charon-build-closure-control-2026-09-29,c8dadcb576dee7c9a080b5c72e2c86bfdaed3e9a6a60ab9299fa99030bdc49a0,c103bcdb4d79b5c93c5aee5a686ec275f011db063f2a7ecbfc5307142d80bae2,28,none,
anneal-3730-charon-concurrency-interruption-2026-09-29,8ff7a0289cd99a7d0d9e3343c9e6464f7244f8108999f8ac29e38a31f6bcdcea,a31e8450072c454222dafb40a88eb9e73c7aa765b560163257e2e17a4cace959,40,none,
anneal-3730-charon-scaling-subject-closure-2026-09-29,52fa29692fcff5971d027b77f8cc9f46b4a13a457ced733b60a7b47074200f7e,82f23ded76bd23a075931fdc584c89837c06be463c5f45f20399e53f3f8d8517,26,none,
anneal-3730-charon-shortname-aeneas-impact-2026-09-29,a5f93c2c9b203ec26fd398cbd2d83e61dea822d1d52a52a3b6aec4123fdf5815,95672163c08b58c48eeb2593cd688f67105540c07cc481e0886eca477ed79e26,360,passed_read_only,
anneal-3730-charon-subject-output-phase-matrix-2026-09-29,abe5b8cba9289b64209b2ae546f5f6522d41f1da7068421c775c1537a5c36e71,817c20b6e46ae70f565dad1bd01a2405e706f5b5283e1d58f702e1c0c6fa4182,43,none,
anneal-3730-charon-warm-noop-byte-diff-2026-09-29,d05936e8fda62ffc72e2edd0ea0b2d95c186465975bf36426fb5ef8a08bfd714,f03bef812bc4ff7590b9de6e1e425918785270865c84a4fb337590eacc50af7d,24,none,
anneal-3730-charon-warm-target-controls-2026-09-29,70405c2719a2a68f44422dff4246ca9ab90615b00666e75333c9e49695af2cdd,fe667349c908f3eea85646afea39bf0485bed4707a18adb6467679ada95e7184,44,none,
anneal-3730-cli-graceful-cancel-signals-2026-09-29,efd93bdbafc9471f84d09a53c9f7b1b25c7f82bfee26200138bd90f6fca7539d,2511e4ec2ce66cb83fd6c56f1d3fc3c87d8bfc24f66fcacf277804241116c899,95,passed_read_only,
anneal-3730-cross-tool-active-cancellation-barriers-2026-09-29,442215a7968fd110b6cc9ab35489224d2a2a984755d2cb76e89351e565bdfb0b,dea74d3d3776a8813b815b48a2f698b0ccd4dcd0c824db91d69be98914e3f15a,67,passed_read_only,
anneal-3730-cross-tool-provenance-2026-09-29,7c1b01926e0251de7834020deb2d48c7e82594517f5441a4fae1896a77f5e097,9b2cfd8a2c59f0e449d82d890e82816c1cb9988ebc1099803fd1fe2f27ae50d1,33,none,
anneal-3730-cross-tool-stage-cancellation-cleanup-2026-09-29,c996aaff1f29f09b92ea5992e375ed07bc8d2f8f7993cb7a47f504ec32470d5e,005e7f9b0d5eb52ab92ccb1c50066dd3ecfb6b2ebeb3a183f5652ddb1c03a704,24,none,
anneal-3730-editor-mcp-shadow-authority-v4-30-0-rc2,c702bfefb58845a3613658b2354ec84a11ab12ac4249d3d6d39ce8e1a825bb56,dfcd18a687b5b64f5c8adf644b215c6856e454f551f96889605d54b4f01cb7f7,8,none,
anneal-3730-editor-save-format-watch-loop-2026-09-29,6bd83aa858ad0c20e3c0391a6e061476f4c3d3ab28c16357c90664307fdee9e2,5b0efaaf6a43bcedd2d2072b073958643a6c6b906847a04a1273c4bd822c63ea,12,none,
anneal-3730-eight-proof-live-stale-oracle-fanout-2026-09-29,e474bfbbb26066f9d258b7392a7c667cb0cd9fb60da47bb85b3e459513d0d332,9de763841dec94501516ff4194014dbb37d27d813d04c61124e55e59d65fc310,40,passed_read_only,
anneal-3730-external-model-without-codegen-change-2026-09-29,48c4b0bd0acf6e7237e2e43b2aebf5e73e22731c8e5799ca5aa9f2c89c8c5388,f25a63b7e9921b798a17135318d5ff529e80da006c7c53cd01b833b5ed384f03,66,passed_read_only,
anneal-3730-fault-model-2026-09-29,c0e9296c6bbcc8b2ff021f0c6be3001266cbe38ec0456fbf4c02a46b32499041,ca166be36a05aa43e6115ece7a81428ba30ee27ffc4aa93a738fcca4e1150252,6,none,
anneal-3730-five-original-packages-rereview-2026-09-29,ccfbbb96c14c3a68ee29ddee6e9b64919db669a6186d4e4383b2dd4600b6fcf6,d721e4324558720c4d6f5f633f33c714a58b0d846302c6d6f00c7b621165a8a0,4,initially_skipped,subprocess token; later run failed historical second-pass hash after concurrent aeneas report edit
anneal-3730-generation-recovery-2026-09-29,5761cd810ba4f84751bb5cd9c4fc0c06926dec87bb694ac2003d332520879da3,eedc765b5a373e023697b2c0fc8ea9a677c7037b587fd5e9657b924448dceef8,4,none,
anneal-3730-h09-lsp-to-upstream-cancellation-boundaries-2026-09-29,ca2e010de57691949eba571a13f33f08f0a700b97ab4f46d21ea13a5be36174a,08d54eac64aa75fe651e8225bb012e109de6b6e9d75aedbe822ada4f1790d591,9,passed_read_only,
anneal-3730-lake-cache-publication-atomicity-2026-09-29,d6accdfeb4cd3de04fe1a890a76ddb9e130090a9375961208f8d51e4c6fd8808,55790e493de0fc61a2510260a9c912a19b124da642de503c0f83d7e17907a019,25,none,
anneal-3730-lake-concurrency-preparation-v4-30-0-rc2,78bc5416c10b8778ad38ed4b21e92e500317e55ef5f5c05f8254a70733b85c99,3bd5fe519bd87b864e56e78634b792935ca24306284274dfd3984633aecad7cf,4,none,
anneal-3730-lake-consumer-identity-observability-2026-09-29,dced6b8cc362b48cf1f55e9eda9797da13f5ad739a6c4580afc74dec923e5d08,998705b84964680f7bdb1bb6afe891b14c19dca9838f29b7b0b7ee45c5f92c42,5,passed_read_only,
anneal-3730-lake-dynamic-config-identity-2026-09-29,8337fa8ef278c6b5d1515d7e3e3061aeb542b5889285d5697f349239c43f23bf,7fbe3cd6a85cd2adf9db8e4acbd55ed20e7b809731b31dc959e4978bfa22852c,42,passed_read_only,
anneal-3730-lake-frozen-index-collision-2026-09-29,209315708b0c6d52b8db7b6198b86c50c41c808868dc528f758a1e4bee9b8fa9,72139a924ea509810013a6ee18bb591a3f353921fd617703ca6993581af28a00,5,passed_read_only,
anneal-3730-lake-identity-matrix-v4-30-0-rc2,e2134b169ac2050f8a5d1fda4fcf7a04ff2a664c05ddf35d7bb272c5b20ba878,5f51f325abb778151601c88b49201f047b1904747b49b365c654a2ba045cd1ce,5,none,
anneal-3730-lake-key-artifact-family-matrix-2026-09-29,1158f5c20d3ae303d953405d1c5fe5512484d6ead902591f4107e104b076b625,ce4d40d5b3764f3c98edf42aa61b897ccd695c2d39ca38f951019e6f026cb68b,57,passed_read_only,
anneal-3730-lake-plugin-artifact-identity-v4-30-0-rc2,d1bb5b697b3754ac26b027b85f7c43fdb2177d851a300a83a79afbcb0de63047,9cf95bc9b6b0cf2519f5e5075cc19cb4dd9157cdb7a2bcd08fe752f95dcbd140,379,none,
anneal-3730-lake-plugin-combined-family-mix-2026-09-29,d7d03f9a339b8bff6f843be2317e949c94aab92d396240eb6b09a604564866c4,24124b70c726c6db415be5340203448e6d731782d1aff0985de5d458e2a28876,26,passed_read_only,
anneal-3730-lake-prepared-contract-2026-09-29,5315c9f8ac039511e54f3433fc6b93711d3f725c46ffee517d943c2d8625df5a,eff382be61fe96d63df649e2eb26afa5845be52a27cc214025fcf454afc0bb2e,14,none,
anneal-3730-lake-same-key-artifact-writers-2026-09-29,d0e4fe2676101e832c3284d1dd01f06b6984be1032a777c1df17979af717da00,0d8e6b4ddb2abde4083d4dfbcf1769c9dd3cf5031819e88b8dad087a0356f903,55,passed_read_only,
anneal-3730-lake-unprivileged-file-event-observability-2026-09-29,201003ba4e430c9f3a5bf648d77bda0d8028d835a7157a025aa7dce9cbb0271e,6009095da1c03657a3e6e2dbd4f02e6de448f3044d15fafc73afcdba4be6234f,6,passed_read_only,
anneal-3730-lake-writer-recovery-2026-09-29,344df196e0795230bf8935714ee69a11025a647a12f04c34b3f1762573e7ea47,15c7e45279c6f51721773ac7385f0950139e6c8236ec582c0b1d2220231f6f43,30,none,
anneal-3730-lake-writer-scale-v4-30-0-rc2,b299e780a00389b2172746a0b7f08481e2599d63a69fef935309cf9b09f6db6e,b2179dc0c1ddcec1f475b9469c3879b1ba5bb1cf20459e0ee1e6e0ec9202aade,8,none,
anneal-3730-lean-cross-version-equivalence-v4-29-v4-30-rc2-2026-09-29,75cc09a5d1852e43e45cb69a49c24fb6b6e3574e4602a8061a84873548a368be,8b3c38ba72377ca217fc64b79228fc9ffb90f2737d2ea7537872dd476345b596,7,none,
anneal-3730-lean-launch-refresh-matrix-v4-30-0-rc2,d605f66dd1b245f777ecaf704e239f32fbf88973c8a4fbe2beb280771f1bb178,3d1c3fbf2aa26ad5965c56d8eeaa35d7033c232a20e24895322a99361f16f0b1,113,none,
anneal-3730-lean-lsp-multifile-actions-hints-2026-09-29,0d93efc83cf2193a028773ff149a0fb7e67a3376050fe6d95fd3223ced7cc330,76728a0a5b3698da52a86227fdce2e34663906e31dfbd016edb6cb6d078106b3,17,none,
anneal-3730-lean-lsp-navigation-edit-operations-2026-09-29,25fa4793edbfd4a31e8356df51fbac2d3b826b7e54a794d60442331c09579d47,84a91f65429f9f4eb83fd80bd32c22ecef87ff4bbe50de33f9a61cdc56635a7e,10,none,
anneal-3730-lean-lsp-projection-code-actions-2026-09-29,395ad6305ab3043927ac5538cb252b03c94866eef3571fc8668d476a9930b71f,fc7041cd4e7462c6d632c0325a6319e9c39cc7e8b50484278c947c7442bbd40e,9,none,
anneal-3730-lean-mcp-adapter-availability-probe-2026-09-29,5b818d2e389ca8be1a1858ac61759880c6b7b161f035762da351a4d160374969,320971ddce908c69d666b965d566d6b66dc98ae05173a82b686c988413335f7b,8,passed_read_only,
anneal-3730-lean-pool-failure-isolation-2026-09-29,9ed2de3c8a099b1eb1bda350918dc8967fc926b8015ed13864009fb325913224,c2398f3684a4b6724f8b26bb8941f916b21428371d4355d109f260c9f36e7727,5,none,
anneal-3730-lean-protocol-import-deletion-v4-30-0-rc2,54d3b2cbb5003c200a04b0936af27fc8c62072847c4405bf7cdb986544990b7b,8fcf491b22c8a3ecbcf0bbe748409b21abde6c1b8e60d56073e4c0743e931957,6,none,
anneal-3730-lean-transitive-import-rpc-matrix-2026-09-29,0bff5986f511faf4fec14941f14f92957082e96f935c08dae93228aabd8a485f,c6f50de7ae9015c532f5a9e5380e0d5130b4eb3e54d3989047aa9d32fac88c59,180,initially_skipped,checker writes support/summary.json in place; not run
anneal-3730-lean-uri-history-import-boundaries-2026-09-29,aa8e6cfb698fb81fbbd5951a6f0578acf8fc45c5b640b7abadabf64c0bd764b7,ba05ca183af0f7b1856b99d39d83528c18794343d1980346825be6b141eb8729,30,passed_read_only,
anneal-3730-m06-generated-lake-source-order-trace-2026-09-29,ec5e5f1888f243888996767c0711432a06278c34a26726cc2902d23d5398a49f,5546e9fdfbcc8b9e56f5fd0ca417140495f5064cf9be7205f54c3399d9246fd0,30,initially_skipped,tarfile.open read-only false positive; later run passed
anneal-3730-mcp-2026-lean-goal-wire-composition-2026-09-29,b2fed316982178a76f7abd795482105e5b3aea00cdd30baa0613b34361cf449d,25a49b5c7c07004cf954e99bf215d3447ef06e236e4b9b3dd46fbbc1f71bbae7,8,passed_read_only,
anneal-3730-mcp-2026-task-wire-controls-2026-09-29,6bf0a1d772709a64603044a55d1fe204d21f9514ad6cb5419405b66511f71afc,64b5e3201cbaabf342ce45250f79e719a0217b77fdaa85fccd9a7232c05b12da,6,passed_read_only,
anneal-3730-mcp-shaped-async-task-lifecycle-2026-09-29,3cdfdaa6797d920322cf7607f5ac4423c1b50334c01ba2e374245b3f9be8a2a1,7204e29aa5fba74feb840d060c0622c5c82d4838352958f67f0067fe81964cd5,32,initially_skipped,checker writes support/summary.json in place; not run
anneal-3730-multiclient-editor-contract-2026-09-29,7bfc17cc32ba61c02eb6c964dbe7f5da025de86e54afc889460a32b57a4ba2d0,81ec330f0fa7e7cf91f6fa43dda2a0cb382bb19960058792956b09998eafee71,5,none,
anneal-3730-pinned-cross-layer-navigation-boundary-2026-09-29,ae0effa2c81ad9629bf32c808f60ab30034a41e3f9d4edd61dd927f446d36fb9,bc74e75c3e8ef7141365b4d9e65fc6222f2a61712af920215998093d5c6323e0,87,initially_skipped,checker writes support/summary.json in place; not run
anneal-3730-real-archive-manifest-gate-2026-09-29,ce8ac22390a905e9754a63a2e62c1bb427ac958757250a98d09d2a20e688d24b,f6464563e0c7ed4d18e776e208e0cd6626e56faea940fbce86bfc2aa0ab66e24,6,passed_read_only,
anneal-3730-rust-to-lean-infoview-reconnect-2026-09-29,c7fa5607f6e0bdb14dac93b72c05b174fe6342790586de51e80899c319d1e631,515fdc3f741bd8e80f5824947b6f30ff99b3c6b98ca0a74c7d649a7e0b83e499,8,passed_read_only,
anneal-3730-saved-vs-private-rust-overlay-2026-09-29,1ea994320953319878a33251e471fb62f9263fdb369b3fd7162e22dcca071f6a,0127cf9edd611d125fd1f8aa403d0db7511aaf0c8c2a17b2b15bb6de82adb871,37,none,
anneal-3730-scratch-tactic-cas-experiment-2026-09-29,3f8e8611625a83df37e1e5c888937a44d9c12ce6aebc783b9eed36dba65653e1,f93f6327c7ab3b7dcf7faa0e16a741d4850d3f4b17c190dc86eb587acf291928,11,none,
anneal-3730-scratch-tactic-concurrency-crash-2026-09-29,480cd37f8e2e2863c3c6110b7f9d3d4017f38f6ac6f49c6a2a622c63b0454995,9a77566f295b77ffc4286f62844389cebad39ccddb2abc26e8709afa74a5b530,12,none,
anneal-3730-source-owned-projection-diagnostic-matrix-2026-09-29,49f4eed6067973aa1884bdd0696d4eab64f64897554b67fc6b5b30801de874d6,57dc5ec464b7041d675b4e56acbc1f8d3443feb5bd3720bef87cca8575ae868c,19,none,
anneal-3731-real-generation-publication-v4-30-0-rc2,c99fdcf0ee509cd868039070f264cce3f97629ead090b73ccbfc320ff5b36097,7d205c595f026b8ba10d1be3ba9f349eabeb93ffa57389b16afca56489eaffae,23,passed_read_only,
anneal-interactive-pipeline-invalidation-graph-main-41f5b37,8e89118498fb3ec2d63e537adc347fbb7d0e198d5d6b56a084fc6e649d562161,e2c2c6137991217bf8accf03cca7cd5d1754bdbb6fa670a39986fbe4a6553f18,4,none,
anneal-v1-integration-test-disk-amplification-f98458e,0d7e1302bac8a88aca7b7ddce86a3d968b34dda9f5bd463930bf4fb7da84ae2b,2e2437fcca15304549bcff13730dea641736fd6fe37ef359e2847435a53c0b6d,3,none,
anneal-v1-interactive-dependency-invalidation-2026-09-28,fefafe0043a3a6beb2426587112e54830c9983b8dbb8175aa22c4b81f530999a,462c13e05e7b31f940bdc9d1e8eaaecede586f40963e968f56a832fcbeb7f4b7,17,none,
anneal-v2-current-source-surface-main-bd0956b-2026-09-29,8277543f99c36f099158038dbee22f1300d47e5cb067e2163625376106edc6f2,ebe8d135aafcd0a193bb826cb343e37bd0d43f5940d3ae6d84a19da46a4f824a,2,none,
cargo-rust-charon-anneal-coverage-matrix-2026-09-28,c0e5052c8fefc2ecc6be309d4abc463a201c2cc67c8769aef85be1c714a27002,a2e0a49e9cebb2c1cc66a111addff6a5f50aef3895c088aa5d55e5d302d9c5e6,63,none,
charon-llbc-output-goldens-and-revision-diffs-2026-09-27,9c72f749067c270d74814687258d0726c0e5402209f9672c178f01629f97cdb0,fce9264df5f06d4144361d94ce8365cdf1a4ed2e264823b2be466bafa460348e,11,none,
charon-performance-and-revision-probes-2026-09-28,24574c015feda522ae22fe87b03f8d4028011b355d2279e3d62d6386913cc883,2cc667dfa2d5d64b1359374c56fe6001058388642ff9f706d1b542e9e97350e8,23,none,
lake-artifact-cache-key-semantics-v4-30-0-rc2,0d99023d45176bb2a7a069aa84a9595642802b33250fa67b48f7758b82c5d965,2451e6d9c6bccd8717f7d4e91d2fb5e2f8457ad81c2be9e9c75cbff815767de5,3,none,
lake-artifact-cache-publication-restoration-v4-30-0-rc2,eb4eda18f10186bfeb346ec2f0fe546460bea3e4a7e5d91c31cb2cf764d7d870,415393453425aa8cb97a5667a72bd9cb418863fb38d9c2690c64dbcb9d650a3c,4,none,
lake-cache-concurrency-execution-probe-v4-30-0-rc2,67578bf617007f0a76368514bba5b4711f884267c4297ea3f10832ae402326f0,14d92779c542514b163c3e08321afdc84ff8ffde643702200d1d116713d4187e,117,none,
lake-clean-cache-seeded-equivalence-v4-30-0-rc2,1c94929e3da10efa3b38392e283c46a9f6dd2b114e8a29105ded84ef15780e27,d38aba5160f708b37bd3756afd922aea570102cac257add5dad8560558096eec,2,none,
lake-configuration-ownership-v4-30-0-rc2,113e19b61dbc950cc03c129cc454635bf4d8724f0d4aeb1ec7f3d7f8161b094d,6a0ce0ff52d19c74b9cec0c931a39d23f7fde2a224cf82e065fe77f83232c4d7,2,none,
lake-readonly-relocation-offline-concurrency-v4-30-0-rc2,51c661651406f0113a6689190d17aedda611db6f8102d1b9af05bb73ba1c12ae,af4945b6213f74a681b4e4e5149eab22c5fee9b4bc09e701bf4f2d15a0756824,6,none,
lake-server-preparation-v4-30-0-rc2,b836ee067c25c982d89024d6539698ba4ec02f89f4d425c58547acb0618c489a,e4298e1d88d2d2c9b1bca17479890f09ef8c40d43b997e6ea1a4a67adc7791b8,6,none,
lean-mcp-implementations-2026-09-27,ea8137d178cf136e832c0ab04a91c3a22f5f7b2203e6c91d57d44d13e995ac2d,dff98db27d87de25e6847ca53e437b72eb346e533e7cb80bc89865923c967545,3,none,
lean-server-memory-and-protocol-concurrency-v4-30-0-rc2,bab0cdde7bff77a87e6849ac1fb7b3cd7f6595118ea23be0c936cc92c9ed0d8c,0ddda2f6e3cca0fc898c661c9b0449c01064d9eb9cda39eefbfb7b3eed0807b9,6,none,
lsp-proof-assistant-architecture-2026-09-27,336b92f85e2e1536f16d6118e92a8bce04ba387f073ff00bd07365c872aca066,d20cfc2ac341a0aa7d939fff2e06f7a7aec0f694524702d12aea9095c3267eb9,4,none,
mcp-proof-assistant-architecture-2026-07-28,4bbd9beab3ac4c41a60ab81540597b7c72407abf521654132c5ea7f9d10a6e55,658bfb9ec278911dd33dfc58ae923c5ec78b4a7bb920040148d07b2b0ecf1ece,3,none,
