3730_id,suggestion,3731_destination,destination_dispositions,destination_gaps
A01,Minimum sufficient generation identity,I145,partial execution,"I145: Full cross-layer identity ablation including Cargo, Charon, Aeneas, LLBC, Lake, import trace, URI/version/worker/RPC."
A02,Locators versus semantic generations,"I011, I034, I079, I145",partial execution;partial execution;partial execution;partial execution,"I011: Reused request IDs, closed/reopened version reset, workspace recreation, and A→B→A against a real engine.; I034: Existing-worker remapping across generations and measured stable URI versus generation-path reuse.; I079: LLBC path/comment/order/flag/compiler-revision ablations preserving semantic and source-provenance distinctions.; I145: Full cross-layer identity ablation including Cargo, Charon, Aeneas, LLBC, Lake, import trace, URI/version/worker/RPC."
A03,Mixed-generation race matrix,"I013, I051, I134, I138",partial execution;partial execution;partial execution;partial execution,I013: A proof/helper or two-module atomic workspace edit under in-flight queries and explicit provisional-state semantics.; I051: Actual multi-module generation/artifact-family staged publication with readers paused after each write.; I134: Actual in-flight edit/rebuild causal barriers and worker/request identities across stages.; I138: Real Charon/Aeneas model-change sequence with pending/failing/late generations and before/during/after queries.
A04,Late publication after cancellation,"I053, I106",partial execution;partial execution,"I053: Late obsolete real backend output tested independently for generated source, compiled artifacts, diagnostics, and cache insertion.; I106: Queued real diagnostics/progress/exit after cancellation with correlation and publication fences."
A05,Snapshot retention versus recomputation,"I047, I146",partial execution;partial execution,"I047: Latest-only versus retained historical snapshots with measured storage/latency during rapid edits.; I146: Retention tiers on actual generated outputs with memory, historical-goal latency, recomputation, and restart costs."
A06,Historical query semantics,"I047, I146",partial execution;partial execution,"I047: Latest-only versus retained historical snapshots with measured storage/latency during rapid edits.; I146: Retention tiers on actual generated outputs with memory, historical-goal latency, recomputation, and restart costs."
A07,Cross-process reconstruction,"I016, I110",partial execution;partial execution,"I016: Anneal restart reconstruction from disk, retained snapshot, and reconnecting unsaved buffers.; I110: Forced worker/watchdog/Anneal/build-process kills and reconstruction from authoritative inputs."
A08,Hashes versus monotonic revisions,"I011, I079, I097, I145",partial execution;partial execution;partial execution;partial execution,"I011: Reused request IDs, closed/reopened version reset, workspace recreation, and A→B→A against a real engine.; I079: LLBC path/comment/order/flag/compiler-revision ablations preserving semantic and source-provenance distinctions.; I097: Candidate cache-key false-hit/false-miss ablations across source, model, tool, flags, and paths.; I145: Full cross-layer identity ablation including Cargo, Charon, Aeneas, LLBC, Lake, import trace, URI/version/worker/RPC."
B01,Exact projection model,I026,partial execution,"I026: Actual Anneal annotation stripping, escaping, and scaffolding with exact source-map inversion and cross-segment rejection."
B02,Executed round-trip corpus,"I025, I026, I032",partial execution;partial execution;partial execution,"I025: Negotiated LSP encoding round trips in a real host/projection pipeline; property fixture covers scalar/UTF-16 boundaries only.; I026: Actual Anneal annotation stripping, escaping, and scaffolding with exact source-map inversion and cross-segment rejection.; I032: Boundary-edit fuzz on actual annotation grammar plus measured full versus incremental mapping latency."
B03,UTF-16 stress tests,"I025, I062",partial execution;partial execution,"I025: Negotiated LSP encoding round trips in a real host/projection pipeline; property fixture covers scalar/UTF-16 boundaries only.; I062: Representative clients negotiating position encoding, sync modes, versions, and feature fallbacks."
B04,Incremental projection algorithm,I032,partial execution,I032: Boundary-edit fuzz on actual annotation grammar plus measured full versus incremental mapping latency.
B05,Host-only edits shift source positions,"I029, I032",partial execution;partial execution,I029: Real projected edits with source-and-projection CAS after unrelated shifting edits and atomic conflict reporting.; I032: Boundary-edit fuzz on actual annotation grammar plus measured full versus incremental mapping latency.
B06,Delimiter corruption and partial syntax,"I017, I046",partial execution;partial execution,"I017: Real candidate annotation encodings and tolerant parser recovery under unfinished Rust and Lean.; I046: Goal availability before and after partial declarations, unknown tactics, timeouts, and recoverable errors."
B07,Multiple-annotation document granularity,"I022, I035",partial execution;requested execution not run,"I022: Multiple annotations and helper/import ordering with visibility, collision, and recursion controls.; I035: Per-annotation, per-file, and per-artifact layouts on same proofs with helper visibility and model-size/worker-count costs."
B08,Name visibility and namespaces,"I022, I037",partial execution;partial execution,"I022: Multiple annotations and helper/import ordering with visibility, collision, and recursion controls.; I037: Elaborated proposition/dependency comparison for projected wrappers under local instances, macros, notation, and options."
B09,Embedded import-header ownership,"I018, I022, I091",partial execution;partial execution;partial execution,"I018: A full proof-only classifier challenged by macro, include, and build-time readers in actual extraction inputs.; I022: Multiple annotations and helper/import ordering with visibility, collision, and recursion controls.; I091: Unsaved changed import header with captured per-file ModuleSetup/artifact/plugin/option identity."
B10,Authored versus generated edits,"I026, I027, I030, I069",partial execution;partial execution;partial execution;requested integration not run,"I026: Actual Anneal annotation stripping, escaping, and scaffolding with exact source-map inversion and cross-segment rejection.; I027: Real one-to-many obligations and many-to-one declarations with routing, related diagnostics, and edit ambiguity.; I030: Completion snippets, additional edits/imports, code actions, and synthetic-region crossings in real projection.; I069: Executed tool access tiers and workspace/path isolation, especially generated-to-authored edit authority."
B11,Code actions and rename,"I030, I059, I060",partial execution;requested execution not run;requested execution not run,"I030: Completion snippets, additional edits/imports, code actions, and synthetic-region crossings in real projection.; I059: Mapped hover, definition/reference navigation, semantic tokens, and unavailable imported-source behavior.; I060: Cross-file Lean rename/workspace edits with Rust symbols unchanged and partial client capability controls."
B12,Hover/completion/tokens/signature help/inlay hints,"I030, I059, I062",partial execution;requested execution not run;partial execution,"I030: Completion snippets, additional edits/imports, code actions, and synthetic-region crossings in real projection.; I059: Mapped hover, definition/reference navigation, semantic tokens, and unavailable imported-source behavior.; I062: Representative clients negotiating position encoding, sync modes, versions, and feature fallbacks."
B13,Diagnostic responsibility versus editability,"I027, I031",partial execution;partial execution,"I027: Real one-to-many obligations and many-to-one declarations with routing, related diagnostics, and edit ambiguity.; I031: Full diagnostic source ownership across generated scaffolding, model, external imports, and ambiguous/absent spans."
B14,Macro-generated annotations,"I019, I087",partial execution;partial execution,"I019: Compiler-backed annotation attachment across cfg, aliases, trait defaults, local/generated items, and explicit ambiguity outcomes.; I087: Actual Aeneas origin/range metadata at selected pin and explicit adapter mapping needs; newer translation.json requires separate comparison."
B15,Unsaved host as proof authority,"I012, I068, I137, I155",partial execution;requested integration not run;partial execution;requested integration not run,"I012: Full editor buffer lifecycle including save, external overwrite, rename, deletion, and reopened authority transfer.; I068: One actual MCP/editor workspace authority with alternating unsaved edits, queries, and reconnect.; I137: Real Rust-hosted annotation with parser, projection, prepared model, exact live query/edit, and batch check.; I155: Rust-host open/change/save/rename/close through hidden Lean document lifecycle and cleanup."
C01,Version-bound goal wrapper,"I041, I045, I048, I145",partial execution;partial execution;partial execution;partial execution,"I041: Interleavings before/during/after goal wait on exact versions and a chosen client fence/worker replacement protocol.; I045: Actual worker incarnation replacement with delayed old responses, reused IDs, and clean versus forced termination.; I048: Worker attestation of loaded artifacts/options/plugins or validated fresh-worker construction at the real project boundary.; I145: Full cross-layer identity ablation including Cargo, Charon, Aeneas, LLBC, Lake, import trace, URI/version/worker/RPC."
C02,Rich RPC versus plainGoal,"I043, I044, I046",partial execution;partial execution;partial execution,"I043: Position-selection matrix for nested tactics, combinators, macro/error/EOF, and interactive versus plain goals.; I044: Interactive RPC handle lifetime across edit, cancel, close, worker/server restart and reconnect.; I046: Goal availability before and after partial declarations, unknown tactics, timeouts, and recoverable errors."
C03,Worker-restart freshness barrier,I049,partial execution,"I049: Matched import-refresh matrix under lake serve, lake env lean --server, and direct prepared Lean."
C04,Server launch-mode comparison,I049,partial execution,"I049: Matched import-refresh matrix under lake serve, lake env lean --server, and direct prepared Lean."
C05,Changed artifact with unchanged source,I147,partial execution,I147: Source unchanged/artifact changed and source changed/semantic artifact same with both old and fresh workers.
C06,Changed source with identical rebuilt artifact,I147,partial execution,I147: Source unchanged/artifact changed and source changed/semantic artifact same with both old and fresh workers.
C07,Import additions/removals/renames,"I051, I055",partial execution;partial execution,"I051: Actual multi-module generation/artifact-family staged publication with readers paused after each write.; I055: Full output-set shrinkage, reused module names, and proof/obligation deletion in a selected real generation."
C08,RPC and handle lifetimes,"I044, I045, I047, I122",partial execution;partial execution;partial execution;partial execution,"I044: Interactive RPC handle lifetime across edit, cancel, close, worker/server restart and reconnect.; I045: Actual worker incarnation replacement with delayed old responses, reused IDs, and clean versus forced termination.; I047: Latest-only versus retained historical snapshots with measured storage/latency during rapid edits.; I122: Repeated crash/restart cleanup with durable owner identity and bounded orphan reclamation."
C09,Concurrent goal queries in one document,"I041, I134",partial execution;partial execution,I041: Interleavings before/during/after goal wait on exact versions and a chosen client fence/worker replacement protocol.; I134: Actual in-flight edit/rebuild causal barriers and worker/request identities across stages.
C10,Many proofs importing one model,"I050, I056",partial execution;partial execution,"I050: Transitive import, package option, macro extension, and native plugin invalidation distinct from direct import deletion.; I056: Proof-body/statement/helper/model ablation and sound incremental reuse boundaries on real Lean imports."
C11,Importing another live proof,"I038, I039",partial execution;partial execution,"I038: A supported two-open-document unsaved-import design or explicit staged materialization protocol.; I039: Cross-annotation helper graph, model references, legal grouping, and cycle rejection beyond a simple Lake cycle."
C12,Semantic-readiness alternatives,"I042, I048",partial execution;partial execution,I042: Separate parsing/import/elaboration/async task delays with ready-at-position and whole-file status classification.; I048: Worker attestation of loaded artifacts/options/plugins or validated fresh-worker construction at the real project boundary.
C13,Partial-file elaboration,I046,partial execution,"I046: Goal availability before and after partial declarations, unknown tactics, timeouts, and recoverable errors."
C14,Diagnostics/goal disagreement,"I058, I129",partial execution;partial execution,"I058: Push/pull diagnostic multiplexing with rustc/Charon/Aeneas/Lean origins and stale clearing across rename.; I129: Machine-level status taxonomy separating goal, elaboration, admission, obligations, and Rust-level coverage."
C15,Crash recovery of unsaved text,"I016, I110",partial execution;partial execution,"I016: Anneal restart reconstruction from disk, retained snapshot, and reconnecting unsaved buffers.; I110: Forced worker/watchdog/Anneal/build-process kills and reconstruction from authoritative inputs."
D01,Saved Rust versus overlays,"I073, I074",partial execution;partial execution,"I073: Saved-only versus snapshot-materialized Rust and any compiler overlay on identical intended unsaved bytes, with explicit source-version UX.; I074: Shadow-workspace fidelity for path dependencies, build scripts, proc macros, includes, env, generated files, and path-sensitive compiler output."
D02,Overlay path sensitivity,I074,partial execution,"I074: Shadow-workspace fidelity for path dependencies, build scripts, proc macros, includes, env, generated files, and path-sensitive compiler output."
D03,Cargo reuse with materialized snapshots,"I075, I080",partial execution;partial execution,"I075: Warm-Cargo skipped-Charon controls with wrapper/target variations, fresh LLBC witness, and stale destination rejection.; I080: Cargo target/incremental/build-script/wrapper resource sharing under parallel snapshots and cancellation."
D04,Charon process lifetime,"I077, I118",partial execution;partial execution,"I077: Charon A/B/A process/library reset after errors/cancel, compiler lifetime, and isolation evidence.; I118: Stage-by-stage end-to-end latency under proof-only, model, import, and toolchain changes at realistic sizes."
D05,Charon concurrent determinism,"I079, I148",partial execution;partial execution,"I079: LLBC path/comment/order/flag/compiler-revision ablations preserving semantic and source-provenance distinctions.; I148: Determinism across sequential/concurrent Charon/Aeneas modes, flags, split layout, and semantic comparator."
D06,Charon cancellation cleanup,"I078, I080, I105",partial execution;partial execution;partial execution,I078: Interrupted/failing Charon output transaction with schema/version/subject/completeness checks and atomic publication.; I080: Cargo target/incremental/build-script/wrapper resource sharing under parallel snapshots and cancellation.; I105: Per-stage real process-group cancellation through Cargo/Charon/Aeneas/Lake/Lean and cleanup.
D07,Compilation-subject invalidation matrix,"I009, I020, I076",partial execution;partial execution;partial execution,"I009: A complete compilation/verification input tuple with dependency, cfg, target, build-script, environment, model, and tool perturbations.; I020: Subject selection across the same source in lib/test/bin, features, and target triples with model/proof mismatch signaling.; I076: Concurrent compilation-unit identity for targets, host/target, features, crate-name collisions, and LLBC destination ownership."
D08,Annotation-only upstream bypass,I018,partial execution,"I018: A full proof-only classifier challenged by macro, include, and build-time readers in actual extraction inputs."
D09,Compilation-affecting annotations,"I018, I019",partial execution;partial execution,"I018: A full proof-only classifier challenged by macro, include, and build-time readers in actual extraction inputs.; I019: Compiler-backed annotation attachment across cfg, aliases, trait defaults, local/generated items, and explicit ambiguity outcomes."
D10,Stable item correspondence across edits,"I019, I021, I149",partial execution;partial execution;partial execution,"I019: Compiler-backed annotation attachment across cfg, aliases, trait defaults, local/generated items, and explicit ambiguity outcomes.; I021: Annotation identity across move, duplicate, split, reorder, and deletion while results remain in flight.; I149: Machine-readable manifest with exact cross-layer identities, complete file/module/declaration graph, and proven mappings."
E01,Warm Aeneas without semantic reuse,"I081, I118",toolchain-gated;partial execution,"I081: Aeneas same-process A/B/A with changed flags/models/failure/cancel, reset evidence, and fresh-process oracle.; I118: Stage-by-stage end-to-end latency under proof-only, model, import, and toolchain changes at realistic sizes."
E02,Global-state reset audit,"I081, I088",toolchain-gated;partial execution,"I081: Aeneas same-process A/B/A with changed flags/models/failure/cancel, reset evidence, and fresh-process oracle.; I088: Warnings, crashes, rejected inputs, partial files, diagnostics origin, and repeated-request residual state across pins."
E03,In-process concurrent Aeneas requests,I081,toolchain-gated,"I081: Aeneas same-process A/B/A with changed flags/models/failure/cancel, reset evidence, and fresh-process oracle."
E04,Transactional generated-tree replacement,"I051, I052, I085",partial execution;partial execution;partial execution,"I051: Actual multi-module generation/artifact-family staged publication with readers paused after each write.; I052: Prepare at final versus moved path across manifests, traces, setup, native libraries, and retained workers.; I085: Complete generated-output ownership manifest, user external-model preservation, deletion, and partial failure handling."
E05,Declaration deletion and rename,"I055, I085",partial execution;partial execution,"I055: Full output-set shrinkage, reused module names, and proof/obligation deletion in a selected real generation.; I085: Complete generated-output ownership manifest, user external-model preservation, deletion, and partial failure handling."
E06,Generated-source determinism,I148,partial execution,"I148: Determinism across sequential/concurrent Charon/Aeneas modes, flags, split layout, and semantic comparator."
E07,Semantic sameness with textual instability,"I079, I084, I132, I148",partial execution;partial execution;partial execution;partial execution,"I079: LLBC path/comment/order/flag/compiler-revision ablations preserving semantic and source-provenance distinctions.; I084: Generated Lean name/signature/context stability under unrelated edits, helper insertion, reorder, and module moves.; I132: Calibrated comparators for text, declaration, proposition, assumptions, obligation set, and diagnostics.; I148: Determinism across sequential/concurrent Charon/Aeneas modes, flags, split layout, and semantic comparator."
E08,Output-to-model manifest,I149,partial execution,"I149: Machine-readable manifest with exact cross-layer identities, complete file/module/declaration graph, and proven mappings."
E09,Generated versus external-model ownership,"I024, I085",partial execution;partial execution,"I024: Preservation of unsaved authored Lean, formatting, and unsupported text through regeneration and external edits.; I085: Complete generated-output ownership manifest, user external-model preservation, deletion, and partial failure handling."
E10,External model changes without codegen changes,"I050, I082, I147",partial execution;partial execution;partial execution,"I050: Transitive import, package option, macro extension, and native plugin invalidation distinct from direct import deletion.; I082: Independent LLBC, normalization, options, external registry, library version, and naming input ablations with collision controls.; I147: Source unchanged/artifact changed and source changed/semantic artifact same with both old and fresh workers."
E11,Restricted finer-grained Aeneas prototype,I083,partial execution,I083: Changed function/type/trait/recursive group/external model with whole-crate oracle and finer-invalidation counterexamples.
E12,Failure during generation and fallback,"I054, I085, I088",partial execution;partial execution;partial execution,"I054: Failure at every extraction/translation/build/server stage with visible last-good model and explicit rollback policy.; I085: Complete generated-output ownership manifest, user external-model preservation, deletion, and partial failure handling.; I088: Warnings, crashes, rejected inputs, partial files, diagnostics origin, and repeated-request residual state across pins."
F01,Prepared-environment schema,"I090, I091, I150",partial execution;partial execution;partial execution,"I090: Lake package graph order/duplicate/version/rename identity and source/config ablations beyond one package.; I091: Unsaved changed import header with captured per-file ModuleSetup/artifact/plugin/option identity.; I150: All operation-specific prepared inputs for lake serve, setup-file, InfoView/RPC, native/plugin use, and ownership."
F02,Real read-only archive/server probe,I089,partial execution,"I089: Actual prepared Anneal archive consumed from empty home/cache with enforced read-only dependencies, full manifest, server and first-query write tracing."
F03,4.30 versus later Lake ownership,"I094, I158",partial execution;partial execution,I094: Matched read-only consumer behavior on a deliberately selected later compatible Lean/Lake tuple.; I158: Retained cross-tool replay suite on selected compatible upgrades with workaround deletion probes.
F04,Real-archive missing-manifest control,I089,partial execution,"I089: Actual prepared Anneal archive consumed from empty home/cache with enforced read-only dependencies, full manifest, server and first-query write tracing."
F05,Prepared-environment identity collisions,"I090, I096, I145",partial execution;partial execution;partial execution,"I090: Lake package graph order/duplicate/version/rename identity and source/config ablations beyond one package.; I096: CLI/editor/MCP/CI launch variants with cwd, PATH, home, selectors, executable digests, and dependencies.; I145: Full cross-layer identity ablation including Cargo, Charon, Aeneas, LLBC, Lake, import trace, URI/version/worker/RPC."
F06,Server artifact completeness,"I098, I150",partial execution;partial execution,"I098: Mixed/truncated cross-generation .olean/.ilean/native/setup/plugin artifact-family controls.; I150: All operation-specific prepared inputs for lake serve, setup-file, InfoView/RPC, native/plugin use, and ownership."
F07,No-build/no-cache fail-closed path,I092,partial execution,"I092: No-build/no-cache server path against missing configs, malformed manifest, and all incomplete artifact families."
F08,Build completion versus server readiness,"I042, I089, I091",partial execution;partial execution;partial execution,"I042: Separate parsing/import/elaboration/async task delays with ready-at-position and whole-file status classification.; I089: Actual prepared Anneal archive consumed from empty home/cache with enforced read-only dependencies, full manifest, server and first-query write tracing.; I091: Unsaved changed import header with captured per-file ModuleSetup/artifact/plugin/option identity."
F09,Unsaved import changes,I091,partial execution,I091: Unsaved changed import header with captured per-file ModuleSetup/artifact/plugin/option identity.
F10,Cache-hit and rebuild observability,I095,partial execution,"I095: Launched-process, read/write, and trace evidence of actual reuse plus effective parallelism controls."
F11,Artifact-cache writer crash consistency,I102,partial execution,I102: Interrupted concurrent restore/download/extract/publish with wrong-identity and corrupt-object recovery.
F12,Shared package-directory writer crashes,"I108, I151",partial execution;partial execution,I108: Real lock ordering across prepare/publish/cache/restart/GC with injected pauses and bounded waits.; I151: Conflicting simultaneous writes and controlled kill at output/trace publication with cache inspection.
F13,Read-only producer/many consumers,"I089, I114, I139",partial execution;partial execution;requested execution not run,"I089: Actual prepared Anneal archive consumed from empty home/cache with enforced read-only dependencies, full manifest, server and first-query write tracing.; I114: Cold/warm correctness and throughput/latency/CPU/physical-memory/disk sweep under safe host limits.; I139: Actual parallel Anneal generated-project tests combining edit/scratch/restart/cleanup and resource bounds."
F14,Consumer/toolchain relocation separately and together,I101,partial execution,"I101: Real generated consumer relocation with original producer inaccessible across setup, native libraries, and diagnostics."
F15,Final-location preparation versus rename,I052,partial execution,"I052: Prepare at final versus moved path across manifests, traces, setup, native libraries, and retained workers."
F16,Network-denied consumption,I104,partial execution,I104: Enforced network denial and isolated home/cache while tracing attempted access in producer/consumer paths.
F17,User-cache contamination,"I096, I104",partial execution;partial execution,"I096: CLI/editor/MCP/CI launch variants with cwd, PATH, home, selectors, executable digests, and dependencies.; I104: Enforced network denial and isolated home/cache while tracing attempted access in producer/consumer paths."
F18,Timestamp perturbations,I100,partial execution,I100: Trace normalization and source-order mutations beyond one same-mtime stale-output control.
F19,Clean oracle for interactive setup,"I099, I131, I132",partial execution;partial execution;partial execution,"I099: Independent clean versus prepared project comparisons of declarations, assumptions, navigation, tactic state, and artifacts.; I131: Exact captured proof/import fresh-process check plus distinction from independent kernel rechecking.; I132: Calibrated comparators for text, declaration, proposition, assumptions, obligation set, and diagnostics."
F20,Generated-module rebuild isolation,"I089, I113",partial execution;partial execution,"I089: Actual prepared Anneal archive consumed from empty home/cache with enforced read-only dependencies, full manifest, server and first-query write tracing.; I113: Complete logical/allocated/inode/write/peak-space bill across Rust, LLBC, Lean, Lake, caches, and outside workspace."
G01,Explicit transport-independent MCP handles,"I065, I066, I145",requested integration not run;requested integration not run;partial execution,"I065: Executable MCP revision/capability negotiation and fallback for handles, progress, cancellation, and retrieval.; I066: A typed minimal proof-tool API exercised on actual subject/snapshot selection and verification.; I145: Full cross-layer identity ablation including Cargo, Charon, Aeneas, LLBC, Lake, import trace, URI/version/worker/RPC."
G02,Handle expiry and stale-generation failures,"I044, I047, I122, I145",partial execution;partial execution;partial execution;partial execution,"I044: Interactive RPC handle lifetime across edit, cancel, close, worker/server restart and reconnect.; I047: Latest-only versus retained historical snapshots with measured storage/latency during rapid edits.; I122: Repeated crash/restart cleanup with durable owner identity and bounded orphan reclamation.; I145: Full cross-layer identity ablation including Cargo, Charon, Aeneas, LLBC, Lake, import trace, URI/version/worker/RPC."
G03,Long-running MCP tasks,"I065, I071",requested integration not run;requested integration not run,"I065: Executable MCP revision/capability negotiation and fallback for handles, progress, cancellation, and retrieval.; I071: Actual asynchronous MCP progress/result lifecycle with expiry, cancellation, and partial-failure responses."
G04,Subscriptions for diagnostics/progress,I152,requested integration not run,I152: Executable MCP subscription versus polling under dropped/delayed messages and state reconciliation.
G05,Concurrent agents in one workspace,"I014, I067, I068",partial execution;requested integration not run;requested integration not run,"I014: Four actual writers sharing one workspace, including lost-update and fork/exclusive-owner controls.; I067: Lost-response retry of mutations, worker creation, and verification with bounded deduplication and CAS.; I068: One actual MCP/editor workspace authority with alternating unsaved edits, queries, and reconnect."
G06,Version-checked agent patch transaction,"I029, I070, I137",partial execution;requested integration not run;partial execution,"I029: Real projected edits with source-and-projection CAS after unrelated shifting edits and atomic conflict reporting.; I070: Isolated scratch tactic attempts applied back under subject/proof CAS and verified against intended context.; I137: Real Rust-hosted annotation with parser, projection, prepared model, exact live query/edit, and batch check."
G07,Scratch tactic trials and reuse,"I040, I070, I116, I153",partial execution;requested integration not run;partial execution;partial execution,"I040: Scratch proof forks with matched module identity, options, imports, surrounding commands, and real-candidate replay.; I070: Isolated scratch tactic attempts applied back under subject/proof CAS and verified against intended context.; I116: Long edit/query/open/close/restart soak with resource retention and leak classification.; I153: Matched one-watchdog versus N-server and MCP broker/adapters with 1/2/4/8 docs and scratch churn."
G08,Scratch environment fidelity,I040,partial execution,"I040: Scratch proof forks with matched module identity, options, imports, surrounding commands, and real-candidate replay."
G09,Read-only versus mutating tools,"I069, I126",requested integration not run;partial execution,"I069: Executed tool access tiers and workspace/path isolation, especially generated-to-authored edit authority.; I126: Lake config, Lean tactics/macros/native extensions and enforced containment/resource limits beyond benign direct controls."
G10,MCP multiplexing/process isolation,"I004, I153",requested execution not run;partial execution,"I004: Matched one-shot, per-project worker, and shared-broker workload with startup, isolation, reconstruction, and cost measurements.; I153: Matched one-watchdog versus N-server and MCP broker/adapters with 1/2/4/8 docs and scratch churn."
G11,Edit/setup authorization taxonomy,I069,requested integration not run,"I069: Executed tool access tiers and workspace/path isolation, especially generated-to-authored edit authority."
G12,Response provenance envelope,"I066, I145",requested integration not run;partial execution,"I066: A typed minimal proof-tool API exercised on actual subject/snapshot selection and verification.; I145: Full cross-layer identity ablation including Cargo, Charon, Aeneas, LLBC, Lake, import trace, URI/version/worker/RPC."
G13,Retry and idempotency,I067,requested integration not run,"I067: Lost-response retry of mutations, worker creation, and verification with bounded deduplication and CAS."
G14,MCP cancellation races,"I071, I105, I106",requested integration not run;partial execution;partial execution,"I071: Actual asynchronous MCP progress/result lifecycle with expiry, cancellation, and partial-failure responses.; I105: Per-stage real process-group cancellation through Cargo/Charon/Aeneas/Lake/Lean and cleanup.; I106: Queued real diagnostics/progress/exit after cancellation with correlation and publication fences."
G15,Agent navigation Rust-to-Lean-and-back,"I066, I140, I149",requested integration not run;partial execution;partial execution,"I066: A typed minimal proof-tool API exercised on actual subject/snapshot selection and verification.; I140: Multiple controlled agent tasks with counterbalanced feedback order, matched cognitive budgets, and broader contracts.; I149: Machine-readable manifest with exact cross-layer identities, complete file/module/declaration graph, and proven mappings."
H01,Virtual document URI strategy,"I033, I034, I155",partial execution;partial execution;requested integration not run,"I033: URI/physical-path behavior across supported Lake launch modes and setup-file with imports, not just direct Lean.; I034: Existing-worker remapping across generations and measured stable URI versus generation-path reuse.; I155: Rust-host open/change/save/rename/close through hidden Lean document lifecycle and cleanup."
H02,Custom URI versus setup-file,"I033, I155",partial execution;requested integration not run,"I033: URI/physical-path behavior across supported Lake launch modes and setup-file with imports, not just direct Lean.; I155: Rust-host open/change/save/rename/close through hidden Lean document lifecycle and cleanup."
H03,Shadow-file authority and recovery,I155,requested integration not run,I155: Rust-host open/change/save/rename/close through hidden Lean document lifecycle and cleanup.
H04,Hidden Lean document lifecycle,"I033, I064, I155",partial execution;partial execution;requested integration not run,"I033: URI/physical-path behavior across supported Lake launch modes and setup-file with imports, not just direct Lean.; I064: Editor disconnect/reconnect ownership against divergent disk/buffer bytes and live Lean worker.; I155: Rust-host open/change/save/rename/close through hidden Lean document lifecycle and cleanup."
H05,Different unsaved editor clients,"I014, I068",partial execution;requested integration not run,"I014: Four actual writers sharing one workspace, including lost-update and fork/exclusive-owner controls.; I068: One actual MCP/editor workspace authority with alternating unsaved edits, queries, and reconnect."
H06,Save versus existing unsaved generation,I063,requested execution not run,"I063: Real editor autosave/format/watch/build events with loop, duplicate-work, and dirty-buffer controls."
H07,Rename/move with open proof,"I021, I034, I063, I155",partial execution;partial execution;requested execution not run;requested integration not run,"I021: Annotation identity across move, duplicate, split, reorder, and deletion while results remain in flight.; I034: Existing-worker remapping across generations and measured stable URI versus generation-path reuse.; I063: Real editor autosave/format/watch/build events with loop, duplicate-work, and dirty-buffer controls.; I155: Rust-host open/change/save/rename/close through hidden Lean document lifecycle and cleanup."
H08,Workspace-folder/project switch,"I004, I057, I153",requested execution not run;partial execution;partial execution,"I004: Matched one-shot, per-project worker, and shared-broker workload with startup, isolation, reconstruction, and cost measurements.; I057: Editor extension, LSP proxy, and separate-server prototypes for both Rust and embedded Lean features.; I153: Matched one-watchdog versus N-server and MCP broker/adapters with 1/2/4/8 docs and scratch churn."
H09,Editor cancellation through scheduler,"I007, I105, I107",partial execution;partial execution;partial execution,"I007: A shared in-flight real backend with per-consumer cancellation and cache reuse ownership, beyond symbolic/fake stages.; I105: Per-stage real process-group cancellation through Cargo/Charon/Aeneas/Lake/Lean and cleanup.; I107: Shared actual build with multiple consumers, one cancellation, one failure, and reference-count/fan-out behavior."
H10,Stale diagnostics during regeneration,"I054, I058, I141",partial execution;partial execution;human-gated,I054: Failure at every extraction/translation/build/server stage with visible last-good model and explicit rollback policy.; I058: Push/pull diagnostic multiplexing with rustc/Charon/Aeneas/Lean origins and stale clearing across rename.; I141: Human participants and interface comprehension trials for stale/pending/cancelled/unsupported/approximate states.
I01,Batch/fresh/warm/edited/restarted equivalence,"I001, I131, I132",partial execution;partial execution;partial execution,"I001: A full same-subject batch/live equivalence contract across obligations, imports, assumptions, and acceptable diagnostic differences.; I131: Exact captured proof/import fresh-process check plus distinction from independent kernel rechecking.; I132: Calibrated comparators for text, declaration, proposition, assumptions, obligation set, and diagnostics."
I02,Actual batch/live import identity,"I048, I099, I131",partial execution;partial execution;partial execution,"I048: Worker attestation of loaded artifacts/options/plugins or validated fresh-worker construction at the real project boundary.; I099: Independent clean versus prepared project comparisons of declarations, assumptions, navigation, tactic state, and artifacts.; I131: Exact captured proof/import fresh-process check plus distinction from independent kernel rechecking."
I03,Live acceptance followed by fresh verification,"I131, I137, I138",partial execution;partial execution;partial execution,"I131: Exact captured proof/import fresh-process check plus distinction from independent kernel rechecking.; I137: Real Rust-hosted annotation with parser, projection, prepared model, exact live query/edit, and batch check.; I138: Real Charon/Aeneas model-change sequence with pending/failing/late generations and before/during/after queries."
I04,Batch acceptance followed by cold interactive use,"I089, I091, I131",partial execution;partial execution;partial execution,"I089: Actual prepared Anneal archive consumed from empty home/cache with enforced read-only dependencies, full manifest, server and first-query write tracing.; I091: Unsaved changed import header with captured per-file ModuleSetup/artifact/plugin/option identity.; I131: Exact captured proof/import fresh-process check plus distinction from independent kernel rechecking."
I05,Verification scope across live transitions,"I129, I138, I144",partial execution;partial execution;partial execution,"I129: Machine-level status taxonomy separating goal, elaboration, admission, obligations, and Rust-level coverage.; I138: Real Charon/Aeneas model-change sequence with pending/failing/late generations and before/during/after queries.; I144: Decision synthesis after remaining experiments: evidence, counterexample, fallback, regression, and v2 interface choice."
I06,No goals versus theorem/file/project acceptance,I129,partial execution,"I129: Machine-level status taxonomy separating goal, elaboration, admission, obligations, and Rust-level coverage."
I07,TCB identity under reuse,I130,partial execution,I130: Claim-relative axiom/admission/native/model taint propagated through reused artifacts and theorem callers.
I08,Development/partial-result taint,"I130, I141",partial execution;human-gated,I130: Claim-relative axiom/admission/native/model taint propagated through reused artifacts and theorem callers.; I141: Human participants and interface comprehension trials for stale/pending/cancelled/unsupported/approximate states.
J01,Real generated-project disk scaling,"I113, I114, I139",partial execution;partial execution;requested execution not run,"I113: Complete logical/allocated/inode/write/peak-space bill across Rust, LLBC, Lean, Lake, caches, and outside workspace.; I114: Cold/warm correctness and throughput/latency/CPU/physical-memory/disk sweep under safe host limits.; I139: Actual parallel Anneal generated-project tests combining edit/scratch/restart/cleanup and resource bounds."
J02,Every copied byte classified,I113,partial execution,"I113: Complete logical/allocated/inode/write/peak-space bill across Rust, LLBC, Lean, Lake, caches, and outside workspace."
J03,Real-import server memory scaling,"I114, I117, I153",partial execution;partial execution;partial execution,I114: Cold/warm correctness and throughput/latency/CPU/physical-memory/disk sweep under safe host limits.; I117: Physical/proportional memory plus summed RSS and file-cache sharing for workers/plugins/watchdogs.; I153: Matched one-watchdog versus N-server and MCP broker/adapters with 1/2/4/8 docs and scratch churn.
J04,One watchdog/many documents versus many servers,I153,partial execution,I153: Matched one-watchdog versus N-server and MCP broker/adapters with 1/2/4/8 docs and scratch churn.
J05,Prewarmed scratch pool scaling,"I116, I153",partial execution;partial execution,I116: Long edit/query/open/close/restart soak with resource retention and leak classification.; I153: Matched one-watchdog versus N-server and MCP broker/adapters with 1/2/4/8 docs and scratch churn.
J06,Nested parallelism budget,I115,partial execution,"I115: Outer/inner parallelism controls measured for Cargo/rustc, Aeneas, Lake, and Lean threads/processes."
J07,Cold/warm latency decomposition,I118,partial execution,"I118: Stage-by-stage end-to-end latency under proof-only, model, import, and toolchain changes at realistic sizes."
J08,Test/fixture/suite reuse granularity,I154,partial execution,"I154: Per-test/per-fixture/per-suite contamination controls including plugins, phase ordering, and worker restarts."
J09,Failures under high concurrency,"I105, I110, I139",partial execution;partial execution;requested execution not run,I105: Per-stage real process-group cancellation through Cargo/Charon/Aeneas/Lake/Lean and cleanup.; I110: Forced worker/watchdog/Anneal/build-process kills and reconstruction from authoritative inputs.; I139: Actual parallel Anneal generated-project tests combining edit/scratch/restart/cleanup and resource bounds.
J10,Long-lived daemon resource drift,"I116, I122",partial execution;partial execution,I116: Long edit/query/open/close/restart soak with resource retention and leak classification.; I122: Repeated crash/restart cleanup with durable owner identity and bounded orphan reclamation.
J11,Generation collection with live readers,I121,partial execution,"I121: GC lease condition for active workers, pending queries, scratch forks, later opens, and replay records."
J12,Cross-test contamination sentinels,"I135, I154",partial execution;partial execution,"I135: Pairwise/higher-order source/import/cache/launch/lifecycle matrix and seeded wrong-subject/assumption controls.; I154: Per-test/per-fixture/per-suite contamination controls including plugins, phase ordering, and worker restarts."
J13,Concurrent identical cache misses,"I102, I107",partial execution;partial execution,"I102: Interrupted concurrent restore/download/extract/publish with wrong-identity and corrupt-object recovery.; I107: Shared actual build with multiple consumers, one cancellation, one failure, and reference-count/fan-out behavior."
J14,Filesystem-specific resource scaling,"I119, I124",partial execution;platform-gated,"I119: Whole prepared tree sharing strategy with actual consumer writes, APFS extent accounting, and load.; I124: Other supported OS/filesystem publication and open-file semantics; Windows/network tests remain conditional on scope/host."
J15,Resource limits and stale-success fallback,"I109, I129",partial execution;partial execution,"I109: Bounded time, memory, disk, descriptor, and process-slot exhaustion with recovery and last-good preservation.; I129: Machine-level status taxonomy separating goal, elaboration, admission, obligations, and Rust-level coverage."
K01,Exact pre-compiler proof-range sidecar,"I025, I026, I149",partial execution;partial execution;partial execution,"I025: Negotiated LSP encoding round trips in a real host/projection pipeline; property fixture covers scalar/UTF-16 boundaries only.; I026: Actual Anneal annotation stripping, escaping, and scaffolding with exact source-map inversion and cross-segment rejection.; I149: Machine-readable manifest with exact cross-layer identities, complete file/module/declaration graph, and proven mappings."
K02,Cross-layer declaration manifest,I149,partial execution,"I149: Machine-readable manifest with exact cross-layer identities, complete file/module/declaration graph, and proven mappings."
K03,Macro provenance/edit responsibility,"I019, I031",partial execution;partial execution,"I019: Compiler-backed annotation attachment across cfg, aliases, trait defaults, local/generated items, and explicit ambiguity outcomes.; I031: Full diagnostic source ownership across generated scaffolding, model, external imports, and ambiguous/absent spans."
K04,Synthetic-scaffolding blame evaluation,"I031, I141",partial execution;human-gated,"I031: Full diagnostic source ownership across generated scaffolding, model, external imports, and ambiguous/absent spans.; I141: Human participants and interface comprehension trials for stale/pending/cancelled/unsupported/approximate states."
K05,Relocation and normalized diagnostic identities,"I059, I101, I123",requested execution not run;partial execution;partial execution,"I059: Mapped hover, definition/reference navigation, semantic tokens, and unavailable imported-source behavior.; I101: Real generated consumer relocation with original producer inaccessible across setup, native libraries, and diagnostics.; I123: Case/Unicode/relative/symlink/hardlink aliases mapped to module/document/cache identity across roots."
K06,Owning range deleted during query,"I021, I029",partial execution;partial execution,"I021: Annotation identity across move, duplicate, split, reorder, and deletion while results remain in flight.; I029: Real projected edits with source-and-projection CAS after unrelated shifting edits and atomic conflict reporting."
K07,Rustfmt and proof-map stability,"I032, I063",partial execution;requested execution not run,"I032: Boundary-edit fuzz on actual annotation grammar plus measured full versus incremental mapping latency.; I063: Real editor autosave/format/watch/build events with loop, duplicate-work, and dirty-buffer controls."
K08,Stable proof identity through model regeneration,"I024, I034, I056, I155",partial execution;partial execution;partial execution;requested integration not run,"I024: Preservation of unsaved authored Lean, formatting, and unsupported text through regeneration and external edits.; I034: Existing-worker remapping across generations and measured stable URI versus generation-path reuse.; I056: Proof-body/statement/helper/model ablation and sound incremental reuse boundaries on real Lean imports.; I155: Rust-host open/change/save/rename/close through hidden Lean document lifecycle and cleanup."
L01,Structured stage results,"I006, I145",partial execution;partial execution,"I006: A structured Charon/Aeneas/Lean adapter contract with injected progress, stdout/stderr contamination, and shared batch/live use.; I145: Full cross-layer identity ablation including Cargo, Charon, Aeneas, LLBC, Lake, import trace, URI/version/worker/RPC."
L02,Backend filesystem-effects inventory,"I006, I113",partial execution;partial execution,"I006: A structured Charon/Aeneas/Lean adapter contract with injected progress, stdout/stderr contamination, and shared batch/live use.; I113: Complete logical/allocated/inode/write/peak-space bill across Rust, LLBC, Lean, Lake, caches, and outside workspace."
L03,Progress independent of UI,"I006, I095",partial execution;partial execution,"I006: A structured Charon/Aeneas/Lean adapter contract with injected progress, stdout/stderr contamination, and shared batch/live use.; I095: Launched-process, read/write, and trace evidence of actual reuse plus effective parallelism controls."
L04,Cancellation abstraction fit,"I007, I105",partial execution;partial execution,"I007: A shared in-flight real backend with per-consumer cancellation and cache reuse ownership, beyond symbolic/fake stages.; I105: Per-stage real process-group cancellation through Cargo/Charon/Aeneas/Lake/Lean and cleanup."
L05,Backend crash/retry reconstruction,"I077, I081, I110",partial execution;toolchain-gated;partial execution,"I077: Charon A/B/A process/library reset after errors/cancel, compiler lifetime, and isolation evidence.; I081: Aeneas same-process A/B/A with changed flags/models/failure/cancel, reset evidence, and fresh-process oracle.; I110: Forced worker/watchdog/Anneal/build-process kills and reconstruction from authoritative inputs."
L06,Backend version/capability negotiation,I156,partial execution,"I156: Versioned tested backend capability descriptors, fallback, and unsupported-call behavior."
L07,Batch shell over shared engine,I157,partial execution,I157: One shared engine exercised by batch and in-process repeated live driver against current CLI/fresh oracle.
L08,Transport-free interactive shell,I157,partial execution,I157: One shared engine exercised by batch and in-process repeated live driver against current CLI/fresh oracle.
L09,Direct Lean backend versus MCP delegation,I072,requested integration not run,"I072: Two independent MCP clients with concurrent calls, cancellation, and consistent shared workspace observations."
L10,Aeneas library embedding,"I081, I086",toolchain-gated;requested execution not run,"I081: Aeneas same-process A/B/A with changed flags/models/failure/cancel, reset evidence, and fresh-process oracle.; I086: Measured in-memory/structured-stream versus serialized LLBC/Lean handoff for copying, diagnostics, cancellation, and evidence cost."
M01,Interactive invariants on upgraded Lean/Lake,"I094, I136, I158",partial execution;partial execution;partial execution,I094: Matched read-only consumer behavior on a deliberately selected later compatible Lean/Lake tuple.; I136: Independent operator/environment reproduction and selected compatible toolchain upgrade matrix.; I158: Retained cross-tool replay suite on selected compatible upgrades with workaround deletion probes.
M02,Minimal interactive upgrade checklist,I158,partial execution,I158: Retained cross-tool replay suite on selected compatible upgrades with workaround deletion probes.
M03,Charon upgrade checklist,I158,partial execution,I158: Retained cross-tool replay suite on selected compatible upgrades with workaround deletion probes.
M04,Aeneas upgrade checklist,I158,partial execution,I158: Retained cross-tool replay suite on selected compatible upgrades with workaround deletion probes.
M05,Golden replay across toolchain tuples,"I136, I158",partial execution;partial execution,I136: Independent operator/environment reproduction and selected compatible toolchain upgrade matrix.; I158: Retained cross-tool replay suite on selected compatible upgrades with workaround deletion probes.
M06,Probes for deleting obsolete workarounds,"I100, I142, I158",partial execution;requested execution not run;partial execution,I100: Trace normalization and source-order mutations beyond one same-mtime stale-output control.; I142: Measured optional-optimization gates against simple baselines and documented invariant/failure costs.; I158: Retained cross-tool replay suite on selected compatible upgrades with workaround deletion probes.
N01,Challenge path-only identity,I159,partial execution,"I159: Twelve falsification controls executed in relevant real harnesses, with strongest simple alternatives and exact preconditions."
N02,Challenge document-version-only identity,I159,partial execution,"I159: Twelve falsification controls executed in relevant real harnesses, with strongest simple alternatives and exact preconditions."
N03,Try supported refresh without restart,I159,partial execution,"I159: Twelve falsification controls executed in relevant real harnesses, with strongest simple alternatives and exact preconditions."
N04,Try one server for conflicting workspaces,I159,partial execution,"I159: Twelve falsification controls executed in relevant real harnesses, with strongest simple alternatives and exact preconditions."
N05,Try shared writable generated build state,I159,partial execution,"I159: Twelve falsification controls executed in relevant real harnesses, with strongest simple alternatives and exact preconditions."
N06,Try artifact-cache-only reconstruction,I159,partial execution,"I159: Twelve falsification controls executed in relevant real harnesses, with strongest simple alternatives and exact preconditions."
N07,Try renaming a prepared generation,I159,partial execution,"I159: Twelve falsification controls executed in relevant real harnesses, with strongest simple alternatives and exact preconditions."
N08,Try generated Lean as canonical proof source,I159,partial execution,"I159: Twelve falsification controls executed in relevant real harnesses, with strongest simple alternatives and exact preconditions."
N09,Try span-only editable-range recovery,I159,partial execution,"I159: Twelve falsification controls executed in relevant real harnesses, with strongest simple alternatives and exact preconditions."
N10,Challenge universal proof-only bypass,I159,partial execution,"I159: Twelve falsification controls executed in relevant real harnesses, with strongest simple alternatives and exact preconditions."
N11,Challenge no-goals-as-success,I159,partial execution,"I159: Twelve falsification controls executed in relevant real harnesses, with strongest simple alternatives and exact preconditions."
N12,Challenge cancellation-only freshness,I159,partial execution,"I159: Twelve falsification controls executed in relevant real harnesses, with strongest simple alternatives and exact preconditions."
O01,Synthesize state machine and invariants,I144,partial execution,"I144: Decision synthesis after remaining experiments: evidence, counterexample, fallback, regression, and v2 interface choice."
O02,Synthesize invalidation matrix,I144,partial execution,"I144: Decision synthesis after remaining experiments: evidence, counterexample, fallback, regression, and v2 interface choice."
O03,Synthesize stable/ephemeral identity model,"I144, I145",partial execution;partial execution,"I144: Decision synthesis after remaining experiments: evidence, counterexample, fallback, regression, and v2 interface choice.; I145: Full cross-layer identity ablation including Cargo, Charon, Aeneas, LLBC, Lake, import trace, URI/version/worker/RPC."
O04,Synthesize ownership/projection contract,I144,partial execution,"I144: Decision synthesis after remaining experiments: evidence, counterexample, fallback, regression, and v2 interface choice."
O05,Synthesize prepared producer/consumer contract,"I144, I150",partial execution;partial execution,"I144: Decision synthesis after remaining experiments: evidence, counterexample, fallback, regression, and v2 interface choice.; I150: All operation-specific prepared inputs for lake serve, setup-file, InfoView/RPC, native/plugin use, and ownership."
O06,Synthesize exact proof-query contract,I144,partial execution,"I144: Decision synthesis after remaining experiments: evidence, counterexample, fallback, regression, and v2 interface choice."
O07,Synthesize MCP semantic API,I144,partial execution,"I144: Decision synthesis after remaining experiments: evidence, counterexample, fallback, regression, and v2 interface choice."
O08,Synthesize LSP semantic API,I144,partial execution,"I144: Decision synthesis after remaining experiments: evidence, counterexample, fallback, regression, and v2 interface choice."
O09,Synthesize measured test-resource architecture,I144,partial execution,"I144: Decision synthesis after remaining experiments: evidence, counterexample, fallback, regression, and v2 interface choice."
O10,Synthesize batch/live equivalence contract,I144,partial execution,"I144: Decision synthesis after remaining experiments: evidence, counterexample, fallback, regression, and v2 interface choice."
