inventory_id,classification,report_md_at_commit,report_json_at_commit,newer_comparison_target
R138,prior_comparison,reports/anneal-3730-compatible-bundle-upgrade-golden-2026-09-29/REPORT.md,reports/anneal-3730-compatible-bundle-upgrade-golden-2026-09-29/REPORT.json,Aeneas nightly-2026.09.30-0855ce1 with its paired Charon e435e5f and Lean 4.31.0; separate standalone Charon comparison.
R182,prior_comparison,reports/anneal-3730-lean-cross-version-equivalence-v4-29-v4-30-rc2-2026-09-29/REPORT.md,reports/anneal-3730-lean-cross-version-equivalence-v4-29-v4-30-rc2-2026-09-29/REPORT.json,Lean/Lake stable v4.34.1; optional prerelease v4.35.0-rc3. Rebuild all OLean/native artifacts.
R196,prior_comparison,reports/anneal-3730-lean-transitive-import-rpc-matrix-2026-09-29/REPORT.md,reports/anneal-3730-lean-transitive-import-rpc-matrix-2026-09-29/REPORT.json,Lean/Lake stable v4.34.1; optional prerelease v4.35.0-rc3. Rebuild all OLean/native artifacts.
R255,prior_comparison,reports/anneal-3731-i062-lean429-version-diff-2026-09-30/REPORT.md,reports/anneal-3731-i062-lean429-version-diff-2026-09-30/REPORT.json,Lean/Lake stable v4.34.1; optional prerelease v4.35.0-rc3. Rebuild all OLean/native artifacts.
R306,source_revision_recheck,reports/anneal-archive-read-only-behavior-main-41f5b37/REPORT.md,reports/anneal-archive-read-only-behavior-main-41f5b37/REPORT.json,Compare named pinned source against the newer upstream source revision; preserve historical claims. Exact current tip/release requires per-repository verification.
R307,source_revision_recheck,reports/anneal-archive-timestamps-lake-reuse-v4-30-0-rc2/REPORT.md,reports/anneal-archive-timestamps-lake-reuse-v4-30-0-rc2/REPORT.json,Compare named pinned source against the newer upstream source revision; preserve historical claims. Exact current tip/release requires per-repository verification.
R308,source_revision_recheck,reports/anneal-cross-tool-error-provenance-specimens-v4-30-0-rc2/REPORT.md,reports/anneal-cross-tool-error-provenance-specimens-v4-30-0-rc2/REPORT.json,Compare named pinned source against the newer upstream source revision; preserve historical claims. Exact current tip/release requires per-repository verification.
R309,source_revision_recheck,reports/anneal-error-provenance-classification-nightly-2026-06-03-v4-30-0-rc2/REPORT.md,reports/anneal-error-provenance-classification-nightly-2026-06-03-v4-30-0-rc2/REPORT.json,Compare named pinned source against the newer upstream source revision; preserve historical claims. Exact current tip/release requires per-repository verification.
R310,source_revision_recheck,reports/anneal-external-crate-diagnostic-source-recovery-nightly-2026-05-31-main-41f5b37/REPORT.md,reports/anneal-external-crate-diagnostic-source-recovery-nightly-2026-05-31-main-41f5b37/REPORT.json,Compare named pinned source against the newer upstream source revision; preserve historical claims. Exact current tip/release requires per-repository verification.
R311,source_revision_recheck,reports/anneal-host-platform-matrix-main-41f5b37/REPORT.md,reports/anneal-host-platform-matrix-main-41f5b37/REPORT.json,Compare named pinned source against the newer upstream source revision; preserve historical claims. Exact current tip/release requires per-repository verification.
R313,source_revision_recheck,reports/anneal-interactive-pipeline-invalidation-graph-main-41f5b37/REPORT.md,reports/anneal-interactive-pipeline-invalidation-graph-main-41f5b37/REPORT.json,Compare named pinned source against the newer upstream source revision; preserve historical claims. Exact current tip/release requires per-repository verification.
R314,source_revision_recheck,reports/anneal-linux-elf-relocation-main-41f5b37/REPORT.md,reports/anneal-linux-elf-relocation-main-41f5b37/REPORT.json,Compare named pinned source against the newer upstream source revision; preserve historical claims. Exact current tip/release requires per-repository verification.
R315,source_revision_recheck,reports/anneal-macos-macho-relocation-main-41f5b37/REPORT.md,reports/anneal-macos-macho-relocation-main-41f5b37/REPORT.json,Compare named pinned source against the newer upstream source revision; preserve historical claims. Exact current tip/release requires per-repository verification.
R316,source_revision_recheck,reports/anneal-nix-fixed-output-downloads-main-41f5b37/REPORT.md,reports/anneal-nix-fixed-output-downloads-main-41f5b37/REPORT.json,Compare named pinned source against the newer upstream source revision; preserve historical claims. Exact current tip/release requires per-repository verification.
R317,source_revision_recheck,reports/anneal-nix-ifd-version-extraction-main-41f5b37/REPORT.md,reports/anneal-nix-ifd-version-extraction-main-41f5b37/REPORT.json,Compare named pinned source against the newer upstream source revision; preserve historical claims. Exact current tip/release requires per-repository verification.
R318,source_revision_recheck,reports/anneal-nix-toolchain-tree-relocation-aarch64-darwin-2026-09-27/REPORT.md,reports/anneal-nix-toolchain-tree-relocation-aarch64-darwin-2026-09-27/REPORT.json,Compare named pinned source against the newer upstream source revision; preserve historical claims. Exact current tip/release requires per-repository verification.
R319,source_revision_recheck,reports/anneal-offline-installation-execution-main-41f5b37/REPORT.md,reports/anneal-offline-installation-execution-main-41f5b37/REPORT.json,Compare named pinned source against the newer upstream source revision; preserve historical claims. Exact current tip/release requires per-repository verification.
R320,source_revision_recheck,reports/anneal-omnibus-archive-byte-reproducibility-main-41f5b37/REPORT.md,reports/anneal-omnibus-archive-byte-reproducibility-main-41f5b37/REPORT.json,Compare named pinned source against the newer upstream source revision; preserve historical claims. Exact current tip/release requires per-repository verification.
R321,source_revision_recheck,reports/anneal-synthesized-scaffolding-diagnostic-provenance-main-41f5b37/REPORT.md,reports/anneal-synthesized-scaffolding-diagnostic-provenance-main-41f5b37/REPORT.json,Compare named pinned source against the newer upstream source revision; preserve historical claims. Exact current tip/release requires per-repository verification.
R322,source_revision_recheck,reports/anneal-toolchain-version-coupling-main-41f5b37/REPORT.md,reports/anneal-toolchain-version-coupling-main-41f5b37/REPORT.json,Compare named pinned source against the newer upstream source revision; preserve historical claims. Exact current tip/release requires per-repository verification.
R323,source_revision_recheck,reports/anneal-v1-abs-end-to-end-fail-closed-controls-2026-09-28/REPORT.md,reports/anneal-v1-abs-end-to-end-fail-closed-controls-2026-09-28/REPORT.json,Compare named pinned source against the newer upstream source revision; preserve historical claims. Exact current tip/release requires per-repository verification.
R324,source_revision_recheck,reports/anneal-v1-annotation-diagnostics-history-2026-09-27/REPORT.md,reports/anneal-v1-annotation-diagnostics-history-2026-09-27/REPORT.json,Compare named pinned source against the newer upstream source revision; preserve historical claims. Exact current tip/release requires per-repository verification.
R325,source_revision_recheck,reports/anneal-v1-clean-workspace-prebuilt-archive-41f5b37/REPORT.md,reports/anneal-v1-clean-workspace-prebuilt-archive-41f5b37/REPORT.json,Compare named pinned source against the newer upstream source revision; preserve historical claims. Exact current tip/release requires per-repository verification.
R326,source_revision_recheck,reports/anneal-v1-contract-mutation-adequacy-2026-09-28/REPORT.md,reports/anneal-v1-contract-mutation-adequacy-2026-09-28/REPORT.json,Compare named pinned source against the newer upstream source revision; preserve historical claims. Exact current tip/release requires per-repository verification.
R327,source_revision_recheck,reports/anneal-v1-coverage-totality-holes-41f5b37/REPORT.md,reports/anneal-v1-coverage-totality-holes-41f5b37/REPORT.json,Compare named pinned source against the newer upstream source revision; preserve historical claims. Exact current tip/release requires per-repository verification.
R328,source_revision_recheck,reports/anneal-v1-end-to-end-pipeline-41f5b37/REPORT.md,reports/anneal-v1-end-to-end-pipeline-41f5b37/REPORT.json,Compare named pinned source against the newer upstream source revision; preserve historical claims. Exact current tip/release requires per-repository verification.
R329,source_revision_recheck,reports/anneal-v1-generated-lean-abi-main-41f5b37/REPORT.md,reports/anneal-v1-generated-lean-abi-main-41f5b37/REPORT.json,Compare named pinned source against the newer upstream source revision; preserve historical claims. Exact current tip/release requires per-repository verification.
R330,source_revision_recheck,reports/anneal-v1-generated-workspace-relocation-probe-2026-09-28/REPORT.md,reports/anneal-v1-generated-workspace-relocation-probe-2026-09-28/REPORT.json,Compare named pinned source against the newer upstream source revision; preserve historical claims. Exact current tip/release requires per-repository verification.
R331,source_revision_recheck,reports/anneal-v1-integration-test-disk-amplification-f98458e/REPORT.md,reports/anneal-v1-integration-test-disk-amplification-f98458e/REPORT.json,Compare named pinned source against the newer upstream source revision; preserve historical claims. Exact current tip/release requires per-repository verification.
R332,source_revision_recheck,reports/anneal-v1-interactive-dependency-invalidation-2026-09-28/REPORT.md,reports/anneal-v1-interactive-dependency-invalidation-2026-09-28/REPORT.json,Compare named pinned source against the newer upstream source revision; preserve historical claims. Exact current tip/release requires per-repository verification.
R333,source_revision_recheck,reports/anneal-v1-issafe-semantic-gaps-41f5b37/REPORT.md,reports/anneal-v1-issafe-semantic-gaps-41f5b37/REPORT.json,Compare named pinned source against the newer upstream source revision; preserve historical claims. Exact current tip/release requires per-repository verification.
R334,source_revision_recheck,reports/anneal-v1-isvalid-unsoundness/REPORT.md,reports/anneal-v1-isvalid-unsoundness/REPORT.json,Compare named pinned source against the newer upstream source revision; preserve historical claims. Exact current tip/release requires per-repository verification.
R335,source_revision_recheck,reports/anneal-v1-lake-relocation-history-2026-09-27/REPORT.md,reports/anneal-v1-lake-relocation-history-2026-09-27/REPORT.json,Compare named pinned source against the newer upstream source revision; preserve historical claims. Exact current tip/release requires per-repository verification.
R336,source_revision_recheck,reports/anneal-v1-lifetime-erasure-soundness-main-41f5b37/REPORT.md,reports/anneal-v1-lifetime-erasure-soundness-main-41f5b37/REPORT.json,Compare named pinned source against the newer upstream source revision; preserve historical claims. Exact current tip/release requires per-repository verification.
R337,source_revision_recheck,reports/anneal-v1-orthogonal-progress-correctness-41f5b37/REPORT.md,reports/anneal-v1-orthogonal-progress-correctness-41f5b37/REPORT.json,Compare named pinned source against the newer upstream source revision; preserve historical claims. Exact current tip/release requires per-repository verification.
R338,source_revision_recheck,reports/anneal-v1-proof-split-and-concat-slices-2026-09-27/REPORT.md,reports/anneal-v1-proof-split-and-concat-slices-2026-09-27/REPORT.json,Compare named pinned source against the newer upstream source revision; preserve historical claims. Exact current tip/release requires per-repository verification.
R339,source_revision_recheck,reports/anneal-v1-source-scanner-versus-rustc-main-41f5b37/REPORT.md,reports/anneal-v1-source-scanner-versus-rustc-main-41f5b37/REPORT.json,Compare named pinned source against the newer upstream source revision; preserve historical claims. Exact current tip/release requires per-repository verification.
R340,source_revision_recheck,reports/anneal-v1-unsafe-axiom-semantics-41f5b37/REPORT.md,reports/anneal-v1-unsafe-axiom-semantics-41f5b37/REPORT.json,Compare named pinned source against the newer upstream source revision; preserve historical claims. Exact current tip/release requires per-repository verification.
R341,source_revision_recheck,reports/anneal-v2-cargo-root-selection-multipackage-2026-09-29/REPORT.md,reports/anneal-v2-cargo-root-selection-multipackage-2026-09-29/REPORT.json,Compare named pinned source against the newer upstream source revision; preserve historical claims. Exact current tip/release requires per-repository verification.
R342,source_revision_recheck,reports/anneal-v2-current-source-surface-main-bd0956b-2026-09-29/REPORT.md,reports/anneal-v2-current-source-surface-main-bd0956b-2026-09-29/REPORT.json,Compare named pinned source against the newer upstream source revision; preserve historical claims. Exact current tip/release requires per-repository verification.
R343,source_revision_recheck,reports/anneal-v2-feature-subject-slug-collision-2026-09-29/REPORT.md,reports/anneal-v2-feature-subject-slug-collision-2026-09-29/REPORT.json,Compare named pinned source against the newer upstream source revision; preserve historical claims. Exact current tip/release requires per-repository verification.
R344,source_revision_recheck,reports/anneal-v2-profile-cfg-subject-slug-collision-2026-09-29/REPORT.md,reports/anneal-v2-profile-cfg-subject-slug-collision-2026-09-29/REPORT.json,Compare named pinned source against the newer upstream source revision; preserve historical claims. Exact current tip/release requires per-repository verification.
R346,source_revision_recheck,reports/buck-to-buck2-one-graph-rewrite-2013-2026/REPORT.md,reports/buck-to-buck2-one-graph-rewrite-2013-2026/REPORT.json,Compare named pinned source against the newer upstream source revision; preserve historical claims. Exact current tip/release requires per-repository verification.
R351,source_revision_recheck,reports/cargo-rustc-cache-reuse-extraction-boundaries-2016-2026/REPORT.md,reports/cargo-rustc-cache-reuse-extraction-boundaries-2016-2026/REPORT.json,Compare named pinned source against the newer upstream source revision; preserve historical claims. Exact current tip/release requires per-repository verification.
R368,prior_comparison,reports/charon-llbc-output-goldens-and-revision-diffs-2026-09-27/REPORT.md,reports/charon-llbc-output-goldens-and-revision-diffs-2026-09-27/REPORT.json,Aeneas nightly-2026.09.30-0855ce1 with its paired Charon e435e5f and Lean 4.31.0; separate standalone Charon comparison.
R383,source_revision_recheck,reports/clangd-authority-freshness-2017-2026/REPORT.md,reports/clangd-authority-freshness-2017-2026/REPORT.json,Compare named pinned source against the newer upstream source revision; preserve historical claims. Exact current tip/release requires per-repository verification.
R386,source_revision_recheck,reports/coq-rocq-stm-serapi-fleche-architecture-2013-2026/REPORT.md,reports/coq-rocq-stm-serapi-fleche-architecture-2013-2026/REPORT.json,Compare named pinned source against the newer upstream source revision; preserve historical claims. Exact current tip/release requires per-repository verification.
R389,source_revision_recheck,reports/dafny-boogie-viper-obligation-boundaries-2005-2026/REPORT.md,reports/dafny-boogie-viper-obligation-boundaries-2005-2026/REPORT.json,Compare named pinned source against the newer upstream source revision; preserve historical claims. Exact current tip/release requires per-repository verification.
R393,source_revision_recheck,reports/exocrate-archive-extraction-security-main-41f5b37/REPORT.md,reports/exocrate-archive-extraction-security-main-41f5b37/REPORT.json,Compare named pinned source against the newer upstream source revision; preserve historical claims. Exact current tip/release requires per-repository verification.
R394,source_revision_recheck,reports/exocrate-atomic-staging-rename-main-41f5b37/REPORT.md,reports/exocrate-atomic-staging-rename-main-41f5b37/REPORT.json,Compare named pinned source against the newer upstream source revision; preserve historical claims. Exact current tip/release requires per-repository verification.
R395,source_revision_recheck,reports/exocrate-cache-version-identity-main-41f5b37/REPORT.md,reports/exocrate-cache-version-identity-main-41f5b37/REPORT.json,Compare named pinned source against the newer upstream source revision; preserve historical claims. Exact current tip/release requires per-repository verification.
R396,source_revision_recheck,reports/exocrate-install-state-machine-source-review-2026-09-27/REPORT.md,reports/exocrate-install-state-machine-source-review-2026-09-27/REPORT.json,Compare named pinned source against the newer upstream source revision; preserve historical claims. Exact current tip/release requires per-repository verification.
R397,source_revision_recheck,reports/exocrate-local-archive-trust-checksum-main-41f5b37/REPORT.md,reports/exocrate-local-archive-trust-checksum-main-41f5b37/REPORT.json,Compare named pinned source against the newer upstream source revision; preserve historical claims. Exact current tip/release requires per-repository verification.
R398,source_revision_recheck,reports/exocrate-remote-archive-checksum-main-41f5b37/REPORT.md,reports/exocrate-remote-archive-checksum-main-41f5b37/REPORT.json,Compare named pinned source against the newer upstream source revision; preserve historical claims. Exact current tip/release requires per-repository verification.
R400,source_revision_recheck,reports/fstar-extensible-proof-automation-trust-boundaries-2019-2026/REPORT.md,reports/fstar-extensible-proof-automation-trust-boundaries-2019-2026/REPORT.json,Compare named pinned source against the newer upstream source revision; preserve historical claims. Exact current tip/release requires per-repository verification.
R404,source_revision_recheck,reports/gopls-snapshots-views-workspace-evolution-2018-2026/REPORT.md,reports/gopls-snapshots-views-workspace-evolution-2018-2026/REPORT.json,Compare named pinned source against the newer upstream source revision; preserve historical claims. Exact current tip/release requires per-repository verification.
R405,source_revision_recheck,reports/haskell-ide-lineage-environment-graph-boundaries-2017-2026/REPORT.md,reports/haskell-ide-lineage-environment-graph-boundaries-2017-2026/REPORT.json,Compare named pinned source against the newer upstream source revision; preserve historical claims. Exact current tip/release requires per-repository verification.
R410,source_revision_recheck,reports/kotlin-swift-compiler-backed-ide-boundaries-2021-2026/REPORT.md,reports/kotlin-swift-compiler-backed-ide-boundaries-2021-2026/REPORT.json,Compare named pinned source against the newer upstream source revision; preserve historical claims. Exact current tip/release requires per-repository verification.
R423,prior_comparison,reports/lake-configuration-ownership-v4-31-0/REPORT.md,reports/lake-configuration-ownership-v4-31-0/REPORT.json,Lean/Lake stable v4.34.1; optional prerelease v4.35.0-rc3. Rebuild all OLean/native artifacts.
R447,prior_comparison,reports/lean-compilation-reproducibility-cross-version-v4-29-v4-30/REPORT.md,reports/lean-compilation-reproducibility-cross-version-v4-29-v4-30/REPORT.json,Lean/Lake stable v4.34.1; optional prerelease v4.35.0-rc3. Rebuild all OLean/native artifacts.
R456,prior_comparison,reports/lean-import-refresh-cross-version-v4-29-to-v4-30-rc2/REPORT.md,reports/lean-import-refresh-cross-version-v4-29-to-v4-30-rc2/REPORT.json,Lean/Lake stable v4.34.1; optional prerelease v4.35.0-rc3. Rebuild all OLean/native artifacts.
R462,prior_comparison,reports/lean-lsp-cross-version-goal-completion-v4-30-0-rc2/REPORT.md,reports/lean-lsp-cross-version-goal-completion-v4-30-0-rc2/REPORT.json,Lean/Lake stable v4.34.1; optional prerelease v4.35.0-rc3. Rebuild all OLean/native artifacts.
R491,prior_comparison,reports/leantar-archive-format-v0-1-16-v0-1-19/REPORT.md,reports/leantar-archive-format-v0-1-16-v0-1-19/REPORT.json,"Compare leantar bundled with Lean v4.34.1, optionally v4.35.0-rc3; verify its component version."
R494,source_revision_recheck,reports/make-ninja-narrow-build-tool-boundaries-1979-2026/REPORT.md,reports/make-ninja-narrow-build-tool-boundaries-1979-2026/REPORT.json,Compare named pinned source against the newer upstream source revision; preserve historical claims. Exact current tip/release requires per-repository verification.
R501,source_revision_recheck,reports/netstack3-architecture-evolution-2019-2026/REPORT.md,reports/netstack3-architecture-evolution-2019-2026/REPORT.json,Compare named pinned source against the newer upstream source revision; preserve historical claims. Exact current tip/release requires per-repository verification.
R502,source_revision_recheck,reports/nix-guix-functional-deployment-roots-2007-2026/REPORT.md,reports/nix-guix-functional-deployment-roots-2007-2026/REPORT.json,Compare named pinned source against the newer upstream source revision; preserve historical claims. Exact current tip/release requires per-repository verification.
R503,source_revision_recheck,reports/nix-guix-immutable-closures-mutable-roots-2004-2026/REPORT.md,reports/nix-guix-immutable-closures-mutable-roots-2004-2026/REPORT.json,Compare named pinned source against the newer upstream source revision; preserve historical claims. Exact current tip/release requires per-repository verification.
R506,source_revision_recheck,reports/persistent-data-structures-snapshot-space-costs-1989-2026/REPORT.md,reports/persistent-data-structures-snapshot-space-costs-1989-2026/REPORT.json,Compare named pinned source against the newer upstream source revision; preserve historical claims. Exact current tip/release requires per-repository verification.
R507,source_revision_recheck,reports/proof-maintenance-architectures-sel4-compcert-everest-2009-2026/REPORT.md,reports/proof-maintenance-architectures-sel4-compcert-everest-2009-2026/REPORT.json,Compare named pinned source against the newer upstream source revision; preserve historical claims. Exact current tip/release requires per-repository verification.
R510,source_revision_recheck,reports/reconciliation-event-hints-repair-loops-2005-2026/REPORT.md,reports/reconciliation-event-hints-repair-loops-2005-2026/REPORT.json,Compare named pinned source against the newer upstream source revision; preserve historical claims. Exact current tip/release requires per-repository verification.
R511,source_revision_recheck,reports/redleaf-mixed-language-isolation-boundaries-2020-2026/REPORT.md,reports/redleaf-mixed-language-isolation-boundaries-2020-2026/REPORT.json,Compare named pinned source against the newer upstream source revision; preserve historical claims. Exact current tip/release requires per-repository verification.
R513,source_revision_recheck,reports/rls-rust-analyzer-architecture-evolution-2015-2026/REPORT.md,reports/rls-rust-analyzer-architecture-evolution-2015-2026/REPORT.json,Compare named pinned source against the newer upstream source revision; preserve historical claims. Exact current tip/release requires per-repository verification.
R514,source_revision_recheck,reports/rls-rust-analyzer-architecture-transition-2015-2026/REPORT.md,reports/rls-rust-analyzer-architecture-transition-2015-2026/REPORT.json,Compare named pinned source against the newer upstream source revision; preserve historical claims. Exact current tip/release requires per-repository verification.
R515,source_revision_recheck,reports/rls-to-rust-analyzer-editor-engine-history-2015-2026/REPORT.md,reports/rls-to-rust-analyzer-editor-engine-history-2015-2026/REPORT.json,Compare named pinned source against the newer upstream source revision; preserve historical claims. Exact current tip/release requires per-repository verification.
R516,source_revision_recheck,reports/roslyn-immutable-snapshots-workspace-boundaries-2012-2026/REPORT.md,reports/roslyn-immutable-snapshots-workspace-boundaries-2012-2026/REPORT.json,Compare named pinned source against the newer upstream source revision; preserve historical claims. Exact current tip/release requires per-repository verification.
R533,prior_comparison,reports/rust-llbc-lean-golden-and-aeneas-revision-probes-2026-09-28/REPORT.md,reports/rust-llbc-lean-golden-and-aeneas-revision-probes-2026-09-28/REPORT.json,Aeneas nightly-2026.09.30-0855ce1 with its paired Charon e435e5f and Lean 4.31.0; separate standalone Charon comparison.
R566,source_revision_recheck,reports/salsa-rustc-query-granularity-2016-2026/REPORT.md,reports/salsa-rustc-query-granularity-2016-2026/REPORT.json,Compare named pinned source against the newer upstream source revision; preserve historical claims. Exact current tip/release requires per-repository verification.
R571,source_revision_recheck,reports/tock-asterinas-safe-interface-boundaries-2015-2026/REPORT.md,reports/tock-asterinas-safe-interface-boundaries-2015-2026/REPORT.json,Compare named pinned source against the newer upstream source revision; preserve historical claims. Exact current tip/release requires per-repository verification.
R572,source_revision_recheck,reports/tock-asterinas-safe-interface-boundaries-2017-2026/REPORT.md,reports/tock-asterinas-safe-interface-boundaries-2017-2026/REPORT.json,Compare named pinned source against the newer upstream source revision; preserve historical claims. Exact current tip/release requires per-repository verification.
R573,source_revision_recheck,reports/tock-asterinas-trusted-mechanism-boundaries-2017-2026/REPORT.md,reports/tock-asterinas-trusted-mechanism-boundaries-2017-2026/REPORT.json,Compare named pinned source against the newer upstream source revision; preserve historical claims. Exact current tip/release requires per-repository verification.
R574,source_revision_recheck,reports/toolchain-archive-semantic-equivalence-procedure-main-41f5b37/REPORT.md,reports/toolchain-archive-semantic-equivalence-procedure-main-41f5b37/REPORT.json,Compare named pinned source against the newer upstream source revision; preserve historical claims. Exact current tip/release requires per-repository verification.
R576,source_revision_recheck,reports/typescript-host-owned-language-world-2014-2026/REPORT.md,reports/typescript-host-owned-language-world-2014-2026/REPORT.json,Compare named pinned source against the newer upstream source revision; preserve historical claims. Exact current tip/release requires per-repository verification.
R580,source_revision_recheck,reports/zerocopy-ffi-primitives-main-41f5b37/REPORT.md,reports/zerocopy-ffi-primitives-main-41f5b37/REPORT.json,Compare named pinned source against the newer upstream source revision; preserve historical claims. Exact current tip/release requires per-repository verification.
