version,generation,interface,rc,value,axiom_free,goal_count,olean_sha256
v4.29.0,clean,direct batch,0,7,True,,f325eef7ec1d358718996207a81494ee92c3ec9d3cd4285e5ab8f0cb2520143d
v4.29.0,clean,lake-env batch,0,7,True,,f325eef7ec1d358718996207a81494ee92c3ec9d3cd4285e5ab8f0cb2520143d
v4.29.0,clean,direct live,0,7,True,0,f325eef7ec1d358718996207a81494ee92c3ec9d3cd4285e5ab8f0cb2520143d
v4.29.0,clean,lake-env live,0,7,True,0,f325eef7ec1d358718996207a81494ee92c3ec9d3cd4285e5ab8f0cb2520143d
v4.29.0,clean,lake-serve live,0,7,True,0,f325eef7ec1d358718996207a81494ee92c3ec9d3cd4285e5ab8f0cb2520143d
v4.29.0,prepared,direct batch,0,7,True,,f325eef7ec1d358718996207a81494ee92c3ec9d3cd4285e5ab8f0cb2520143d
v4.29.0,prepared,lake-env batch,0,7,True,,f325eef7ec1d358718996207a81494ee92c3ec9d3cd4285e5ab8f0cb2520143d
v4.29.0,prepared,direct live,0,7,True,0,f325eef7ec1d358718996207a81494ee92c3ec9d3cd4285e5ab8f0cb2520143d
v4.29.0,prepared,lake-env live,0,7,True,0,f325eef7ec1d358718996207a81494ee92c3ec9d3cd4285e5ab8f0cb2520143d
v4.29.0,prepared,lake-serve live,0,7,True,0,f325eef7ec1d358718996207a81494ee92c3ec9d3cd4285e5ab8f0cb2520143d
v4.29.0,source_only,direct batch,0,7,True,,f325eef7ec1d358718996207a81494ee92c3ec9d3cd4285e5ab8f0cb2520143d
v4.29.0,source_only,lake batch,0,7,True,,f325eef7ec1d358718996207a81494ee92c3ec9d3cd4285e5ab8f0cb2520143d
v4.29.0,source_only,direct live,0,9,False,1,64adab27bfe2eaa6c5c7e0bbd719478b1dbba77b48ac5f1679075fb7916fbed5
v4.29.0,source_only,lake-env live,0,9,False,1,64adab27bfe2eaa6c5c7e0bbd719478b1dbba77b48ac5f1679075fb7916fbed5
v4.29.0,source_only,lake-serve live,0,9,False,1,64adab27bfe2eaa6c5c7e0bbd719478b1dbba77b48ac5f1679075fb7916fbed5
v4.29.0,artifact_only,direct batch,1,9,False,,f1389a240dafcea9b8cf03956cb7f877b356911b32ce4646b3b046ace5cac621
v4.29.0,artifact_only,lake batch,1,9,False,,f1389a240dafcea9b8cf03956cb7f877b356911b32ce4646b3b046ace5cac621
v4.30.0-rc2,clean,direct batch,0,7,True,,3f03e66c934405d32f94a087c91e19021d71078cae3e8e33d7d9eadd3e415772
v4.30.0-rc2,clean,lake-env batch,0,7,True,,3f03e66c934405d32f94a087c91e19021d71078cae3e8e33d7d9eadd3e415772
v4.30.0-rc2,clean,direct live,0,7,True,0,3f03e66c934405d32f94a087c91e19021d71078cae3e8e33d7d9eadd3e415772
v4.30.0-rc2,clean,lake-env live,0,7,True,0,3f03e66c934405d32f94a087c91e19021d71078cae3e8e33d7d9eadd3e415772
v4.30.0-rc2,clean,lake-serve live,0,7,True,0,3f03e66c934405d32f94a087c91e19021d71078cae3e8e33d7d9eadd3e415772
v4.30.0-rc2,prepared,direct batch,0,7,True,,3f03e66c934405d32f94a087c91e19021d71078cae3e8e33d7d9eadd3e415772
v4.30.0-rc2,prepared,lake-env batch,0,7,True,,3f03e66c934405d32f94a087c91e19021d71078cae3e8e33d7d9eadd3e415772
v4.30.0-rc2,prepared,direct live,0,7,True,0,3f03e66c934405d32f94a087c91e19021d71078cae3e8e33d7d9eadd3e415772
v4.30.0-rc2,prepared,lake-env live,0,7,True,0,3f03e66c934405d32f94a087c91e19021d71078cae3e8e33d7d9eadd3e415772
v4.30.0-rc2,prepared,lake-serve live,0,7,True,0,3f03e66c934405d32f94a087c91e19021d71078cae3e8e33d7d9eadd3e415772
v4.30.0-rc2,source_only,direct batch,0,7,True,,3f03e66c934405d32f94a087c91e19021d71078cae3e8e33d7d9eadd3e415772
v4.30.0-rc2,source_only,lake batch,0,7,True,,3f03e66c934405d32f94a087c91e19021d71078cae3e8e33d7d9eadd3e415772
v4.30.0-rc2,source_only,direct live,0,9,False,1,be364799ebb99eb2b6ce3afc42b13f7a1ca77331dd393236bd88e510abfcb368
v4.30.0-rc2,source_only,lake-env live,0,9,False,1,be364799ebb99eb2b6ce3afc42b13f7a1ca77331dd393236bd88e510abfcb368
v4.30.0-rc2,source_only,lake-serve live,0,9,False,1,be364799ebb99eb2b6ce3afc42b13f7a1ca77331dd393236bd88e510abfcb368
v4.30.0-rc2,artifact_only,direct batch,1,9,False,,0f0fbd523ef1ce3fce88465a688f7a786beb38969ff690b97c51778d5da30ec0
v4.30.0-rc2,artifact_only,lake batch,1,9,False,,0f0fbd523ef1ce3fce88465a688f7a786beb38969ff690b97c51778d5da30ec0
