path,sha256
reports/anneal-3730-3731-final-coverage-audit-2026-09-29-v42/REPORT.json,d7c643d00decfd4d8b8ab8d4fef942506cbce289472f7b9c8bf458fbd8006258
reports/anneal-3730-3731-final-coverage-audit-2026-09-29-v42/REPORT.md,5d6961296e88c774e7e35d222b25073d6bd16cda2e73b0239eba8ed3e6fbf176
reports/anneal-3730-3731-final-coverage-audit-2026-09-29-v42/support/3730-crosswalk-final-v42.csv,4173632e315096bcb9bb985309eec39c883efb112a90c96c81543d109cbd1378
reports/anneal-3730-3731-final-coverage-audit-2026-09-29-v42/support/build_audit.py,2f42556e7498d570a1fa0b1c2ef96ee1de73db0410a2d9090448d4db24405b0c
reports/anneal-3730-3731-final-coverage-audit-2026-09-29-v42/support/check.py,06468785df2f7a231c06a3ce5c88fa6fbf6b9e15b37c25be4f1fbf1313f57bb3
reports/anneal-3730-3731-final-coverage-audit-2026-09-29-v42/support/investigation-final-v42.csv,571c01e4dcbd16ad0dd242e3a42b517f3f8024d1207ed5822b4d5d5b13d2225b
reports/anneal-3730-3731-final-coverage-audit-2026-09-29-v42/support/live-issue-snapshot-v42.json,39991285f042ecbb9698309d067a49a72a2422f5e831cf6589ca6396e24051b4
reports/anneal-3730-3731-final-coverage-audit-2026-09-29-v42/support/row-challenge-v42.json,ef8779ed218dbe7f8a77c278e0960ccb2e1ed3d59d6c3b02f732b291cbcc6db4
reports/anneal-3730-3731-final-coverage-audit-2026-09-29-v42/support/source-package-inventory-v42.csv,4fa5d2a58cc1fcc2dcba7812b05e89a7b48cdc3cdb2f719a9699b1bfec9fc217
reports/anneal-3730-3731-final-coverage-audit-2026-09-29-v42/support/validation-v42.json,c72c5f26c7a20b2df3b1a1aaa642e91e8808cfbc7f5101b2a895d4c1c7cf1c11
reports/anneal-3731-lake-nested-constructor-goal-positions-v4-30-0-rc2/REPORT.json,e5d2a826e699d623dcbd4a30f6e37e6b8e9e1b695913686fa18da1ac00a7cbc9
reports/anneal-3731-lake-nested-constructor-goal-positions-v4-30-0-rc2/REPORT.md,9ecc7b9387bed19d113a99ba576cdf74ec6daa240445522eb03ceab200d6e69f
reports/anneal-3731-lake-nested-constructor-goal-positions-v4-30-0-rc2/support/check.py,af2acd4a3ba8dc171699c6cf55030468e80ef700eb76986a46c00331a0adf03b
reports/anneal-3731-lake-nested-constructor-goal-positions-v4-30-0-rc2/support/fixture/Dep.lean,15bbf60d162408dade43c6e618dd0d09b28c8fdeb7528c80e40329908f12b7a2
reports/anneal-3731-lake-nested-constructor-goal-positions-v4-30-0-rc2/support/fixture/Proof.lean,e1d44d975ce6c8c1c5a0ddb29732a59dcf02a50cb97756f1d60d7e013eb3e1a1
reports/anneal-3731-lake-nested-constructor-goal-positions-v4-30-0-rc2/support/probe.py,1ef7547483edd5cf5830a62f1275c7fd356ad8fd50e76d5484a7f235a3f9dc43
reports/anneal-3731-lake-nested-constructor-goal-positions-v4-30-0-rc2/support/results.json,821402691c13066d19146d766eae67666c2ce3c018e208aa5e640d80bbefa881
